"CpG_ID","N_samples_imputed","Pct_samples_imputed"
"cg00000289",1,4.76190476190476
"cg00002979",2,9.52380952380952
"cg00004421",1,4.76190476190476
"cg00006472",1,4.76190476190476
"cg00009352",6,28.5714285714286
"cg00010743",2,9.52380952380952
"cg00011277",1,4.76190476190476
"cg00012077",1,4.76190476190476
"cg00013952",2,9.52380952380952
"cg00014638",1,4.76190476190476
"cg00015987",1,4.76190476190476
"cg00017059",1,4.76190476190476
"cg00019589",9,42.8571428571429
"cg00020877",5,23.8095238095238
"cg00022938",2,9.52380952380952
"cg00023304",3,14.2857142857143
"cg00025779",1,4.76190476190476
"cg00026557",9,42.8571428571429
"cg00033710",3,14.2857142857143
"cg00041585",3,14.2857142857143
"cg00049220",3,14.2857142857143
"cg00050873",6,28.5714285714286
"cg00054572",1,4.76190476190476
"cg00055617",1,4.76190476190476
"cg00056325",1,4.76190476190476
"cg00056468",1,4.76190476190476
"cg00057265",1,4.76190476190476
"cg00061551",11,52.3809523809524
"cg00063477",4,19.047619047619
"cg00066022",1,4.76190476190476
"cg00070165",6,28.5714285714286
"cg00071863",3,14.2857142857143
"cg00075402",1,4.76190476190476
"cg00075675",1,4.76190476190476
"cg00075726",5,23.8095238095238
"cg00079898",2,9.52380952380952
"cg00082194",1,4.76190476190476
"cg00083721",2,9.52380952380952
"cg00093888",1,4.76190476190476
"cg00094095",1,4.76190476190476
"cg00100549",1,4.76190476190476
"cg00100844",1,4.76190476190476
"cg00103243",1,4.76190476190476
"cg00107682",1,4.76190476190476
"cg00113911",1,4.76190476190476
"cg00116583",2,9.52380952380952
"cg00117961",8,38.0952380952381
"cg00120118",2,9.52380952380952
"cg00121626",6,28.5714285714286
"cg00123128",4,19.047619047619
"cg00123225",1,4.76190476190476
"cg00127036",2,9.52380952380952
"cg00127560",5,23.8095238095238
"cg00127664",2,9.52380952380952
"cg00132045",1,4.76190476190476
"cg00134134",1,4.76190476190476
"cg00139234",2,9.52380952380952
"cg00140754",1,4.76190476190476
"cg00144201",2,9.52380952380952
"cg00144814",3,14.2857142857143
"cg00149452",2,9.52380952380952
"cg00149463",2,9.52380952380952
"cg00150807",2,9.52380952380952
"cg00151102",13,61.9047619047619
"cg00153990",1,4.76190476190476
"cg00156633",1,4.76190476190476
"cg00158735",10,47.6190476190476
"cg00160872",3,14.2857142857143
"cg00161189",1,4.76190476190476
"cg00162383",6,28.5714285714286
"cg00163040",15,71.4285714285714
"cg00164586",1,4.76190476190476
"cg00165615",4,19.047619047619
"cg00168423",1,4.76190476190476
"cg00172189",1,4.76190476190476
"cg00178279",1,4.76190476190476
"cg00183450",2,9.52380952380952
"cg00184005",1,4.76190476190476
"cg00184907",3,14.2857142857143
"cg00185747",3,14.2857142857143
"cg00185796",1,4.76190476190476
"cg00188351",11,52.3809523809524
"cg00198498",2,9.52380952380952
"cg00200170",1,4.76190476190476
"cg00200283",3,14.2857142857143
"cg00201552",1,4.76190476190476
"cg00201945",1,4.76190476190476
"cg00202819",1,4.76190476190476
"cg00202913",1,4.76190476190476
"cg00203621",13,61.9047619047619
"cg00211215",3,14.2857142857143
"cg00212022",5,23.8095238095238
"cg00212031",6,28.5714285714286
"cg00213177",2,9.52380952380952
"cg00213748",7,33.3333333333333
"cg00219947",1,4.76190476190476
"cg00220294",1,4.76190476190476
"cg00221525",3,14.2857142857143
"cg00221788",2,9.52380952380952
"cg00225902",1,4.76190476190476
"cg00226689",1,4.76190476190476
"cg00229192",1,4.76190476190476
"cg00229502",3,14.2857142857143
"cg00234248",1,4.76190476190476
"cg00234645",3,14.2857142857143
"cg00239700",2,9.52380952380952
"cg00241002",1,4.76190476190476
"cg00245685",10,47.6190476190476
"cg00245945",2,9.52380952380952
"cg00248776",1,4.76190476190476
"cg00249891",1,4.76190476190476
"cg00253126",2,9.52380952380952
"cg00254204",1,4.76190476190476
"cg00256329",7,33.3333333333333
"cg00262489",1,4.76190476190476
"cg00264464",2,9.52380952380952
"cg00265575",1,4.76190476190476
"cg00269900",2,9.52380952380952
"cg00271171",9,42.8571428571429
"cg00271873",3,14.2857142857143
"cg00272582",7,33.3333333333333
"cg00272903",4,19.047619047619
"cg00275449",1,4.76190476190476
"cg00277065",4,19.047619047619
"cg00279814",7,33.3333333333333
"cg00280142",4,19.047619047619
"cg00280728",1,4.76190476190476
"cg00281375",6,28.5714285714286
"cg00286181",3,14.2857142857143
"cg00290224",16,76.1904761904762
"cg00290795",4,19.047619047619
"cg00293330",8,38.0952380952381
"cg00297966",1,4.76190476190476
"cg00301902",1,4.76190476190476
"cg00308367",6,28.5714285714286
"cg00310125",2,9.52380952380952
"cg00314260",1,4.76190476190476
"cg00315736",4,19.047619047619
"cg00321286",2,9.52380952380952
"cg00321682",3,14.2857142857143
"cg00322133",1,4.76190476190476
"cg00325112",11,52.3809523809524
"cg00325272",2,9.52380952380952
"cg00329166",1,4.76190476190476
"cg00330542",4,19.047619047619
"cg00336022",14,66.6666666666667
"cg00336168",1,4.76190476190476
"cg00339008",7,33.3333333333333
"cg00339240",6,28.5714285714286
"cg00339396",1,4.76190476190476
"cg00342233",1,4.76190476190476
"cg00347741",1,4.76190476190476
"cg00347921",1,4.76190476190476
"cg00350284",7,33.3333333333333
"cg00350932",8,38.0952380952381
"cg00356643",3,14.2857142857143
"cg00358459",1,4.76190476190476
"cg00359216",1,4.76190476190476
"cg00362113",1,4.76190476190476
"cg00368414",3,14.2857142857143
"cg00369165",14,66.6666666666667
"cg00369166",1,4.76190476190476
"cg00369990",1,4.76190476190476
"cg00375389",4,19.047619047619
"cg00378473",1,4.76190476190476
"cg00379649",1,4.76190476190476
"cg00380209",5,23.8095238095238
"cg00380931",8,38.0952380952381
"cg00381473",1,4.76190476190476
"cg00383938",2,9.52380952380952
"cg00387287",2,9.52380952380952
"cg00387872",1,4.76190476190476
"cg00389259",1,4.76190476190476
"cg00391990",1,4.76190476190476
"cg00394381",7,33.3333333333333
"cg00401101",2,9.52380952380952
"cg00401276",1,4.76190476190476
"cg00401797",1,4.76190476190476
"cg00402357",2,9.52380952380952
"cg00408260",1,4.76190476190476
"cg00409537",6,28.5714285714286
"cg00409905",1,4.76190476190476
"cg00413063",1,4.76190476190476
"cg00415071",3,14.2857142857143
"cg00418160",1,4.76190476190476
"cg00418313",1,4.76190476190476
"cg00418528",1,4.76190476190476
"cg00419897",1,4.76190476190476
"cg00422975",3,14.2857142857143
"cg00426518",1,4.76190476190476
"cg00426544",3,14.2857142857143
"cg00432328",1,4.76190476190476
"cg00434475",6,28.5714285714286
"cg00435408",1,4.76190476190476
"cg00436969",1,4.76190476190476
"cg00439230",1,4.76190476190476
"cg00443133",1,4.76190476190476
"cg00449930",1,4.76190476190476
"cg00457913",1,4.76190476190476
"cg00458607",3,14.2857142857143
"cg00459354",1,4.76190476190476
"cg00461890",1,4.76190476190476
"cg00462688",4,19.047619047619
"cg00465079",1,4.76190476190476
"cg00469329",1,4.76190476190476
"cg00469867",2,9.52380952380952
"cg00470154",2,9.52380952380952
"cg00471617",1,4.76190476190476
"cg00472914",1,4.76190476190476
"cg00475235",4,19.047619047619
"cg00477377",3,14.2857142857143
"cg00479827",7,33.3333333333333
"cg00482267",4,19.047619047619
"cg00483546",10,47.6190476190476
"cg00483729",4,19.047619047619
"cg00484861",4,19.047619047619
"cg00488012",2,9.52380952380952
"cg00494911",1,4.76190476190476
"cg00499201",1,4.76190476190476
"cg00500551",1,4.76190476190476
"cg00503760",1,4.76190476190476
"cg00504075",1,4.76190476190476
"cg00507564",1,4.76190476190476
"cg00507953",1,4.76190476190476
"cg00513805",1,4.76190476190476
"cg00514511",3,14.2857142857143
"cg00519427",1,4.76190476190476
"cg00520595",4,19.047619047619
"cg00523555",1,4.76190476190476
"cg00524818",2,9.52380952380952
"cg00527195",1,4.76190476190476
"cg00528241",5,23.8095238095238
"cg00529656",10,47.6190476190476
"cg00532778",2,9.52380952380952
"cg00535029",1,4.76190476190476
"cg00537045",1,4.76190476190476
"cg00542604",1,4.76190476190476
"cg00543286",4,19.047619047619
"cg00552735",4,19.047619047619
"cg00554165",3,14.2857142857143
"cg00555479",2,9.52380952380952
"cg00555874",1,4.76190476190476
"cg00559081",1,4.76190476190476
"cg00561395",1,4.76190476190476
"cg00564612",1,4.76190476190476
"cg00564790",1,4.76190476190476
"cg00565163",2,9.52380952380952
"cg00567588",1,4.76190476190476
"cg00569850",2,9.52380952380952
"cg00574023",8,38.0952380952381
"cg00574800",2,9.52380952380952
"cg00576632",4,19.047619047619
"cg00582542",1,4.76190476190476
"cg00582557",5,23.8095238095238
"cg00583022",1,4.76190476190476
"cg00585031",1,4.76190476190476
"cg00586317",1,4.76190476190476
"cg00590602",8,38.0952380952381
"cg00591890",2,9.52380952380952
"cg00592233",4,19.047619047619
"cg00592315",1,4.76190476190476
"cg00592410",1,4.76190476190476
"cg00592598",13,61.9047619047619
"cg00593340",1,4.76190476190476
"cg00600261",12,57.1428571428571
"cg00601174",1,4.76190476190476
"cg00601186",6,28.5714285714286
"cg00603890",2,9.52380952380952
"cg00603908",2,9.52380952380952
"cg00604334",1,4.76190476190476
"cg00606697",1,4.76190476190476
"cg00607832",11,52.3809523809524
"cg00608216",3,14.2857142857143
"cg00612979",10,47.6190476190476
"cg00618271",12,57.1428571428571
"cg00619733",5,23.8095238095238
"cg00620547",8,38.0952380952381
"cg00620801",3,14.2857142857143
"cg00624146",1,4.76190476190476
"cg00624997",19,90.4761904761905
"cg00625211",1,4.76190476190476
"cg00626234",2,9.52380952380952
"cg00631550",6,28.5714285714286
"cg00631570",1,4.76190476190476
"cg00634258",14,66.6666666666667
"cg00635513",2,9.52380952380952
"cg00636526",1,4.76190476190476
"cg00636942",2,9.52380952380952
"cg00638631",2,9.52380952380952
"cg00639218",6,28.5714285714286
"cg00640090",9,42.8571428571429
"cg00644322",6,28.5714285714286
"cg00645078",15,71.4285714285714
"cg00645154",16,76.1904761904762
"cg00646073",7,33.3333333333333
"cg00646615",5,23.8095238095238
"cg00650309",3,14.2857142857143
"cg00650939",1,4.76190476190476
"cg00653004",4,19.047619047619
"cg00653063",4,19.047619047619
"cg00654360",17,80.9523809523809
"cg00658890",3,14.2857142857143
"cg00660880",19,90.4761904761905
"cg00661096",2,9.52380952380952
"cg00663464",9,42.8571428571429
"cg00666596",1,4.76190476190476
"cg00670176",4,19.047619047619
"cg00670939",1,4.76190476190476
"cg00676506",6,28.5714285714286
"cg00677272",1,4.76190476190476
"cg00678354",1,4.76190476190476
"cg00679624",5,23.8095238095238
"cg00679794",4,19.047619047619
"cg00683085",1,4.76190476190476
"cg00685703",15,71.4285714285714
"cg00689133",6,28.5714285714286
"cg00693004",7,33.3333333333333
"cg00693678",1,4.76190476190476
"cg00693915",2,9.52380952380952
"cg00694096",2,9.52380952380952
"cg00694557",1,4.76190476190476
"cg00698060",1,4.76190476190476
"cg00700117",12,57.1428571428571
"cg00701652",1,4.76190476190476
"cg00702478",1,4.76190476190476
"cg00703299",1,4.76190476190476
"cg00704421",1,4.76190476190476
"cg00706914",11,52.3809523809524
"cg00707517",2,9.52380952380952
"cg00714758",1,4.76190476190476
"cg00715521",16,76.1904761904762
"cg00719132",1,4.76190476190476
"cg00721572",1,4.76190476190476
"cg00722793",5,23.8095238095238
"cg00729060",6,28.5714285714286
"cg00729539",3,14.2857142857143
"cg00733288",4,19.047619047619
"cg00740159",1,4.76190476190476
"cg00740217",20,95.2380952380952
"cg00742920",4,19.047619047619
"cg00746233",1,4.76190476190476
"cg00748128",8,38.0952380952381
"cg00748253",3,14.2857142857143
"cg00749520",10,47.6190476190476
"cg00752601",2,9.52380952380952
"cg00755031",2,9.52380952380952
"cg00756092",1,4.76190476190476
"cg00757160",5,23.8095238095238
"cg00759426",4,19.047619047619
"cg00761830",1,4.76190476190476
"cg00763172",4,19.047619047619
"cg00771185",1,4.76190476190476
"cg00771309",3,14.2857142857143
"cg00773142",3,14.2857142857143
"cg00777656",1,4.76190476190476
"cg00783321",1,4.76190476190476
"cg00784197",1,4.76190476190476
"cg00785452",1,4.76190476190476
"cg00791621",16,76.1904761904762
"cg00791868",1,4.76190476190476
"cg00793432",2,9.52380952380952
"cg00794198",1,4.76190476190476
"cg00799878",1,4.76190476190476
"cg00800339",2,9.52380952380952
"cg00803762",2,9.52380952380952
"cg00803805",2,9.52380952380952
"cg00804980",16,76.1904761904762
"cg00808478",3,14.2857142857143
"cg00810818",1,4.76190476190476
"cg00812802",1,4.76190476190476
"cg00813233",1,4.76190476190476
"cg00814567",2,9.52380952380952
"cg00815869",1,4.76190476190476
"cg00816313",1,4.76190476190476
"cg00817749",6,28.5714285714286
"cg00818034",1,4.76190476190476
"cg00818868",1,4.76190476190476
"cg00819121",2,9.52380952380952
"cg00820809",2,9.52380952380952
"cg00822550",1,4.76190476190476
"cg00824312",16,76.1904761904762
"cg00828713",1,4.76190476190476
"cg00829995",4,19.047619047619
"cg00830121",1,4.76190476190476
"cg00832125",12,57.1428571428571
"cg00834587",1,4.76190476190476
"cg00835758",1,4.76190476190476
"cg00836542",1,4.76190476190476
"cg00839642",2,9.52380952380952
"cg00844633",1,4.76190476190476
"cg00846018",1,4.76190476190476
"cg00849044",2,9.52380952380952
"cg00849368",1,4.76190476190476
"cg00855102",3,14.2857142857143
"cg00855125",3,14.2857142857143
"cg00862297",1,4.76190476190476
"cg00862390",1,4.76190476190476
"cg00870671",1,4.76190476190476
"cg00870694",5,23.8095238095238
"cg00873517",2,9.52380952380952
"cg00876332",7,33.3333333333333
"cg00876785",1,4.76190476190476
"cg00877553",1,4.76190476190476
"cg00879303",1,4.76190476190476
"cg00883188",11,52.3809523809524
"cg00883225",1,4.76190476190476
"cg00885365",1,4.76190476190476
"cg00885833",1,4.76190476190476
"cg00886644",1,4.76190476190476
"cg00886748",4,19.047619047619
"cg00889714",4,19.047619047619
"cg00890191",1,4.76190476190476
"cg00890249",2,9.52380952380952
"cg00891796",13,61.9047619047619
"cg00892269",5,23.8095238095238
"cg00903277",1,4.76190476190476
"cg00903453",4,19.047619047619
"cg00906174",1,4.76190476190476
"cg00906360",5,23.8095238095238
"cg00907668",8,38.0952380952381
"cg00911551",1,4.76190476190476
"cg00914084",1,4.76190476190476
"cg00917413",1,4.76190476190476
"cg00918487",5,23.8095238095238
"cg00920864",1,4.76190476190476
"cg00923632",1,4.76190476190476
"cg00923686",3,14.2857142857143
"cg00923719",5,23.8095238095238
"cg00925469",9,42.8571428571429
"cg00926650",4,19.047619047619
"cg00929137",2,9.52380952380952
"cg00930881",1,4.76190476190476
"cg00937982",3,14.2857142857143
"cg00938069",1,4.76190476190476
"cg00940055",2,9.52380952380952
"cg00941708",1,4.76190476190476
"cg00945698",7,33.3333333333333
"cg00949479",2,9.52380952380952
"cg00955032",4,19.047619047619
"cg00957886",1,4.76190476190476
"cg00960840",4,19.047619047619
"cg00962228",6,28.5714285714286
"cg00963635",13,61.9047619047619
"cg00970481",1,4.76190476190476
"cg00972806",4,19.047619047619
"cg00977469",1,4.76190476190476
"cg00978415",2,9.52380952380952
"cg00980194",3,14.2857142857143
"cg00981513",1,4.76190476190476
"cg00981832",1,4.76190476190476
"cg00990158",20,95.2380952380952
"cg00990166",2,9.52380952380952
"cg00990927",1,4.76190476190476
"cg00992795",2,9.52380952380952
"cg00992802",2,9.52380952380952
"cg00993050",5,23.8095238095238
"cg00997361",1,4.76190476190476
"cg00998462",9,42.8571428571429
"cg01000614",2,9.52380952380952
"cg01002112",1,4.76190476190476
"cg01003685",1,4.76190476190476
"cg01005728",1,4.76190476190476
"cg01005786",15,71.4285714285714
"cg01007370",1,4.76190476190476
"cg01007821",1,4.76190476190476
"cg01009586",5,23.8095238095238
"cg01011173",1,4.76190476190476
"cg01012080",1,4.76190476190476
"cg01013403",11,52.3809523809524
"cg01016741",2,9.52380952380952
"cg01016742",3,14.2857142857143
"cg01017800",1,4.76190476190476
"cg01020128",9,42.8571428571429
"cg01020363",2,9.52380952380952
"cg01022117",2,9.52380952380952
"cg01023954",1,4.76190476190476
"cg01024757",1,4.76190476190476
"cg01024808",2,9.52380952380952
"cg01026025",1,4.76190476190476
"cg01029182",3,14.2857142857143
"cg01030411",1,4.76190476190476
"cg01030629",1,4.76190476190476
"cg01032486",1,4.76190476190476
"cg01032589",1,4.76190476190476
"cg01035598",1,4.76190476190476
"cg01035626",1,4.76190476190476
"cg01035923",1,4.76190476190476
"cg01038861",1,4.76190476190476
"cg01042252",1,4.76190476190476
"cg01043399",9,42.8571428571429
"cg01044271",2,9.52380952380952
"cg01044542",15,71.4285714285714
"cg01044698",1,4.76190476190476
"cg01046561",1,4.76190476190476
"cg01047748",1,4.76190476190476
"cg01052727",1,4.76190476190476
"cg01058253",2,9.52380952380952
"cg01059694",2,9.52380952380952
"cg01061397",1,4.76190476190476
"cg01061520",5,23.8095238095238
"cg01061952",7,33.3333333333333
"cg01062859",7,33.3333333333333
"cg01064256",3,14.2857142857143
"cg01064665",6,28.5714285714286
"cg01064704",2,9.52380952380952
"cg01065652",1,4.76190476190476
"cg01067167",14,66.6666666666667
"cg01068107",1,4.76190476190476
"cg01068242",1,4.76190476190476
"cg01072550",4,19.047619047619
"cg01073572",5,23.8095238095238
"cg01076082",1,4.76190476190476
"cg01077080",2,9.52380952380952
"cg01077499",7,33.3333333333333
"cg01082288",16,76.1904761904762
"cg01083686",1,4.76190476190476
"cg01084562",1,4.76190476190476
"cg01085533",1,4.76190476190476
"cg01087872",1,4.76190476190476
"cg01089082",1,4.76190476190476
"cg01089174",5,23.8095238095238
"cg01089366",1,4.76190476190476
"cg01091242",1,4.76190476190476
"cg01091570",1,4.76190476190476
"cg01094580",2,9.52380952380952
"cg01098309",10,47.6190476190476
"cg01101782",1,4.76190476190476
"cg01110155",1,4.76190476190476
"cg01110291",1,4.76190476190476
"cg01111108",1,4.76190476190476
"cg01111154",16,76.1904761904762
"cg01112232",2,9.52380952380952
"cg01113409",1,4.76190476190476
"cg01119707",1,4.76190476190476
"cg01119724",1,4.76190476190476
"cg01122123",1,4.76190476190476
"cg01123243",10,47.6190476190476
"cg01124605",2,9.52380952380952
"cg01126692",1,4.76190476190476
"cg01128909",3,14.2857142857143
"cg01129580",2,9.52380952380952
"cg01131208",1,4.76190476190476
"cg01131999",3,14.2857142857143
"cg01135239",3,14.2857142857143
"cg01135870",4,19.047619047619
"cg01136754",3,14.2857142857143
"cg01139189",1,4.76190476190476
"cg01143780",1,4.76190476190476
"cg01145661",1,4.76190476190476
"cg01146879",1,4.76190476190476
"cg01146896",1,4.76190476190476
"cg01148781",1,4.76190476190476
"cg01149634",9,42.8571428571429
"cg01154508",1,4.76190476190476
"cg01156508",1,4.76190476190476
"cg01157950",3,14.2857142857143
"cg01159196",1,4.76190476190476
"cg01159344",1,4.76190476190476
"cg01160274",1,4.76190476190476
"cg01161438",2,9.52380952380952
"cg01162053",1,4.76190476190476
"cg01162521",1,4.76190476190476
"cg01165387",1,4.76190476190476
"cg01165412",1,4.76190476190476
"cg01166187",1,4.76190476190476
"cg01169660",2,9.52380952380952
"cg01170456",12,57.1428571428571
"cg01171696",1,4.76190476190476
"cg01177539",7,33.3333333333333
"cg01179110",8,38.0952380952381
"cg01183517",2,9.52380952380952
"cg01183860",1,4.76190476190476
"cg01184709",12,57.1428571428571
"cg01185767",9,42.8571428571429
"cg01186006",1,4.76190476190476
"cg01188170",2,9.52380952380952
"cg01190056",1,4.76190476190476
"cg01190989",1,4.76190476190476
"cg01193159",3,14.2857142857143
"cg01193223",3,14.2857142857143
"cg01195881",2,9.52380952380952
"cg01196158",1,4.76190476190476
"cg01198358",12,57.1428571428571
"cg01199923",1,4.76190476190476
"cg01200732",3,14.2857142857143
"cg01201387",1,4.76190476190476
"cg01201449",2,9.52380952380952
"cg01202019",2,9.52380952380952
"cg01204646",4,19.047619047619
"cg01204709",1,4.76190476190476
"cg01206017",1,4.76190476190476
"cg01212877",3,14.2857142857143
"cg01215343",6,28.5714285714286
"cg01227742",1,4.76190476190476
"cg01229100",6,28.5714285714286
"cg01231835",1,4.76190476190476
"cg01232331",2,9.52380952380952
"cg01234333",3,14.2857142857143
"cg01234911",1,4.76190476190476
"cg01235006",1,4.76190476190476
"cg01235489",3,14.2857142857143
"cg01236641",7,33.3333333333333
"cg01241241",1,4.76190476190476
"cg01242029",1,4.76190476190476
"cg01242456",4,19.047619047619
"cg01247301",1,4.76190476190476
"cg01249778",1,4.76190476190476
"cg01254125",2,9.52380952380952
"cg01254170",1,4.76190476190476
"cg01254501",7,33.3333333333333
"cg01257162",1,4.76190476190476
"cg01257752",3,14.2857142857143
"cg01261035",3,14.2857142857143
"cg01261289",5,23.8095238095238
"cg01262337",1,4.76190476190476
"cg01262569",1,4.76190476190476
"cg01266362",4,19.047619047619
"cg01268269",13,61.9047619047619
"cg01268635",1,4.76190476190476
"cg01269314",6,28.5714285714286
"cg01272498",1,4.76190476190476
"cg01273559",1,4.76190476190476
"cg01274266",3,14.2857142857143
"cg01274867",1,4.76190476190476
"cg01275262",1,4.76190476190476
"cg01276082",1,4.76190476190476
"cg01276256",15,71.4285714285714
"cg01279017",1,4.76190476190476
"cg01280056",1,4.76190476190476
"cg01280283",7,33.3333333333333
"cg01283976",1,4.76190476190476
"cg01285144",1,4.76190476190476
"cg01288933",1,4.76190476190476
"cg01289112",13,61.9047619047619
"cg01289141",2,9.52380952380952
"cg01299558",1,4.76190476190476
"cg01300783",1,4.76190476190476
"cg01301587",1,4.76190476190476
"cg01309118",13,61.9047619047619
"cg01309859",3,14.2857142857143
"cg01311227",6,28.5714285714286
"cg01312898",13,61.9047619047619
"cg01312974",1,4.76190476190476
"cg01314555",1,4.76190476190476
"cg01316648",1,4.76190476190476
"cg01317379",6,28.5714285714286
"cg01320533",1,4.76190476190476
"cg01322699",15,71.4285714285714
"cg01323376",1,4.76190476190476
"cg01326867",3,14.2857142857143
"cg01327685",1,4.76190476190476
"cg01328467",1,4.76190476190476
"cg01328499",1,4.76190476190476
"cg01335710",13,61.9047619047619
"cg01339103",7,33.3333333333333
"cg01340757",2,9.52380952380952
"cg01342217",3,14.2857142857143
"cg01343478",1,4.76190476190476
"cg01344727",4,19.047619047619
"cg01349063",1,4.76190476190476
"cg01353621",3,14.2857142857143
"cg01355256",1,4.76190476190476
"cg01357719",1,4.76190476190476
"cg01361239",14,66.6666666666667
"cg01362175",5,23.8095238095238
"cg01365799",1,4.76190476190476
"cg01367697",2,9.52380952380952
"cg01368132",5,23.8095238095238
"cg01368550",2,9.52380952380952
"cg01368615",1,4.76190476190476
"cg01369829",1,4.76190476190476
"cg01369924",1,4.76190476190476
"cg01372407",2,9.52380952380952
"cg01372605",2,9.52380952380952
"cg01375382",8,38.0952380952381
"cg01376931",2,9.52380952380952
"cg01377766",1,4.76190476190476
"cg01379853",2,9.52380952380952
"cg01380042",1,4.76190476190476
"cg01384410",2,9.52380952380952
"cg01386711",11,52.3809523809524
"cg01389693",5,23.8095238095238
"cg01395581",3,14.2857142857143
"cg01396391",1,4.76190476190476
"cg01398801",16,76.1904761904762
"cg01399353",3,14.2857142857143
"cg01401004",1,4.76190476190476
"cg01404063",3,14.2857142857143
"cg01406203",2,9.52380952380952
"cg01412037",1,4.76190476190476
"cg01412042",1,4.76190476190476
"cg01412254",2,9.52380952380952
"cg01413382",1,4.76190476190476
"cg01414178",1,4.76190476190476
"cg01414738",1,4.76190476190476
"cg01414824",3,14.2857142857143
"cg01415341",1,4.76190476190476
"cg01417946",1,4.76190476190476
"cg01420674",1,4.76190476190476
"cg01422127",17,80.9523809523809
"cg01422679",17,80.9523809523809
"cg01423533",1,4.76190476190476
"cg01423686",2,9.52380952380952
"cg01430167",1,4.76190476190476
"cg01430844",3,14.2857142857143
"cg01433173",1,4.76190476190476
"cg01443549",1,4.76190476190476
"cg01446171",1,4.76190476190476
"cg01449302",1,4.76190476190476
"cg01451654",10,47.6190476190476
"cg01454837",2,9.52380952380952
"cg01459180",3,14.2857142857143
"cg01459650",3,14.2857142857143
"cg01460957",1,4.76190476190476
"cg01462439",2,9.52380952380952
"cg01463110",7,33.3333333333333
"cg01467594",2,9.52380952380952
"cg01469599",7,33.3333333333333
"cg01470321",1,4.76190476190476
"cg01471539",1,4.76190476190476
"cg01473123",2,9.52380952380952
"cg01474060",1,4.76190476190476
"cg01474855",5,23.8095238095238
"cg01474866",5,23.8095238095238
"cg01485008",2,9.52380952380952
"cg01489361",1,4.76190476190476
"cg01489508",1,4.76190476190476
"cg01492550",8,38.0952380952381
"cg01493956",2,9.52380952380952
"cg01494789",2,9.52380952380952
"cg01495667",1,4.76190476190476
"cg01495866",8,38.0952380952381
"cg01496896",2,9.52380952380952
"cg01497939",1,4.76190476190476
"cg01498845",2,9.52380952380952
"cg01498999",8,38.0952380952381
"cg01501399",1,4.76190476190476
"cg01504391",2,9.52380952380952
"cg01507469",1,4.76190476190476
"cg01511514",2,9.52380952380952
"cg01512328",1,4.76190476190476
"cg01522307",3,14.2857142857143
"cg01525178",6,28.5714285714286
"cg01525343",1,4.76190476190476
"cg01525416",1,4.76190476190476
"cg01525879",1,4.76190476190476
"cg01525935",1,4.76190476190476
"cg01526050",3,14.2857142857143
"cg01526291",1,4.76190476190476
"cg01528297",1,4.76190476190476
"cg01530434",1,4.76190476190476
"cg01530466",7,33.3333333333333
"cg01534271",1,4.76190476190476
"cg01534593",1,4.76190476190476
"cg01535213",6,28.5714285714286
"cg01535617",8,38.0952380952381
"cg01537407",3,14.2857142857143
"cg01537972",1,4.76190476190476
"cg01538208",10,47.6190476190476
"cg01539879",1,4.76190476190476
"cg01540522",1,4.76190476190476
"cg01540713",2,9.52380952380952
"cg01541725",4,19.047619047619
"cg01543594",4,19.047619047619
"cg01543871",1,4.76190476190476
"cg01545630",4,19.047619047619
"cg01548763",4,19.047619047619
"cg01552920",2,9.52380952380952
"cg01552958",14,66.6666666666667
"cg01553554",3,14.2857142857143
"cg01553984",1,4.76190476190476
"cg01557694",1,4.76190476190476
"cg01560382",2,9.52380952380952
"cg01560766",4,19.047619047619
"cg01565755",1,4.76190476190476
"cg01569372",3,14.2857142857143
"cg01570901",1,4.76190476190476
"cg01571766",2,9.52380952380952
"cg01571956",2,9.52380952380952
"cg01581686",1,4.76190476190476
"cg01583915",1,4.76190476190476
"cg01584174",1,4.76190476190476
"cg01584568",1,4.76190476190476
"cg01588362",15,71.4285714285714
"cg01591425",12,57.1428571428571
"cg01597029",1,4.76190476190476
"cg01597689",9,42.8571428571429
"cg01599303",9,42.8571428571429
"cg01599592",4,19.047619047619
"cg01605470",1,4.76190476190476
"cg01605885",5,23.8095238095238
"cg01608680",2,9.52380952380952
"cg01608962",1,4.76190476190476
"cg01611587",4,19.047619047619
"cg01613954",1,4.76190476190476
"cg01614387",1,4.76190476190476
"cg01615719",1,4.76190476190476
"cg01617431",1,4.76190476190476
"cg01617520",1,4.76190476190476
"cg01617955",3,14.2857142857143
"cg01619887",1,4.76190476190476
"cg01620849",1,4.76190476190476
"cg01621934",2,9.52380952380952
"cg01623243",1,4.76190476190476
"cg01625382",2,9.52380952380952
"cg01625392",13,61.9047619047619
"cg01626050",8,38.0952380952381
"cg01627172",1,4.76190476190476
"cg01630765",1,4.76190476190476
"cg01632922",2,9.52380952380952
"cg01633269",1,4.76190476190476
"cg01639960",2,9.52380952380952
"cg01640287",1,4.76190476190476
"cg01642264",1,4.76190476190476
"cg01642577",9,42.8571428571429
"cg01643569",1,4.76190476190476
"cg01644972",6,28.5714285714286
"cg01645676",1,4.76190476190476
"cg01647384",1,4.76190476190476
"cg01647561",1,4.76190476190476
"cg01648869",11,52.3809523809524
"cg01649224",2,9.52380952380952
"cg01650480",1,4.76190476190476
"cg01655210",10,47.6190476190476
"cg01655349",2,9.52380952380952
"cg01655490",2,9.52380952380952
"cg01656976",6,28.5714285714286
"cg01658745",1,4.76190476190476
"cg01662722",1,4.76190476190476
"cg01664677",1,4.76190476190476
"cg01668578",4,19.047619047619
"cg01670823",1,4.76190476190476
"cg01672987",4,19.047619047619
"cg01673780",1,4.76190476190476
"cg01675423",1,4.76190476190476
"cg01677327",1,4.76190476190476
"cg01680674",8,38.0952380952381
"cg01680988",5,23.8095238095238
"cg01682915",4,19.047619047619
"cg01683680",1,4.76190476190476
"cg01685855",5,23.8095238095238
"cg01691377",1,4.76190476190476
"cg01699235",2,9.52380952380952
"cg01700386",1,4.76190476190476
"cg01705147",1,4.76190476190476
"cg01710450",1,4.76190476190476
"cg01710607",1,4.76190476190476
"cg01713733",6,28.5714285714286
"cg01714757",8,38.0952380952381
"cg01717067",18,85.7142857142857
"cg01717482",3,14.2857142857143
"cg01727128",4,19.047619047619
"cg01729180",1,4.76190476190476
"cg01730785",2,9.52380952380952
"cg01731137",2,9.52380952380952
"cg01732224",1,4.76190476190476
"cg01732826",4,19.047619047619
"cg01735429",1,4.76190476190476
"cg01744316",2,9.52380952380952
"cg01744412",1,4.76190476190476
"cg01744951",2,9.52380952380952
"cg01745695",8,38.0952380952381
"cg01746487",1,4.76190476190476
"cg01747969",1,4.76190476190476
"cg01750510",1,4.76190476190476
"cg01750961",7,33.3333333333333
"cg01751186",2,9.52380952380952
"cg01752530",4,19.047619047619
"cg01753254",18,85.7142857142857
"cg01756309",2,9.52380952380952
"cg01757887",6,28.5714285714286
"cg01760100",1,4.76190476190476
"cg01761703",2,9.52380952380952
"cg01764692",4,19.047619047619
"cg01766063",3,14.2857142857143
"cg01766134",4,19.047619047619
"cg01767494",1,4.76190476190476
"cg01769525",1,4.76190476190476
"cg01769715",2,9.52380952380952
"cg01771556",1,4.76190476190476
"cg01771591",9,42.8571428571429
"cg01771592",3,14.2857142857143
"cg01773144",1,4.76190476190476
"cg01773177",5,23.8095238095238
"cg01774510",1,4.76190476190476
"cg01778339",2,9.52380952380952
"cg01778358",2,9.52380952380952
"cg01778608",8,38.0952380952381
"cg01780191",1,4.76190476190476
"cg01781409",5,23.8095238095238
"cg01781565",11,52.3809523809524
"cg01782207",4,19.047619047619
"cg01785151",1,4.76190476190476
"cg01787421",2,9.52380952380952
"cg01789188",2,9.52380952380952
"cg01791190",8,38.0952380952381
"cg01793008",1,4.76190476190476
"cg01795204",1,4.76190476190476
"cg01798097",3,14.2857142857143
"cg01799131",1,4.76190476190476
"cg01800064",2,9.52380952380952
"cg01804757",2,9.52380952380952
"cg01805138",3,14.2857142857143
"cg01805493",1,4.76190476190476
"cg01805503",3,14.2857142857143
"cg01809025",1,4.76190476190476
"cg01810121",1,4.76190476190476
"cg01810593",1,4.76190476190476
"cg01813159",1,4.76190476190476
"cg01813894",3,14.2857142857143
"cg01816191",2,9.52380952380952
"cg01822710",1,4.76190476190476
"cg01823585",3,14.2857142857143
"cg01824090",1,4.76190476190476
"cg01824187",1,4.76190476190476
"cg01827688",1,4.76190476190476
"cg01828223",1,4.76190476190476
"cg01828798",7,33.3333333333333
"cg01828919",8,38.0952380952381
"cg01831580",1,4.76190476190476
"cg01832059",1,4.76190476190476
"cg01840665",3,14.2857142857143
"cg01847148",5,23.8095238095238
"cg01849514",2,9.52380952380952
"cg01849603",1,4.76190476190476
"cg01852001",1,4.76190476190476
"cg01857212",1,4.76190476190476
"cg01859445",2,9.52380952380952
"cg01861537",1,4.76190476190476
"cg01862722",1,4.76190476190476
"cg01864468",1,4.76190476190476
"cg01866960",3,14.2857142857143
"cg01867299",3,14.2857142857143
"cg01867561",1,4.76190476190476
"cg01868753",1,4.76190476190476
"cg01868835",1,4.76190476190476
"cg01868838",1,4.76190476190476
"cg01869281",15,71.4285714285714
"cg01869975",1,4.76190476190476
"cg01870629",1,4.76190476190476
"cg01872032",2,9.52380952380952
"cg01872514",4,19.047619047619
"cg01876453",2,9.52380952380952
"cg01877188",11,52.3809523809524
"cg01879437",1,4.76190476190476
"cg01879757",1,4.76190476190476
"cg01880147",4,19.047619047619
"cg01880156",3,14.2857142857143
"cg01881838",1,4.76190476190476
"cg01882666",1,4.76190476190476
"cg01883043",3,14.2857142857143
"cg01883183",1,4.76190476190476
"cg01885640",1,4.76190476190476
"cg01887435",1,4.76190476190476
"cg01887804",4,19.047619047619
"cg01889448",1,4.76190476190476
"cg01889779",1,4.76190476190476
"cg01890161",1,4.76190476190476
"cg01892332",1,4.76190476190476
"cg01893331",1,4.76190476190476
"cg01896708",1,4.76190476190476
"cg01898166",1,4.76190476190476
"cg01898770",6,28.5714285714286
"cg01900066",7,33.3333333333333
"cg01902036",1,4.76190476190476
"cg01904171",8,38.0952380952381
"cg01904912",1,4.76190476190476
"cg01905685",1,4.76190476190476
"cg01908874",1,4.76190476190476
"cg01910579",9,42.8571428571429
"cg01910948",1,4.76190476190476
"cg01911472",6,28.5714285714286
"cg01914238",1,4.76190476190476
"cg01916421",1,4.76190476190476
"cg01916664",4,19.047619047619
"cg01916786",8,38.0952380952381
"cg01918128",2,9.52380952380952
"cg01919941",1,4.76190476190476
"cg01920326",1,4.76190476190476
"cg01921369",1,4.76190476190476
"cg01921621",2,9.52380952380952
"cg01922035",1,4.76190476190476
"cg01922051",1,4.76190476190476
"cg01922464",2,9.52380952380952
"cg01922526",1,4.76190476190476
"cg01923708",4,19.047619047619
"cg01924146",1,4.76190476190476
"cg01925002",1,4.76190476190476
"cg01926406",1,4.76190476190476
"cg01927894",1,4.76190476190476
"cg01931462",1,4.76190476190476
"cg01931742",1,4.76190476190476
"cg01934475",3,14.2857142857143
"cg01937505",1,4.76190476190476
"cg01942254",2,9.52380952380952
"cg01943200",12,57.1428571428571
"cg01943237",1,4.76190476190476
"cg01943806",1,4.76190476190476
"cg01944110",1,4.76190476190476
"cg01944185",10,47.6190476190476
"cg01944737",16,76.1904761904762
"cg01945355",1,4.76190476190476
"cg01945506",1,4.76190476190476
"cg01948083",6,28.5714285714286
"cg01950921",1,4.76190476190476
"cg01951815",1,4.76190476190476
"cg01954098",17,80.9523809523809
"cg01954313",3,14.2857142857143
"cg01954413",2,9.52380952380952
"cg01957776",2,9.52380952380952
"cg01958167",2,9.52380952380952
"cg01960160",1,4.76190476190476
"cg01961683",2,9.52380952380952
"cg01962517",1,4.76190476190476
"cg01963430",2,9.52380952380952
"cg01965810",2,9.52380952380952
"cg01968106",1,4.76190476190476
"cg01969543",3,14.2857142857143
"cg01971674",8,38.0952380952381
"cg01973214",5,23.8095238095238
"cg01973317",2,9.52380952380952
"cg01973499",1,4.76190476190476
"cg01973844",1,4.76190476190476
"cg01974213",12,57.1428571428571
"cg01974730",2,9.52380952380952
"cg01974803",1,4.76190476190476
"cg01975175",1,4.76190476190476
"cg01975548",1,4.76190476190476
"cg01978064",1,4.76190476190476
"cg01978305",1,4.76190476190476
"cg01979460",2,9.52380952380952
"cg01981108",6,28.5714285714286
"cg01983188",1,4.76190476190476
"cg01984154",6,28.5714285714286
"cg01987362",1,4.76190476190476
"cg01987727",1,4.76190476190476
"cg01988452",7,33.3333333333333
"cg01992611",12,57.1428571428571
"cg01994406",3,14.2857142857143
"cg01996357",1,4.76190476190476
"cg01998256",1,4.76190476190476
"cg01998280",1,4.76190476190476
"cg01998325",1,4.76190476190476
"cg01999922",1,4.76190476190476
"cg02001101",7,33.3333333333333
"cg02002345",5,23.8095238095238
"cg02004203",1,4.76190476190476
"cg02004737",1,4.76190476190476
"cg02005589",4,19.047619047619
"cg02007410",11,52.3809523809524
"cg02007457",1,4.76190476190476
"cg02012253",5,23.8095238095238
"cg02014302",1,4.76190476190476
"cg02018657",3,14.2857142857143
"cg02018764",2,9.52380952380952
"cg02020658",1,4.76190476190476
"cg02021987",1,4.76190476190476
"cg02025944",2,9.52380952380952
"cg02026080",7,33.3333333333333
"cg02027931",1,4.76190476190476
"cg02030677",1,4.76190476190476
"cg02032872",1,4.76190476190476
"cg02034367",1,4.76190476190476
"cg02034706",1,4.76190476190476
"cg02035631",1,4.76190476190476
"cg02036091",6,28.5714285714286
"cg02037682",1,4.76190476190476
"cg02037857",2,9.52380952380952
"cg02038641",2,9.52380952380952
"cg02042174",1,4.76190476190476
"cg02043659",4,19.047619047619
"cg02045397",2,9.52380952380952
"cg02045559",1,4.76190476190476
"cg02047581",3,14.2857142857143
"cg02047636",11,52.3809523809524
"cg02047954",10,47.6190476190476
"cg02050847",4,19.047619047619
"cg02050951",2,9.52380952380952
"cg02050968",1,4.76190476190476
"cg02054572",2,9.52380952380952
"cg02054959",3,14.2857142857143
"cg02056294",1,4.76190476190476
"cg02056550",6,28.5714285714286
"cg02056663",2,9.52380952380952
"cg02058717",6,28.5714285714286
"cg02060899",1,4.76190476190476
"cg02063727",1,4.76190476190476
"cg02065036",1,4.76190476190476
"cg02071806",2,9.52380952380952
"cg02072305",6,28.5714285714286
"cg02072436",3,14.2857142857143
"cg02073054",2,9.52380952380952
"cg02074501",1,4.76190476190476
"cg02075148",1,4.76190476190476
"cg02076634",1,4.76190476190476
"cg02076681",1,4.76190476190476
"cg02079236",1,4.76190476190476
"cg02079804",7,33.3333333333333
"cg02080274",10,47.6190476190476
"cg02083805",15,71.4285714285714
"cg02083877",5,23.8095238095238
"cg02088292",8,38.0952380952381
"cg02091066",1,4.76190476190476
"cg02093081",1,4.76190476190476
"cg02093675",2,9.52380952380952
"cg02093910",3,14.2857142857143
"cg02093918",1,4.76190476190476
"cg02095324",2,9.52380952380952
"cg02098293",3,14.2857142857143
"cg02102635",1,4.76190476190476
"cg02103888",20,95.2380952380952
"cg02104063",11,52.3809523809524
"cg02105236",1,4.76190476190476
"cg02105393",6,28.5714285714286
"cg02109177",1,4.76190476190476
"cg02113543",1,4.76190476190476
"cg02116612",9,42.8571428571429
"cg02117464",1,4.76190476190476
"cg02119999",1,4.76190476190476
"cg02123862",9,42.8571428571429
"cg02126896",1,4.76190476190476
"cg02127692",4,19.047619047619
"cg02129146",13,61.9047619047619
"cg02133031",3,14.2857142857143
"cg02133455",2,9.52380952380952
"cg02134055",1,4.76190476190476
"cg02134653",1,4.76190476190476
"cg02134754",1,4.76190476190476
"cg02138752",3,14.2857142857143
"cg02140004",5,23.8095238095238
"cg02143383",9,42.8571428571429
"cg02145337",6,28.5714285714286
"cg02147940",2,9.52380952380952
"cg02148024",7,33.3333333333333
"cg02148943",1,4.76190476190476
"cg02149985",14,66.6666666666667
"cg02152606",4,19.047619047619
"cg02152945",2,9.52380952380952
"cg02154802",2,9.52380952380952
"cg02158592",1,4.76190476190476
"cg02159635",2,9.52380952380952
"cg02159654",2,9.52380952380952
"cg02160773",1,4.76190476190476
"cg02165122",1,4.76190476190476
"cg02165521",7,33.3333333333333
"cg02167938",1,4.76190476190476
"cg02168497",1,4.76190476190476
"cg02169631",1,4.76190476190476
"cg02170693",1,4.76190476190476
"cg02176404",1,4.76190476190476
"cg02179616",1,4.76190476190476
"cg02179952",1,4.76190476190476
"cg02180668",1,4.76190476190476
"cg02181293",1,4.76190476190476
"cg02183364",1,4.76190476190476
"cg02187176",1,4.76190476190476
"cg02189483",1,4.76190476190476
"cg02193887",7,33.3333333333333
"cg02194395",6,28.5714285714286
"cg02196422",1,4.76190476190476
"cg02197501",1,4.76190476190476
"cg02198513",1,4.76190476190476
"cg02199333",1,4.76190476190476
"cg02201565",17,80.9523809523809
"cg02202377",11,52.3809523809524
"cg02205158",21,100
"cg02205940",3,14.2857142857143
"cg02209163",1,4.76190476190476
"cg02211737",4,19.047619047619
"cg02213207",1,4.76190476190476
"cg02215792",1,4.76190476190476
"cg02217289",2,9.52380952380952
"cg02231010",2,9.52380952380952
"cg02231434",17,80.9523809523809
"cg02233190",6,28.5714285714286
"cg02234216",4,19.047619047619
"cg02235014",17,80.9523809523809
"cg02235255",7,33.3333333333333
"cg02235464",1,4.76190476190476
"cg02238449",1,4.76190476190476
"cg02240788",1,4.76190476190476
"cg02243606",1,4.76190476190476
"cg02244693",1,4.76190476190476
"cg02247429",1,4.76190476190476
"cg02249577",4,19.047619047619
"cg02250171",14,66.6666666666667
"cg02251322",12,57.1428571428571
"cg02252484",1,4.76190476190476
"cg02259192",13,61.9047619047619
"cg02263025",1,4.76190476190476
"cg02264416",1,4.76190476190476
"cg02265288",1,4.76190476190476
"cg02265440",6,28.5714285714286
"cg02265835",3,14.2857142857143
"cg02265840",1,4.76190476190476
"cg02265874",1,4.76190476190476
"cg02266307",1,4.76190476190476
"cg02269178",1,4.76190476190476
"cg02269980",1,4.76190476190476
"cg02271274",3,14.2857142857143
"cg02272584",4,19.047619047619
"cg02276828",2,9.52380952380952
"cg02277272",1,4.76190476190476
"cg02278209",1,4.76190476190476
"cg02280355",1,4.76190476190476
"cg02281271",7,33.3333333333333
"cg02282594",9,42.8571428571429
"cg02287445",2,9.52380952380952
"cg02291908",1,4.76190476190476
"cg02292273",5,23.8095238095238
"cg02293493",2,9.52380952380952
"cg02294816",2,9.52380952380952
"cg02294838",4,19.047619047619
"cg02296846",4,19.047619047619
"cg02300840",1,4.76190476190476
"cg02301514",5,23.8095238095238
"cg02304354",3,14.2857142857143
"cg02305773",3,14.2857142857143
"cg02306431",14,66.6666666666667
"cg02315450",1,4.76190476190476
"cg02318986",1,4.76190476190476
"cg02319799",2,9.52380952380952
"cg02320748",1,4.76190476190476
"cg02320788",3,14.2857142857143
"cg02323515",2,9.52380952380952
"cg02326551",1,4.76190476190476
"cg02329238",3,14.2857142857143
"cg02330475",2,9.52380952380952
"cg02333075",2,9.52380952380952
"cg02336817",1,4.76190476190476
"cg02338405",1,4.76190476190476
"cg02339482",1,4.76190476190476
"cg02339805",1,4.76190476190476
"cg02340092",6,28.5714285714286
"cg02342199",1,4.76190476190476
"cg02343098",8,38.0952380952381
"cg02345327",3,14.2857142857143
"cg02348562",1,4.76190476190476
"cg02348563",1,4.76190476190476
"cg02352633",6,28.5714285714286
"cg02352679",4,19.047619047619
"cg02353358",3,14.2857142857143
"cg02353916",1,4.76190476190476
"cg02354302",1,4.76190476190476
"cg02354913",1,4.76190476190476
"cg02355121",1,4.76190476190476
"cg02357623",2,9.52380952380952
"cg02362518",4,19.047619047619
"cg02362520",2,9.52380952380952
"cg02364051",5,23.8095238095238
"cg02364304",5,23.8095238095238
"cg02366400",2,9.52380952380952
"cg02366988",1,4.76190476190476
"cg02369670",5,23.8095238095238
"cg02375313",1,4.76190476190476
"cg02380270",1,4.76190476190476
"cg02381390",3,14.2857142857143
"cg02382083",1,4.76190476190476
"cg02382361",1,4.76190476190476
"cg02385799",4,19.047619047619
"cg02389855",3,14.2857142857143
"cg02391344",1,4.76190476190476
"cg02391570",1,4.76190476190476
"cg02395231",15,71.4285714285714
"cg02395375",1,4.76190476190476
"cg02397989",7,33.3333333333333
"cg02399049",3,14.2857142857143
"cg02401614",2,9.52380952380952
"cg02402610",2,9.52380952380952
"cg02403546",2,9.52380952380952
"cg02406633",5,23.8095238095238
"cg02409277",1,4.76190476190476
"cg02413346",1,4.76190476190476
"cg02413370",4,19.047619047619
"cg02415739",1,4.76190476190476
"cg02417082",1,4.76190476190476
"cg02419503",1,4.76190476190476
"cg02420003",3,14.2857142857143
"cg02420056",7,33.3333333333333
"cg02420138",4,19.047619047619
"cg02423716",1,4.76190476190476
"cg02424254",1,4.76190476190476
"cg02426386",1,4.76190476190476
"cg02429814",4,19.047619047619
"cg02432678",1,4.76190476190476
"cg02433460",2,9.52380952380952
"cg02441622",1,4.76190476190476
"cg02444531",1,4.76190476190476
"cg02444760",6,28.5714285714286
"cg02446036",15,71.4285714285714
"cg02446525",2,9.52380952380952
"cg02447028",1,4.76190476190476
"cg02451536",1,4.76190476190476
"cg02453376",6,28.5714285714286
"cg02455209",4,19.047619047619
"cg02455571",1,4.76190476190476
"cg02456060",2,9.52380952380952
"cg02458473",1,4.76190476190476
"cg02460962",1,4.76190476190476
"cg02469223",8,38.0952380952381
"cg02471078",2,9.52380952380952
"cg02479140",2,9.52380952380952
"cg02479206",1,4.76190476190476
"cg02480692",1,4.76190476190476
"cg02481176",3,14.2857142857143
"cg02481280",1,4.76190476190476
"cg02485712",1,4.76190476190476
"cg02489143",1,4.76190476190476
"cg02491969",5,23.8095238095238
"cg02493517",1,4.76190476190476
"cg02493586",4,19.047619047619
"cg02495518",1,4.76190476190476
"cg02497671",1,4.76190476190476
"cg02498509",1,4.76190476190476
"cg02500039",1,4.76190476190476
"cg02503265",2,9.52380952380952
"cg02503763",5,23.8095238095238
"cg02503882",8,38.0952380952381
"cg02504810",3,14.2857142857143
"cg02506072",1,4.76190476190476
"cg02507975",1,4.76190476190476
"cg02508752",1,4.76190476190476
"cg02509058",1,4.76190476190476
"cg02512793",6,28.5714285714286
"cg02515229",1,4.76190476190476
"cg02515491",7,33.3333333333333
"cg02516943",3,14.2857142857143
"cg02518129",4,19.047619047619
"cg02519000",1,4.76190476190476
"cg02520133",1,4.76190476190476
"cg02522936",6,28.5714285714286
"cg02525104",1,4.76190476190476
"cg02525742",17,80.9523809523809
"cg02527481",1,4.76190476190476
"cg02528224",1,4.76190476190476
"cg02529459",1,4.76190476190476
"cg02531227",1,4.76190476190476
"cg02531859",1,4.76190476190476
"cg02534459",1,4.76190476190476
"cg02534578",1,4.76190476190476
"cg02535350",3,14.2857142857143
"cg02538551",1,4.76190476190476
"cg02539829",15,71.4285714285714
"cg02539843",1,4.76190476190476
"cg02541826",1,4.76190476190476
"cg02542999",1,4.76190476190476
"cg02543444",1,4.76190476190476
"cg02544117",1,4.76190476190476
"cg02544752",12,57.1428571428571
"cg02544946",5,23.8095238095238
"cg02551218",2,9.52380952380952
"cg02555712",1,4.76190476190476
"cg02556038",5,23.8095238095238
"cg02556133",1,4.76190476190476
"cg02557136",2,9.52380952380952
"cg02558954",2,9.52380952380952
"cg02559774",1,4.76190476190476
"cg02559822",3,14.2857142857143
"cg02565802",2,9.52380952380952
"cg02567750",1,4.76190476190476
"cg02568347",3,14.2857142857143
"cg02569119",1,4.76190476190476
"cg02569468",1,4.76190476190476
"cg02570900",7,33.3333333333333
"cg02571311",9,42.8571428571429
"cg02573825",1,4.76190476190476
"cg02575605",4,19.047619047619
"cg02576239",1,4.76190476190476
"cg02577797",5,23.8095238095238
"cg02581752",1,4.76190476190476
"cg02583077",2,9.52380952380952
"cg02588425",1,4.76190476190476
"cg02589130",2,9.52380952380952
"cg02589406",1,4.76190476190476
"cg02591695",1,4.76190476190476
"cg02592739",1,4.76190476190476
"cg02592999",1,4.76190476190476
"cg02593331",1,4.76190476190476
"cg02593699",6,28.5714285714286
"cg02594384",6,28.5714285714286
"cg02597333",13,61.9047619047619
"cg02598742",1,4.76190476190476
"cg02601082",3,14.2857142857143
"cg02604475",1,4.76190476190476
"cg02605461",1,4.76190476190476
"cg02607170",5,23.8095238095238
"cg02607677",2,9.52380952380952
"cg02611058",10,47.6190476190476
"cg02612883",1,4.76190476190476
"cg02616328",7,33.3333333333333
"cg02618547",1,4.76190476190476
"cg02619264",1,4.76190476190476
"cg02622228",7,33.3333333333333
"cg02628051",1,4.76190476190476
"cg02628826",3,14.2857142857143
"cg02630107",3,14.2857142857143
"cg02635786",1,4.76190476190476
"cg02641420",1,4.76190476190476
"cg02643214",7,33.3333333333333
"cg02643580",1,4.76190476190476
"cg02644395",5,23.8095238095238
"cg02651217",2,9.52380952380952
"cg02652128",6,28.5714285714286
"cg02652138",1,4.76190476190476
"cg02655397",1,4.76190476190476
"cg02656474",1,4.76190476190476
"cg02656905",8,38.0952380952381
"cg02661693",3,14.2857142857143
"cg02661831",8,38.0952380952381
"cg02662240",7,33.3333333333333
"cg02668903",2,9.52380952380952
"cg02671903",4,19.047619047619
"cg02672146",9,42.8571428571429
"cg02676654",1,4.76190476190476
"cg02679237",3,14.2857142857143
"cg02680901",4,19.047619047619
"cg02681672",5,23.8095238095238
"cg02681675",2,9.52380952380952
"cg02683125",10,47.6190476190476
"cg02683668",1,4.76190476190476
"cg02686204",1,4.76190476190476
"cg02686563",1,4.76190476190476
"cg02691903",6,28.5714285714286
"cg02693330",1,4.76190476190476
"cg02693432",2,9.52380952380952
"cg02696430",1,4.76190476190476
"cg02699099",1,4.76190476190476
"cg02700275",14,66.6666666666667
"cg02700351",9,42.8571428571429
"cg02702708",14,66.6666666666667
"cg02703494",7,33.3333333333333
"cg02706982",1,4.76190476190476
"cg02710723",1,4.76190476190476
"cg02714932",1,4.76190476190476
"cg02717081",1,4.76190476190476
"cg02717896",18,85.7142857142857
"cg02719489",6,28.5714285714286
"cg02720155",1,4.76190476190476
"cg02720759",3,14.2857142857143
"cg02722957",3,14.2857142857143
"cg02723908",7,33.3333333333333
"cg02724249",1,4.76190476190476
"cg02724866",2,9.52380952380952
"cg02725420",1,4.76190476190476
"cg02726398",3,14.2857142857143
"cg02726441",4,19.047619047619
"cg02730008",5,23.8095238095238
"cg02730709",4,19.047619047619
"cg02735027",1,4.76190476190476
"cg02737291",12,57.1428571428571
"cg02737747",1,4.76190476190476
"cg02738074",3,14.2857142857143
"cg02740552",2,9.52380952380952
"cg02740726",1,4.76190476190476
"cg02745719",1,4.76190476190476
"cg02748043",1,4.76190476190476
"cg02749560",1,4.76190476190476
"cg02755395",11,52.3809523809524
"cg02757223",2,9.52380952380952
"cg02757705",2,9.52380952380952
"cg02760338",2,9.52380952380952
"cg02760584",1,4.76190476190476
"cg02761084",10,47.6190476190476
"cg02763113",3,14.2857142857143
"cg02763370",4,19.047619047619
"cg02765200",1,4.76190476190476
"cg02767240",2,9.52380952380952
"cg02767497",1,4.76190476190476
"cg02767673",1,4.76190476190476
"cg02768778",6,28.5714285714286
"cg02769490",2,9.52380952380952
"cg02770056",1,4.76190476190476
"cg02775910",1,4.76190476190476
"cg02776119",1,4.76190476190476
"cg02776297",1,4.76190476190476
"cg02777122",1,4.76190476190476
"cg02777678",1,4.76190476190476
"cg02780284",2,9.52380952380952
"cg02782003",1,4.76190476190476
"cg02782345",16,76.1904761904762
"cg02783661",13,61.9047619047619
"cg02783824",6,28.5714285714286
"cg02787931",1,4.76190476190476
"cg02789218",1,4.76190476190476
"cg02790076",1,4.76190476190476
"cg02791613",2,9.52380952380952
"cg02792375",5,23.8095238095238
"cg02793280",2,9.52380952380952
"cg02793577",4,19.047619047619
"cg02796825",1,4.76190476190476
"cg02798192",1,4.76190476190476
"cg02800643",1,4.76190476190476
"cg02802083",1,4.76190476190476
"cg02802508",4,19.047619047619
"cg02803149",2,9.52380952380952
"cg02805464",1,4.76190476190476
"cg02805774",1,4.76190476190476
"cg02806079",9,42.8571428571429
"cg02808656",2,9.52380952380952
"cg02808719",1,4.76190476190476
"cg02810193",2,9.52380952380952
"cg02813813",1,4.76190476190476
"cg02815642",1,4.76190476190476
"cg02816590",2,9.52380952380952
"cg02817587",2,9.52380952380952
"cg02819256",2,9.52380952380952
"cg02822089",1,4.76190476190476
"cg02826608",1,4.76190476190476
"cg02826729",3,14.2857142857143
"cg02828505",10,47.6190476190476
"cg02830280",2,9.52380952380952
"cg02831260",1,4.76190476190476
"cg02831700",1,4.76190476190476
"cg02839523",1,4.76190476190476
"cg02839557",6,28.5714285714286
"cg02841802",1,4.76190476190476
"cg02842889",4,19.047619047619
"cg02843684",3,14.2857142857143
"cg02845228",3,14.2857142857143
"cg02845681",5,23.8095238095238
"cg02847046",1,4.76190476190476
"cg02847307",4,19.047619047619
"cg02847425",4,19.047619047619
"cg02848279",4,19.047619047619
"cg02849139",1,4.76190476190476
"cg02850877",1,4.76190476190476
"cg02851952",2,9.52380952380952
"cg02852070",4,19.047619047619
"cg02856798",11,52.3809523809524
"cg02860168",5,23.8095238095238
"cg02863135",1,4.76190476190476
"cg02863589",1,4.76190476190476
"cg02869861",8,38.0952380952381
"cg02870602",4,19.047619047619
"cg02873964",2,9.52380952380952
"cg02880653",1,4.76190476190476
"cg02881683",2,9.52380952380952
"cg02881696",2,9.52380952380952
"cg02884332",2,9.52380952380952
"cg02885078",5,23.8095238095238
"cg02886691",2,9.52380952380952
"cg02888515",1,4.76190476190476
"cg02888748",2,9.52380952380952
"cg02891218",6,28.5714285714286
"cg02893499",2,9.52380952380952
"cg02894483",2,9.52380952380952
"cg02895588",8,38.0952380952381
"cg02896088",1,4.76190476190476
"cg02898665",1,4.76190476190476
"cg02901065",3,14.2857142857143
"cg02903983",2,9.52380952380952
"cg02904015",5,23.8095238095238
"cg02905175",1,4.76190476190476
"cg02906448",10,47.6190476190476
"cg02907802",1,4.76190476190476
"cg02908405",1,4.76190476190476
"cg02908912",1,4.76190476190476
"cg02909936",4,19.047619047619
"cg02915696",2,9.52380952380952
"cg02915836",1,4.76190476190476
"cg02917448",1,4.76190476190476
"cg02919721",1,4.76190476190476
"cg02919814",1,4.76190476190476
"cg02924003",1,4.76190476190476
"cg02924523",3,14.2857142857143
"cg02924860",1,4.76190476190476
"cg02925669",1,4.76190476190476
"cg02928031",2,9.52380952380952
"cg02928570",4,19.047619047619
"cg02929350",1,4.76190476190476
"cg02930667",1,4.76190476190476
"cg02933331",1,4.76190476190476
"cg02933539",1,4.76190476190476
"cg02934649",3,14.2857142857143
"cg02936601",1,4.76190476190476
"cg02938774",7,33.3333333333333
"cg02940989",5,23.8095238095238
"cg02942197",4,19.047619047619
"cg02943710",1,4.76190476190476
"cg02944864",1,4.76190476190476
"cg02944871",1,4.76190476190476
"cg02945871",8,38.0952380952381
"cg02947025",3,14.2857142857143
"cg02948944",3,14.2857142857143
"cg02949296",2,9.52380952380952
"cg02949523",3,14.2857142857143
"cg02950233",1,4.76190476190476
"cg02951924",1,4.76190476190476
"cg02952337",1,4.76190476190476
"cg02953125",2,9.52380952380952
"cg02953335",1,4.76190476190476
"cg02953486",1,4.76190476190476
"cg02955262",1,4.76190476190476
"cg02955781",4,19.047619047619
"cg02957147",5,23.8095238095238
"cg02960871",2,9.52380952380952
"cg02961651",1,4.76190476190476
"cg02968570",1,4.76190476190476
"cg02968805",7,33.3333333333333
"cg02977117",1,4.76190476190476
"cg02982000",1,4.76190476190476
"cg02985240",6,28.5714285714286
"cg02989585",1,4.76190476190476
"cg02991686",1,4.76190476190476
"cg02993437",3,14.2857142857143
"cg02994302",18,85.7142857142857
"cg02994670",2,9.52380952380952
"cg02995319",2,9.52380952380952
"cg03004329",1,4.76190476190476
"cg03009213",9,42.8571428571429
"cg03013230",2,9.52380952380952
"cg03014111",1,4.76190476190476
"cg03014495",7,33.3333333333333
"cg03016385",1,4.76190476190476
"cg03016981",2,9.52380952380952
"cg03018148",1,4.76190476190476
"cg03019369",4,19.047619047619
"cg03025760",1,4.76190476190476
"cg03026808",13,61.9047619047619
"cg03026817",2,9.52380952380952
"cg03028183",2,9.52380952380952
"cg03029566",5,23.8095238095238
"cg03032164",1,4.76190476190476
"cg03033595",4,19.047619047619
"cg03033632",4,19.047619047619
"cg03034305",7,33.3333333333333
"cg03035998",1,4.76190476190476
"cg03037314",2,9.52380952380952
"cg03038615",1,4.76190476190476
"cg03040863",1,4.76190476190476
"cg03040997",1,4.76190476190476
"cg03044149",1,4.76190476190476
"cg03046144",4,19.047619047619
"cg03046513",2,9.52380952380952
"cg03048525",1,4.76190476190476
"cg03050102",2,9.52380952380952
"cg03051123",1,4.76190476190476
"cg03054402",4,19.047619047619
"cg03055894",1,4.76190476190476
"cg03058036",17,80.9523809523809
"cg03058066",19,90.4761904761905
"cg03061623",5,23.8095238095238
"cg03062725",1,4.76190476190476
"cg03065785",2,9.52380952380952
"cg03066321",1,4.76190476190476
"cg03066655",2,9.52380952380952
"cg03068346",9,42.8571428571429
"cg03070985",3,14.2857142857143
"cg03077534",2,9.52380952380952
"cg03078708",4,19.047619047619
"cg03081597",1,4.76190476190476
"cg03081744",7,33.3333333333333
"cg03084276",1,4.76190476190476
"cg03088503",2,9.52380952380952
"cg03090524",1,4.76190476190476
"cg03092180",1,4.76190476190476
"cg03097501",3,14.2857142857143
"cg03097650",3,14.2857142857143
"cg03101653",1,4.76190476190476
"cg03102669",15,71.4285714285714
"cg03106053",2,9.52380952380952
"cg03109384",2,9.52380952380952
"cg03110160",4,19.047619047619
"cg03114573",2,9.52380952380952
"cg03121124",8,38.0952380952381
"cg03122840",1,4.76190476190476
"cg03123689",1,4.76190476190476
"cg03123709",6,28.5714285714286
"cg03124177",7,33.3333333333333
"cg03124214",1,4.76190476190476
"cg03131333",1,4.76190476190476
"cg03131752",2,9.52380952380952
"cg03132228",1,4.76190476190476
"cg03132727",3,14.2857142857143
"cg03132807",1,4.76190476190476
"cg03134961",1,4.76190476190476
"cg03134991",11,52.3809523809524
"cg03135799",2,9.52380952380952
"cg03136176",1,4.76190476190476
"cg03138127",2,9.52380952380952
"cg03138675",15,71.4285714285714
"cg03140951",2,9.52380952380952
"cg03141074",2,9.52380952380952
"cg03141845",3,14.2857142857143
"cg03143937",2,9.52380952380952
"cg03147441",2,9.52380952380952
"cg03154433",2,9.52380952380952
"cg03154544",1,4.76190476190476
"cg03156546",1,4.76190476190476
"cg03157871",3,14.2857142857143
"cg03163337",7,33.3333333333333
"cg03164198",2,9.52380952380952
"cg03166732",2,9.52380952380952
"cg03169021",1,4.76190476190476
"cg03169191",3,14.2857142857143
"cg03169221",2,9.52380952380952
"cg03171800",9,42.8571428571429
"cg03172014",8,38.0952380952381
"cg03172264",6,28.5714285714286
"cg03172537",1,4.76190476190476
"cg03172945",8,38.0952380952381
"cg03175849",2,9.52380952380952
"cg03178468",1,4.76190476190476
"cg03181058",1,4.76190476190476
"cg03185894",1,4.76190476190476
"cg03186232",1,4.76190476190476
"cg03187573",2,9.52380952380952
"cg03187668",3,14.2857142857143
"cg03187988",17,80.9523809523809
"cg03193645",2,9.52380952380952
"cg03194786",1,4.76190476190476
"cg03199938",2,9.52380952380952
"cg03201004",2,9.52380952380952
"cg03201159",1,4.76190476190476
"cg03204825",4,19.047619047619
"cg03206691",1,4.76190476190476
"cg03207759",2,9.52380952380952
"cg03208284",1,4.76190476190476
"cg03208982",1,4.76190476190476
"cg03209103",5,23.8095238095238
"cg03209835",1,4.76190476190476
"cg03210210",1,4.76190476190476
"cg03211587",18,85.7142857142857
"cg03212480",1,4.76190476190476
"cg03212902",2,9.52380952380952
"cg03214200",1,4.76190476190476
"cg03215416",1,4.76190476190476
"cg03216697",7,33.3333333333333
"cg03216765",6,28.5714285714286
"cg03219996",1,4.76190476190476
"cg03222387",1,4.76190476190476
"cg03222658",1,4.76190476190476
"cg03223456",1,4.76190476190476
"cg03227115",9,42.8571428571429
"cg03228671",8,38.0952380952381
"cg03229772",2,9.52380952380952
"cg03230592",1,4.76190476190476
"cg03231094",14,66.6666666666667
"cg03235283",1,4.76190476190476
"cg03235325",1,4.76190476190476
"cg03237261",6,28.5714285714286
"cg03238392",1,4.76190476190476
"cg03240600",1,4.76190476190476
"cg03240727",1,4.76190476190476
"cg03244062",1,4.76190476190476
"cg03244650",1,4.76190476190476
"cg03247011",2,9.52380952380952
"cg03247360",1,4.76190476190476
"cg03249171",1,4.76190476190476
"cg03251110",1,4.76190476190476
"cg03254440",1,4.76190476190476
"cg03255417",2,9.52380952380952
"cg03256836",3,14.2857142857143
"cg03257293",5,23.8095238095238
"cg03258749",1,4.76190476190476
"cg03259384",4,19.047619047619
"cg03260563",1,4.76190476190476
"cg03262869",1,4.76190476190476
"cg03266527",6,28.5714285714286
"cg03269320",1,4.76190476190476
"cg03271827",1,4.76190476190476
"cg03275872",1,4.76190476190476
"cg03278611",1,4.76190476190476
"cg03280812",1,4.76190476190476
"cg03281368",3,14.2857142857143
"cg03282964",7,33.3333333333333
"cg03286000",2,9.52380952380952
"cg03287380",1,4.76190476190476
"cg03288838",2,9.52380952380952
"cg03293330",5,23.8095238095238
"cg03295086",6,28.5714285714286
"cg03295554",1,4.76190476190476
"cg03296304",4,19.047619047619
"cg03298447",7,33.3333333333333
"cg03299479",7,33.3333333333333
"cg03301339",4,19.047619047619
"cg03302055",20,95.2380952380952
"cg03306010",1,4.76190476190476
"cg03307769",1,4.76190476190476
"cg03308012",1,4.76190476190476
"cg03308856",2,9.52380952380952
"cg03309804",6,28.5714285714286
"cg03311906",2,9.52380952380952
"cg03312856",8,38.0952380952381
"cg03313422",2,9.52380952380952
"cg03313871",5,23.8095238095238
"cg03313909",4,19.047619047619
"cg03314775",17,80.9523809523809
"cg03314892",5,23.8095238095238
"cg03315145",2,9.52380952380952
"cg03317176",3,14.2857142857143
"cg03317485",1,4.76190476190476
"cg03319706",1,4.76190476190476
"cg03321394",1,4.76190476190476
"cg03322332",1,4.76190476190476
"cg03322369",1,4.76190476190476
"cg03324669",1,4.76190476190476
"cg03325790",9,42.8571428571429
"cg03326065",9,42.8571428571429
"cg03326823",6,28.5714285714286
"cg03330625",2,9.52380952380952
"cg03331344",1,4.76190476190476
"cg03334395",9,42.8571428571429
"cg03338822",1,4.76190476190476
"cg03339725",1,4.76190476190476
"cg03340426",1,4.76190476190476
"cg03340814",1,4.76190476190476
"cg03343715",1,4.76190476190476
"cg03344149",1,4.76190476190476
"cg03346477",1,4.76190476190476
"cg03346498",2,9.52380952380952
"cg03347444",2,9.52380952380952
"cg03348188",1,4.76190476190476
"cg03352006",1,4.76190476190476
"cg03354331",1,4.76190476190476
"cg03357219",1,4.76190476190476
"cg03359067",2,9.52380952380952
"cg03359503",1,4.76190476190476
"cg03360711",1,4.76190476190476
"cg03361576",7,33.3333333333333
"cg03364255",1,4.76190476190476
"cg03364259",3,14.2857142857143
"cg03364396",12,57.1428571428571
"cg03365024",21,100
"cg03370998",2,9.52380952380952
"cg03374975",2,9.52380952380952
"cg03387905",1,4.76190476190476
"cg03387958",1,4.76190476190476
"cg03393625",2,9.52380952380952
"cg03394309",1,4.76190476190476
"cg03394318",1,4.76190476190476
"cg03396870",1,4.76190476190476
"cg03398447",8,38.0952380952381
"cg03400397",2,9.52380952380952
"cg03401927",1,4.76190476190476
"cg03402738",1,4.76190476190476
"cg03404550",4,19.047619047619
"cg03406786",2,9.52380952380952
"cg03407412",3,14.2857142857143
"cg03408329",1,4.76190476190476
"cg03409144",1,4.76190476190476
"cg03409870",1,4.76190476190476
"cg03415137",14,66.6666666666667
"cg03419542",1,4.76190476190476
"cg03422534",2,9.52380952380952
"cg03423077",1,4.76190476190476
"cg03424550",1,4.76190476190476
"cg03425772",4,19.047619047619
"cg03430010",7,33.3333333333333
"cg03432603",3,14.2857142857143
"cg03435979",1,4.76190476190476
"cg03436546",1,4.76190476190476
"cg03441493",5,23.8095238095238
"cg03443143",5,23.8095238095238
"cg03444242",3,14.2857142857143
"cg03457088",1,4.76190476190476
"cg03460053",4,19.047619047619
"cg03464908",15,71.4285714285714
"cg03466093",2,9.52380952380952
"cg03466524",12,57.1428571428571
"cg03467680",6,28.5714285714286
"cg03469660",2,9.52380952380952
"cg03471320",4,19.047619047619
"cg03474879",3,14.2857142857143
"cg03476366",2,9.52380952380952
"cg03477254",9,42.8571428571429
"cg03498453",10,47.6190476190476
"cg03500965",1,4.76190476190476
"cg03502656",1,4.76190476190476
"cg03503252",8,38.0952380952381
"cg03505836",2,9.52380952380952
"cg03515879",4,19.047619047619
"cg03518815",5,23.8095238095238
"cg03522063",1,4.76190476190476
"cg03522929",2,9.52380952380952
"cg03523434",2,9.52380952380952
"cg03524836",1,4.76190476190476
"cg03529555",3,14.2857142857143
"cg03532045",1,4.76190476190476
"cg03532904",1,4.76190476190476
"cg03533500",7,33.3333333333333
"cg03534615",1,4.76190476190476
"cg03534770",4,19.047619047619
"cg03537491",1,4.76190476190476
"cg03538215",1,4.76190476190476
"cg03540107",1,4.76190476190476
"cg03544375",1,4.76190476190476
"cg03546739",4,19.047619047619
"cg03546994",1,4.76190476190476
"cg03551540",1,4.76190476190476
"cg03552929",1,4.76190476190476
"cg03555301",1,4.76190476190476
"cg03555477",1,4.76190476190476
"cg03557926",2,9.52380952380952
"cg03561481",2,9.52380952380952
"cg03561638",1,4.76190476190476
"cg03562919",5,23.8095238095238
"cg03564215",1,4.76190476190476
"cg03564534",1,4.76190476190476
"cg03565349",6,28.5714285714286
"cg03569420",3,14.2857142857143
"cg03574206",5,23.8095238095238
"cg03576836",1,4.76190476190476
"cg03577109",2,9.52380952380952
"cg03577779",2,9.52380952380952
"cg03579987",1,4.76190476190476
"cg03582302",4,19.047619047619
"cg03582538",2,9.52380952380952
"cg03583084",2,9.52380952380952
"cg03583510",5,23.8095238095238
"cg03583975",1,4.76190476190476
"cg03589085",1,4.76190476190476
"cg03590780",1,4.76190476190476
"cg03591517",1,4.76190476190476
"cg03591565",6,28.5714285714286
"cg03594074",1,4.76190476190476
"cg03595019",3,14.2857142857143
"cg03595488",4,19.047619047619
"cg03598098",2,9.52380952380952
"cg03601043",2,9.52380952380952
"cg03601053",7,33.3333333333333
"cg03601549",1,4.76190476190476
"cg03604388",1,4.76190476190476
"cg03604728",1,4.76190476190476
"cg03605201",1,4.76190476190476
"cg03607220",1,4.76190476190476
"cg03607287",8,38.0952380952381
"cg03607379",1,4.76190476190476
"cg03610123",3,14.2857142857143
"cg03612235",1,4.76190476190476
"cg03612333",1,4.76190476190476
"cg03613557",4,19.047619047619
"cg03615953",1,4.76190476190476
"cg03617411",16,76.1904761904762
"cg03617901",1,4.76190476190476
"cg03618508",1,4.76190476190476
"cg03619790",2,9.52380952380952
"cg03620595",11,52.3809523809524
"cg03621974",1,4.76190476190476
"cg03625113",4,19.047619047619
"cg03627231",5,23.8095238095238
"cg03629949",1,4.76190476190476
"cg03632357",1,4.76190476190476
"cg03633574",1,4.76190476190476
"cg03635425",1,4.76190476190476
"cg03638193",1,4.76190476190476
"cg03641300",1,4.76190476190476
"cg03643423",1,4.76190476190476
"cg03644933",3,14.2857142857143
"cg03645281",1,4.76190476190476
"cg03645944",1,4.76190476190476
"cg03646270",8,38.0952380952381
"cg03646499",17,80.9523809523809
"cg03647833",17,80.9523809523809
"cg03648724",2,9.52380952380952
"cg03649143",1,4.76190476190476
"cg03651194",1,4.76190476190476
"cg03651769",2,9.52380952380952
"cg03653374",6,28.5714285714286
"cg03654560",3,14.2857142857143
"cg03655752",2,9.52380952380952
"cg03656888",1,4.76190476190476
"cg03661056",1,4.76190476190476
"cg03661789",1,4.76190476190476
"cg03663538",3,14.2857142857143
"cg03663880",1,4.76190476190476
"cg03666323",2,9.52380952380952
"cg03667819",1,4.76190476190476
"cg03671265",1,4.76190476190476
"cg03671360",1,4.76190476190476
"cg03672679",7,33.3333333333333
"cg03676240",6,28.5714285714286
"cg03676569",4,19.047619047619
"cg03679205",1,4.76190476190476
"cg03679911",6,28.5714285714286
"cg03680870",1,4.76190476190476
"cg03682498",1,4.76190476190476
"cg03682856",1,4.76190476190476
"cg03683899",4,19.047619047619
"cg03689456",2,9.52380952380952
"cg03689586",2,9.52380952380952
"cg03690544",12,57.1428571428571
"cg03690656",1,4.76190476190476
"cg03695145",7,33.3333333333333
"cg03696277",3,14.2857142857143
"cg03698879",1,4.76190476190476
"cg03699871",1,4.76190476190476
"cg03701036",1,4.76190476190476
"cg03701951",1,4.76190476190476
"cg03702073",4,19.047619047619
"cg03704657",7,33.3333333333333
"cg03706128",1,4.76190476190476
"cg03708012",1,4.76190476190476
"cg03710564",1,4.76190476190476
"cg03711002",1,4.76190476190476
"cg03712980",3,14.2857142857143
"cg03714235",1,4.76190476190476
"cg03714881",5,23.8095238095238
"cg03715226",1,4.76190476190476
"cg03717119",1,4.76190476190476
"cg03717460",6,28.5714285714286
"cg03718242",2,9.52380952380952
"cg03722513",1,4.76190476190476
"cg03725291",5,23.8095238095238
"cg03725488",1,4.76190476190476
"cg03725491",4,19.047619047619
"cg03726015",1,4.76190476190476
"cg03728425",1,4.76190476190476
"cg03730519",1,4.76190476190476
"cg03733506",2,9.52380952380952
"cg03735488",4,19.047619047619
"cg03738475",2,9.52380952380952
"cg03741869",18,85.7142857142857
"cg03741892",2,9.52380952380952
"cg03743725",1,4.76190476190476
"cg03744115",3,14.2857142857143
"cg03747030",1,4.76190476190476
"cg03748118",1,4.76190476190476
"cg03748119",1,4.76190476190476
"cg03750315",7,33.3333333333333
"cg03753230",11,52.3809523809524
"cg03753451",1,4.76190476190476
"cg03756034",1,4.76190476190476
"cg03758171",16,76.1904761904762
"cg03760638",6,28.5714285714286
"cg03762805",1,4.76190476190476
"cg03763731",1,4.76190476190476
"cg03764335",3,14.2857142857143
"cg03764484",1,4.76190476190476
"cg03765873",1,4.76190476190476
"cg03766031",5,23.8095238095238
"cg03767353",6,28.5714285714286
"cg03768569",5,23.8095238095238
"cg03769088",6,28.5714285714286
"cg03770042",1,4.76190476190476
"cg03770173",1,4.76190476190476
"cg03771702",1,4.76190476190476
"cg03772375",1,4.76190476190476
"cg03776542",1,4.76190476190476
"cg03776800",2,9.52380952380952
"cg03779702",1,4.76190476190476
"cg03782827",6,28.5714285714286
"cg03784939",2,9.52380952380952
"cg03786011",4,19.047619047619
"cg03791826",7,33.3333333333333
"cg03797593",1,4.76190476190476
"cg03797726",3,14.2857142857143
"cg03803677",4,19.047619047619
"cg03804248",2,9.52380952380952
"cg03805823",1,4.76190476190476
"cg03805929",3,14.2857142857143
"cg03809827",6,28.5714285714286
"cg03810680",18,85.7142857142857
"cg03812066",1,4.76190476190476
"cg03812268",2,9.52380952380952
"cg03818943",1,4.76190476190476
"cg03821312",9,42.8571428571429
"cg03821522",1,4.76190476190476
"cg03821557",2,9.52380952380952
"cg03821671",3,14.2857142857143
"cg03821675",2,9.52380952380952
"cg03824126",1,4.76190476190476
"cg03825335",1,4.76190476190476
"cg03825843",1,4.76190476190476
"cg03827804",2,9.52380952380952
"cg03827847",2,9.52380952380952
"cg03828741",1,4.76190476190476
"cg03829028",7,33.3333333333333
"cg03835150",5,23.8095238095238
"cg03835197",7,33.3333333333333
"cg03839297",2,9.52380952380952
"cg03844611",1,4.76190476190476
"cg03845337",8,38.0952380952381
"cg03847069",1,4.76190476190476
"cg03849254",1,4.76190476190476
"cg03851946",4,19.047619047619
"cg03853124",6,28.5714285714286
"cg03854330",20,95.2380952380952
"cg03854667",1,4.76190476190476
"cg03856775",11,52.3809523809524
"cg03857732",1,4.76190476190476
"cg03859313",2,9.52380952380952
"cg03859395",2,9.52380952380952
"cg03859906",1,4.76190476190476
"cg03861379",6,28.5714285714286
"cg03863084",10,47.6190476190476
"cg03866774",3,14.2857142857143
"cg03868193",2,9.52380952380952
"cg03868966",1,4.76190476190476
"cg03870719",2,9.52380952380952
"cg03871489",1,4.76190476190476
"cg03872743",1,4.76190476190476
"cg03872751",1,4.76190476190476
"cg03874890",4,19.047619047619
"cg03879000",1,4.76190476190476
"cg03879618",3,14.2857142857143
"cg03880332",2,9.52380952380952
"cg03881892",1,4.76190476190476
"cg03885036",1,4.76190476190476
"cg03886909",2,9.52380952380952
"cg03888275",6,28.5714285714286
"cg03889315",1,4.76190476190476
"cg03891475",5,23.8095238095238
"cg03892815",1,4.76190476190476
"cg03896944",12,57.1428571428571
"cg03897243",1,4.76190476190476
"cg03898322",1,4.76190476190476
"cg03899052",14,66.6666666666667
"cg03899059",1,4.76190476190476
"cg03899213",3,14.2857142857143
"cg03900231",1,4.76190476190476
"cg03901585",1,4.76190476190476
"cg03902989",1,4.76190476190476
"cg03906986",1,4.76190476190476
"cg03908097",1,4.76190476190476
"cg03909798",1,4.76190476190476
"cg03911739",1,4.76190476190476
"cg03912349",1,4.76190476190476
"cg03912404",1,4.76190476190476
"cg03912454",1,4.76190476190476
"cg03913076",1,4.76190476190476
"cg03917872",5,23.8095238095238
"cg03918690",19,90.4761904761905
"cg03918941",1,4.76190476190476
"cg03921923",12,57.1428571428571
"cg03921965",1,4.76190476190476
"cg03922048",1,4.76190476190476
"cg03924787",1,4.76190476190476
"cg03925845",1,4.76190476190476
"cg03928247",1,4.76190476190476
"cg03932584",2,9.52380952380952
"cg03933044",3,14.2857142857143
"cg03937392",1,4.76190476190476
"cg03939065",6,28.5714285714286
"cg03940323",1,4.76190476190476
"cg03941746",2,9.52380952380952
"cg03943268",8,38.0952380952381
"cg03944348",5,23.8095238095238
"cg03946143",2,9.52380952380952
"cg03951335",1,4.76190476190476
"cg03955052",6,28.5714285714286
"cg03955483",2,9.52380952380952
"cg03958406",8,38.0952380952381
"cg03958427",6,28.5714285714286
"cg03963837",1,4.76190476190476
"cg03965138",2,9.52380952380952
"cg03965746",4,19.047619047619
"cg03966322",1,4.76190476190476
"cg03969158",6,28.5714285714286
"cg03970033",1,4.76190476190476
"cg03970501",1,4.76190476190476
"cg03971505",12,57.1428571428571
"cg03974197",11,52.3809523809524
"cg03974850",4,19.047619047619
"cg03974886",7,33.3333333333333
"cg03975540",2,9.52380952380952
"cg03980250",1,4.76190476190476
"cg03980318",4,19.047619047619
"cg03981877",1,4.76190476190476
"cg03982071",3,14.2857142857143
"cg03982150",1,4.76190476190476
"cg03983544",1,4.76190476190476
"cg03986027",7,33.3333333333333
"cg03988622",1,4.76190476190476
"cg03988793",1,4.76190476190476
"cg03990033",2,9.52380952380952
"cg03990141",10,47.6190476190476
"cg03992965",1,4.76190476190476
"cg03994477",13,61.9047619047619
"cg04003024",1,4.76190476190476
"cg04004308",8,38.0952380952381
"cg04006235",1,4.76190476190476
"cg04006871",1,4.76190476190476
"cg04007359",3,14.2857142857143
"cg04009816",2,9.52380952380952
"cg04010139",3,14.2857142857143
"cg04012255",1,4.76190476190476
"cg04013592",1,4.76190476190476
"cg04014366",1,4.76190476190476
"cg04017927",3,14.2857142857143
"cg04019140",2,9.52380952380952
"cg04021548",6,28.5714285714286
"cg04024781",2,9.52380952380952
"cg04026002",6,28.5714285714286
"cg04027132",2,9.52380952380952
"cg04028306",1,4.76190476190476
"cg04029736",1,4.76190476190476
"cg04030495",1,4.76190476190476
"cg04030923",2,9.52380952380952
"cg04031632",2,9.52380952380952
"cg04035570",1,4.76190476190476
"cg04036441",3,14.2857142857143
"cg04037970",2,9.52380952380952
"cg04038503",1,4.76190476190476
"cg04042030",4,19.047619047619
"cg04043517",1,4.76190476190476
"cg04044314",1,4.76190476190476
"cg04047016",1,4.76190476190476
"cg04051309",7,33.3333333333333
"cg04054303",5,23.8095238095238
"cg04059337",2,9.52380952380952
"cg04061293",1,4.76190476190476
"cg04062819",10,47.6190476190476
"cg04062868",4,19.047619047619
"cg04062882",4,19.047619047619
"cg04064060",1,4.76190476190476
"cg04064200",7,33.3333333333333
"cg04064639",6,28.5714285714286
"cg04065419",1,4.76190476190476
"cg04066634",1,4.76190476190476
"cg04069454",1,4.76190476190476
"cg04071089",1,4.76190476190476
"cg04072411",3,14.2857142857143
"cg04074770",1,4.76190476190476
"cg04075827",1,4.76190476190476
"cg04077303",1,4.76190476190476
"cg04078195",1,4.76190476190476
"cg04084210",3,14.2857142857143
"cg04085423",2,9.52380952380952
"cg04088477",7,33.3333333333333
"cg04089095",2,9.52380952380952
"cg04089103",7,33.3333333333333
"cg04089974",1,4.76190476190476
"cg04090852",1,4.76190476190476
"cg04092939",1,4.76190476190476
"cg04095914",8,38.0952380952381
"cg04096918",5,23.8095238095238
"cg04099221",1,4.76190476190476
"cg04100691",1,4.76190476190476
"cg04101117",1,4.76190476190476
"cg04102384",3,14.2857142857143
"cg04103193",2,9.52380952380952
"cg04103291",1,4.76190476190476
"cg04103432",1,4.76190476190476
"cg04104541",1,4.76190476190476
"cg04105275",1,4.76190476190476
"cg04106116",2,9.52380952380952
"cg04106128",2,9.52380952380952
"cg04106857",1,4.76190476190476
"cg04109359",1,4.76190476190476
"cg04116931",8,38.0952380952381
"cg04119278",1,4.76190476190476
"cg04121562",2,9.52380952380952
"cg04123665",7,33.3333333333333
"cg04124201",11,52.3809523809524
"cg04124354",1,4.76190476190476
"cg04124998",4,19.047619047619
"cg04128499",1,4.76190476190476
"cg04132713",8,38.0952380952381
"cg04135602",1,4.76190476190476
"cg04136063",4,19.047619047619
"cg04136601",10,47.6190476190476
"cg04137323",1,4.76190476190476
"cg04138046",3,14.2857142857143
"cg04141908",1,4.76190476190476
"cg04143828",1,4.76190476190476
"cg04145323",5,23.8095238095238
"cg04146259",1,4.76190476190476
"cg04148093",1,4.76190476190476
"cg04150020",1,4.76190476190476
"cg04150707",2,9.52380952380952
"cg04152040",1,4.76190476190476
"cg04157633",4,19.047619047619
"cg04160628",7,33.3333333333333
"cg04163474",2,9.52380952380952
"cg04163534",2,9.52380952380952
"cg04164534",2,9.52380952380952
"cg04165359",1,4.76190476190476
"cg04166405",2,9.52380952380952
"cg04167809",7,33.3333333333333
"cg04169747",5,23.8095238095238
"cg04170242",13,61.9047619047619
"cg04172761",1,4.76190476190476
"cg04174030",6,28.5714285714286
"cg04179587",1,4.76190476190476
"cg04182197",6,28.5714285714286
"cg04185639",4,19.047619047619
"cg04185799",2,9.52380952380952
"cg04191848",7,33.3333333333333
"cg04193779",7,33.3333333333333
"cg04194342",5,23.8095238095238
"cg04195863",1,4.76190476190476
"cg04199023",1,4.76190476190476
"cg04199615",2,9.52380952380952
"cg04201910",4,19.047619047619
"cg04202033",1,4.76190476190476
"cg04204897",2,9.52380952380952
"cg04207414",4,19.047619047619
"cg04209883",1,4.76190476190476
"cg04210697",8,38.0952380952381
"cg04211150",1,4.76190476190476
"cg04211779",7,33.3333333333333
"cg04219134",2,9.52380952380952
"cg04221070",1,4.76190476190476
"cg04222004",3,14.2857142857143
"cg04225254",1,4.76190476190476
"cg04226929",9,42.8571428571429
"cg04227007",1,4.76190476190476
"cg04228581",1,4.76190476190476
"cg04231562",2,9.52380952380952
"cg04233879",1,4.76190476190476
"cg04234488",1,4.76190476190476
"cg04236664",1,4.76190476190476
"cg04237482",1,4.76190476190476
"cg04238610",5,23.8095238095238
"cg04239438",1,4.76190476190476
"cg04240329",2,9.52380952380952
"cg04241123",1,4.76190476190476
"cg04241281",2,9.52380952380952
"cg04241598",9,42.8571428571429
"cg04245104",1,4.76190476190476
"cg04248937",4,19.047619047619
"cg04249603",5,23.8095238095238
"cg04249993",1,4.76190476190476
"cg04250233",4,19.047619047619
"cg04252651",2,9.52380952380952
"cg04258514",10,47.6190476190476
"cg04265598",12,57.1428571428571
"cg04266774",10,47.6190476190476
"cg04272684",1,4.76190476190476
"cg04275182",1,4.76190476190476
"cg04279492",4,19.047619047619
"cg04282298",1,4.76190476190476
"cg04290233",1,4.76190476190476
"cg04290820",7,33.3333333333333
"cg04294154",8,38.0952380952381
"cg04295270",2,9.52380952380952
"cg04297814",2,9.52380952380952
"cg04298738",5,23.8095238095238
"cg04300150",1,4.76190476190476
"cg04301132",1,4.76190476190476
"cg04302096",10,47.6190476190476
"cg04302810",3,14.2857142857143
"cg04303809",6,28.5714285714286
"cg04304461",1,4.76190476190476
"cg04305627",1,4.76190476190476
"cg04311686",4,19.047619047619
"cg04313317",3,14.2857142857143
"cg04314715",1,4.76190476190476
"cg04317146",1,4.76190476190476
"cg04317927",1,4.76190476190476
"cg04318614",1,4.76190476190476
"cg04331405",11,52.3809523809524
"cg04334549",1,4.76190476190476
"cg04334746",1,4.76190476190476
"cg04335658",4,19.047619047619
"cg04337937",2,9.52380952380952
"cg04345678",1,4.76190476190476
"cg04347820",2,9.52380952380952
"cg04349455",1,4.76190476190476
"cg04352359",5,23.8095238095238
"cg04352391",1,4.76190476190476
"cg04353150",9,42.8571428571429
"cg04354335",2,9.52380952380952
"cg04356342",3,14.2857142857143
"cg04359621",1,4.76190476190476
"cg04361491",2,9.52380952380952
"cg04362500",1,4.76190476190476
"cg04364764",1,4.76190476190476
"cg04365308",1,4.76190476190476
"cg04366777",2,9.52380952380952
"cg04367379",11,52.3809523809524
"cg04370102",1,4.76190476190476
"cg04371981",11,52.3809523809524
"cg04374785",2,9.52380952380952
"cg04378659",4,19.047619047619
"cg04380118",1,4.76190476190476
"cg04382302",14,66.6666666666667
"cg04388226",6,28.5714285714286
"cg04388989",3,14.2857142857143
"cg04389550",1,4.76190476190476
"cg04390512",3,14.2857142857143
"cg04390689",6,28.5714285714286
"cg04394119",1,4.76190476190476
"cg04394341",2,9.52380952380952
"cg04396179",6,28.5714285714286
"cg04397873",7,33.3333333333333
"cg04408998",6,28.5714285714286
"cg04410987",1,4.76190476190476
"cg04413138",1,4.76190476190476
"cg04413550",2,9.52380952380952
"cg04414311",2,9.52380952380952
"cg04415014",1,4.76190476190476
"cg04419680",5,23.8095238095238
"cg04419769",16,76.1904761904762
"cg04422741",1,4.76190476190476
"cg04430191",1,4.76190476190476
"cg04430363",4,19.047619047619
"cg04430503",9,42.8571428571429
"cg04430904",1,4.76190476190476
"cg04436287",1,4.76190476190476
"cg04438332",3,14.2857142857143
"cg04438919",3,14.2857142857143
"cg04440119",11,52.3809523809524
"cg04443257",2,9.52380952380952
"cg04447794",18,85.7142857142857
"cg04448376",7,33.3333333333333
"cg04449352",1,4.76190476190476
"cg04454582",5,23.8095238095238
"cg04455146",1,4.76190476190476
"cg04456664",4,19.047619047619
"cg04458195",1,4.76190476190476
"cg04462620",1,4.76190476190476
"cg04472373",1,4.76190476190476
"cg04472673",14,66.6666666666667
"cg04473315",19,90.4761904761905
"cg04473621",1,4.76190476190476
"cg04476387",4,19.047619047619
"cg04476851",3,14.2857142857143
"cg04478111",2,9.52380952380952
"cg04483814",1,4.76190476190476
"cg04484105",7,33.3333333333333
"cg04484255",18,85.7142857142857
"cg04487833",3,14.2857142857143
"cg04487907",2,9.52380952380952
"cg04488207",3,14.2857142857143
"cg04489316",1,4.76190476190476
"cg04492287",1,4.76190476190476
"cg04492396",4,19.047619047619
"cg04493908",2,9.52380952380952
"cg04495110",1,4.76190476190476
"cg04497094",1,4.76190476190476
"cg04498411",1,4.76190476190476
"cg04500577",4,19.047619047619
"cg04501263",1,4.76190476190476
"cg04502361",1,4.76190476190476
"cg04504093",5,23.8095238095238
"cg04504559",12,57.1428571428571
"cg04507598",2,9.52380952380952
"cg04509201",7,33.3333333333333
"cg04509843",13,61.9047619047619
"cg04510049",5,23.8095238095238
"cg04511087",1,4.76190476190476
"cg04512340",3,14.2857142857143
"cg04513123",1,4.76190476190476
"cg04514910",2,9.52380952380952
"cg04515477",1,4.76190476190476
"cg04515987",6,28.5714285714286
"cg04516135",1,4.76190476190476
"cg04519648",1,4.76190476190476
"cg04522024",1,4.76190476190476
"cg04523249",1,4.76190476190476
"cg04523927",1,4.76190476190476
"cg04525998",1,4.76190476190476
"cg04528427",1,4.76190476190476
"cg04530445",1,4.76190476190476
"cg04531005",1,4.76190476190476
"cg04534652",1,4.76190476190476
"cg04535533",10,47.6190476190476
"cg04538695",1,4.76190476190476
"cg04543427",13,61.9047619047619
"cg04543823",2,9.52380952380952
"cg04546557",1,4.76190476190476
"cg04547291",1,4.76190476190476
"cg04547326",4,19.047619047619
"cg04547964",1,4.76190476190476
"cg04548490",7,33.3333333333333
"cg04550672",6,28.5714285714286
"cg04551914",1,4.76190476190476
"cg04553148",1,4.76190476190476
"cg04557749",2,9.52380952380952
"cg04558320",4,19.047619047619
"cg04558601",1,4.76190476190476
"cg04559159",1,4.76190476190476
"cg04559484",1,4.76190476190476
"cg04562821",1,4.76190476190476
"cg04564226",5,23.8095238095238
"cg04564377",1,4.76190476190476
"cg04564875",1,4.76190476190476
"cg04565340",5,23.8095238095238
"cg04565834",1,4.76190476190476
"cg04570419",3,14.2857142857143
"cg04574083",1,4.76190476190476
"cg04577799",1,4.76190476190476
"cg04579781",12,57.1428571428571
"cg04580104",7,33.3333333333333
"cg04584923",1,4.76190476190476
"cg04585475",3,14.2857142857143
"cg04588435",3,14.2857142857143
"cg04590119",1,4.76190476190476
"cg04591335",1,4.76190476190476
"cg04595719",1,4.76190476190476
"cg04596122",1,4.76190476190476
"cg04597884",1,4.76190476190476
"cg04602941",1,4.76190476190476
"cg04605625",1,4.76190476190476
"cg04608271",2,9.52380952380952
"cg04608401",1,4.76190476190476
"cg04608779",2,9.52380952380952
"cg04608997",2,9.52380952380952
"cg04612463",9,42.8571428571429
"cg04613576",2,9.52380952380952
"cg04615113",3,14.2857142857143
"cg04619644",1,4.76190476190476
"cg04619721",1,4.76190476190476
"cg04623486",2,9.52380952380952
"cg04623571",8,38.0952380952381
"cg04628535",1,4.76190476190476
"cg04629215",1,4.76190476190476
"cg04630101",6,28.5714285714286
"cg04630791",9,42.8571428571429
"cg04637881",5,23.8095238095238
"cg04643488",1,4.76190476190476
"cg04644878",5,23.8095238095238
"cg04644921",2,9.52380952380952
"cg04647494",2,9.52380952380952
"cg04648275",6,28.5714285714286
"cg04648305",1,4.76190476190476
"cg04650055",6,28.5714285714286
"cg04650440",5,23.8095238095238
"cg04651076",18,85.7142857142857
"cg04658651",5,23.8095238095238
"cg04660970",1,4.76190476190476
"cg04661457",3,14.2857142857143
"cg04662943",5,23.8095238095238
"cg04664833",2,9.52380952380952
"cg04666503",1,4.76190476190476
"cg04669023",1,4.76190476190476
"cg04671901",7,33.3333333333333
"cg04672495",2,9.52380952380952
"cg04675957",1,4.76190476190476
"cg04679974",7,33.3333333333333
"cg04684225",2,9.52380952380952
"cg04687972",1,4.76190476190476
"cg04688079",1,4.76190476190476
"cg04688450",1,4.76190476190476
"cg04690496",1,4.76190476190476
"cg04693972",1,4.76190476190476
"cg04700229",4,19.047619047619
"cg04704832",2,9.52380952380952
"cg04706887",14,66.6666666666667
"cg04707023",1,4.76190476190476
"cg04709781",1,4.76190476190476
"cg04710658",1,4.76190476190476
"cg04712122",2,9.52380952380952
"cg04714058",3,14.2857142857143
"cg04715547",1,4.76190476190476
"cg04718705",1,4.76190476190476
"cg04720309",1,4.76190476190476
"cg04721202",1,4.76190476190476
"cg04721485",1,4.76190476190476
"cg04724700",3,14.2857142857143
"cg04728840",2,9.52380952380952
"cg04730355",1,4.76190476190476
"cg04732856",2,9.52380952380952
"cg04733478",5,23.8095238095238
"cg04735346",8,38.0952380952381
"cg04738210",3,14.2857142857143
"cg04740812",1,4.76190476190476
"cg04741595",1,4.76190476190476
"cg04743239",1,4.76190476190476
"cg04745281",6,28.5714285714286
"cg04745703",5,23.8095238095238
"cg04747406",2,9.52380952380952
"cg04751559",2,9.52380952380952
"cg04751784",4,19.047619047619
"cg04765650",1,4.76190476190476
"cg04766510",9,42.8571428571429
"cg04767599",2,9.52380952380952
"cg04773700",6,28.5714285714286
"cg04773940",1,4.76190476190476
"cg04774623",2,9.52380952380952
"cg04774639",1,4.76190476190476
"cg04776469",1,4.76190476190476
"cg04778755",3,14.2857142857143
"cg04779555",1,4.76190476190476
"cg04781515",1,4.76190476190476
"cg04782823",1,4.76190476190476
"cg04783624",2,9.52380952380952
"cg04787110",6,28.5714285714286
"cg04790356",1,4.76190476190476
"cg04790764",4,19.047619047619
"cg04790916",3,14.2857142857143
"cg04792227",1,4.76190476190476
"cg04797575",1,4.76190476190476
"cg04799002",3,14.2857142857143
"cg04799449",1,4.76190476190476
"cg04799651",1,4.76190476190476
"cg04802073",9,42.8571428571429
"cg04806722",1,4.76190476190476
"cg04806876",1,4.76190476190476
"cg04812087",2,9.52380952380952
"cg04813506",1,4.76190476190476
"cg04813590",1,4.76190476190476
"cg04813677",1,4.76190476190476
"cg04819017",14,66.6666666666667
"cg04821772",2,9.52380952380952
"cg04823971",5,23.8095238095238
"cg04824070",1,4.76190476190476
"cg04826023",1,4.76190476190476
"cg04830012",2,9.52380952380952
"cg04831373",10,47.6190476190476
"cg04831594",6,28.5714285714286
"cg04833598",1,4.76190476190476
"cg04835326",1,4.76190476190476
"cg04836039",1,4.76190476190476
"cg04839196",1,4.76190476190476
"cg04839710",2,9.52380952380952
"cg04841583",4,19.047619047619
"cg04841955",1,4.76190476190476
"cg04845892",1,4.76190476190476
"cg04850330",1,4.76190476190476
"cg04852418",5,23.8095238095238
"cg04854503",1,4.76190476190476
"cg04856802",1,4.76190476190476
"cg04861640",17,80.9523809523809
"cg04862194",1,4.76190476190476
"cg04862347",2,9.52380952380952
"cg04863507",1,4.76190476190476
"cg04864372",1,4.76190476190476
"cg04865495",5,23.8095238095238
"cg04868078",1,4.76190476190476
"cg04869840",1,4.76190476190476
"cg04872573",6,28.5714285714286
"cg04874074",1,4.76190476190476
"cg04875637",4,19.047619047619
"cg04876127",1,4.76190476190476
"cg04878842",1,4.76190476190476
"cg04879348",2,9.52380952380952
"cg04879995",3,14.2857142857143
"cg04881920",1,4.76190476190476
"cg04883202",1,4.76190476190476
"cg04887104",2,9.52380952380952
"cg04888136",1,4.76190476190476
"cg04888366",2,9.52380952380952
"cg04888498",3,14.2857142857143
"cg04889000",1,4.76190476190476
"cg04890266",3,14.2857142857143
"cg04891379",3,14.2857142857143
"cg04892437",6,28.5714285714286
"cg04898932",12,57.1428571428571
"cg04900179",1,4.76190476190476
"cg04903898",1,4.76190476190476
"cg04907252",2,9.52380952380952
"cg04910348",2,9.52380952380952
"cg04911366",1,4.76190476190476
"cg04911518",1,4.76190476190476
"cg04914281",1,4.76190476190476
"cg04914804",1,4.76190476190476
"cg04918256",7,33.3333333333333
"cg04918897",9,42.8571428571429
"cg04921886",2,9.52380952380952
"cg04923738",1,4.76190476190476
"cg04926155",1,4.76190476190476
"cg04927098",2,9.52380952380952
"cg04929355",1,4.76190476190476
"cg04930456",1,4.76190476190476
"cg04931126",1,4.76190476190476
"cg04932298",1,4.76190476190476
"cg04933726",1,4.76190476190476
"cg04933933",3,14.2857142857143
"cg04936872",1,4.76190476190476
"cg04937939",1,4.76190476190476
"cg04938430",8,38.0952380952381
"cg04945216",1,4.76190476190476
"cg04945335",1,4.76190476190476
"cg04945518",3,14.2857142857143
"cg04945586",7,33.3333333333333
"cg04948428",2,9.52380952380952
"cg04949953",1,4.76190476190476
"cg04950128",2,9.52380952380952
"cg04954013",3,14.2857142857143
"cg04954709",1,4.76190476190476
"cg04955280",1,4.76190476190476
"cg04960147",1,4.76190476190476
"cg04961850",1,4.76190476190476
"cg04963482",1,4.76190476190476
"cg04964845",1,4.76190476190476
"cg04966917",2,9.52380952380952
"cg04971174",18,85.7142857142857
"cg04971811",1,4.76190476190476
"cg04972103",1,4.76190476190476
"cg04974804",2,9.52380952380952
"cg04974953",2,9.52380952380952
"cg04975876",1,4.76190476190476
"cg04978300",1,4.76190476190476
"cg04978858",1,4.76190476190476
"cg04979230",2,9.52380952380952
"cg04979397",2,9.52380952380952
"cg04979798",1,4.76190476190476
"cg04982343",1,4.76190476190476
"cg04982938",7,33.3333333333333
"cg04984024",4,19.047619047619
"cg04984754",2,9.52380952380952
"cg04986324",1,4.76190476190476
"cg04994195",2,9.52380952380952
"cg04995521",1,4.76190476190476
"cg05001349",6,28.5714285714286
"cg05002712",1,4.76190476190476
"cg05003654",2,9.52380952380952
"cg05005753",5,23.8095238095238
"cg05007166",1,4.76190476190476
"cg05009238",2,9.52380952380952
"cg05011988",3,14.2857142857143
"cg05012404",1,4.76190476190476
"cg05013464",3,14.2857142857143
"cg05014687",3,14.2857142857143
"cg05018713",1,4.76190476190476
"cg05023269",3,14.2857142857143
"cg05026097",1,4.76190476190476
"cg05027972",6,28.5714285714286
"cg05028423",1,4.76190476190476
"cg05028526",4,19.047619047619
"cg05030759",1,4.76190476190476
"cg05032281",1,4.76190476190476
"cg05032293",1,4.76190476190476
"cg05033548",1,4.76190476190476
"cg05040511",1,4.76190476190476
"cg05043626",1,4.76190476190476
"cg05045174",18,85.7142857142857
"cg05046195",1,4.76190476190476
"cg05047191",4,19.047619047619
"cg05047990",1,4.76190476190476
"cg05051262",5,23.8095238095238
"cg05053121",7,33.3333333333333
"cg05055518",2,9.52380952380952
"cg05060047",1,4.76190476190476
"cg05060989",2,9.52380952380952
"cg05062539",1,4.76190476190476
"cg05062902",1,4.76190476190476
"cg05066631",1,4.76190476190476
"cg05073906",7,33.3333333333333
"cg05074283",1,4.76190476190476
"cg05074873",1,4.76190476190476
"cg05075236",3,14.2857142857143
"cg05075922",3,14.2857142857143
"cg05077768",2,9.52380952380952
"cg05081155",1,4.76190476190476
"cg05082203",1,4.76190476190476
"cg05085162",1,4.76190476190476
"cg05087358",1,4.76190476190476
"cg05088331",1,4.76190476190476
"cg05093194",2,9.52380952380952
"cg05094909",1,4.76190476190476
"cg05096706",19,90.4761904761905
"cg05096938",1,4.76190476190476
"cg05101231",2,9.52380952380952
"cg05103078",7,33.3333333333333
"cg05104784",4,19.047619047619
"cg05106712",1,4.76190476190476
"cg05107468",1,4.76190476190476
"cg05108024",9,42.8571428571429
"cg05108668",17,80.9523809523809
"cg05111159",3,14.2857142857143
"cg05113038",6,28.5714285714286
"cg05121260",9,42.8571428571429
"cg05124117",1,4.76190476190476
"cg05127736",2,9.52380952380952
"cg05127962",1,4.76190476190476
"cg05128824",7,33.3333333333333
"cg05128946",3,14.2857142857143
"cg05133745",2,9.52380952380952
"cg05133883",1,4.76190476190476
"cg05135930",1,4.76190476190476
"cg05138135",1,4.76190476190476
"cg05140984",1,4.76190476190476
"cg05141485",2,9.52380952380952
"cg05144042",4,19.047619047619
"cg05145257",1,4.76190476190476
"cg05147279",10,47.6190476190476
"cg05150048",2,9.52380952380952
"cg05150301",1,4.76190476190476
"cg05152671",1,4.76190476190476
"cg05153152",2,9.52380952380952
"cg05161357",2,9.52380952380952
"cg05164374",5,23.8095238095238
"cg05165050",2,9.52380952380952
"cg05165779",4,19.047619047619
"cg05166822",3,14.2857142857143
"cg05174021",1,4.76190476190476
"cg05176716",4,19.047619047619
"cg05185636",1,4.76190476190476
"cg05187404",1,4.76190476190476
"cg05187542",2,9.52380952380952
"cg05188645",5,23.8095238095238
"cg05190807",7,33.3333333333333
"cg05194532",10,47.6190476190476
"cg05194607",1,4.76190476190476
"cg05195221",1,4.76190476190476
"cg05196120",4,19.047619047619
"cg05196362",4,19.047619047619
"cg05196621",1,4.76190476190476
"cg05197413",5,23.8095238095238
"cg05197770",1,4.76190476190476
"cg05197967",1,4.76190476190476
"cg05198354",1,4.76190476190476
"cg05198817",4,19.047619047619
"cg05198872",8,38.0952380952381
"cg05199333",8,38.0952380952381
"cg05199541",1,4.76190476190476
"cg05202434",6,28.5714285714286
"cg05202924",1,4.76190476190476
"cg05204053",2,9.52380952380952
"cg05204095",1,4.76190476190476
"cg05204171",1,4.76190476190476
"cg05205676",9,42.8571428571429
"cg05206599",1,4.76190476190476
"cg05206807",1,4.76190476190476
"cg05209020",1,4.76190476190476
"cg05213199",8,38.0952380952381
"cg05214409",7,33.3333333333333
"cg05215521",2,9.52380952380952
"cg05218743",11,52.3809523809524
"cg05221782",10,47.6190476190476
"cg05223061",1,4.76190476190476
"cg05225878",6,28.5714285714286
"cg05226279",1,4.76190476190476
"cg05229655",1,4.76190476190476
"cg05231935",3,14.2857142857143
"cg05237061",1,4.76190476190476
"cg05239887",5,23.8095238095238
"cg05242722",1,4.76190476190476
"cg05243498",5,23.8095238095238
"cg05249744",3,14.2857142857143
"cg05258276",1,4.76190476190476
"cg05260703",8,38.0952380952381
"cg05260982",6,28.5714285714286
"cg05262409",1,4.76190476190476
"cg05263725",1,4.76190476190476
"cg05264256",1,4.76190476190476
"cg05265131",1,4.76190476190476
"cg05267741",1,4.76190476190476
"cg05272661",4,19.047619047619
"cg05274353",1,4.76190476190476
"cg05274749",8,38.0952380952381
"cg05274765",1,4.76190476190476
"cg05277831",1,4.76190476190476
"cg05279761",1,4.76190476190476
"cg05280557",1,4.76190476190476
"cg05283608",3,14.2857142857143
"cg05290021",4,19.047619047619
"cg05290470",1,4.76190476190476
"cg05291233",1,4.76190476190476
"cg05291490",14,66.6666666666667
"cg05293054",1,4.76190476190476
"cg05294022",1,4.76190476190476
"cg05294307",1,4.76190476190476
"cg05295198",5,23.8095238095238
"cg05301965",2,9.52380952380952
"cg05303448",1,4.76190476190476
"cg05307536",2,9.52380952380952
"cg05307919",1,4.76190476190476
"cg05308744",1,4.76190476190476
"cg05310730",4,19.047619047619
"cg05314054",1,4.76190476190476
"cg05314363",7,33.3333333333333
"cg05320533",2,9.52380952380952
"cg05323262",2,9.52380952380952
"cg05324349",6,28.5714285714286
"cg05330492",1,4.76190476190476
"cg05330848",1,4.76190476190476
"cg05331804",5,23.8095238095238
"cg05335223",1,4.76190476190476
"cg05335876",1,4.76190476190476
"cg05336579",2,9.52380952380952
"cg05336893",2,9.52380952380952
"cg05338066",2,9.52380952380952
"cg05339956",6,28.5714285714286
"cg05340094",3,14.2857142857143
"cg05341234",3,14.2857142857143
"cg05342790",1,4.76190476190476
"cg05342853",1,4.76190476190476
"cg05347405",1,4.76190476190476
"cg05349286",1,4.76190476190476
"cg05353660",1,4.76190476190476
"cg05353973",1,4.76190476190476
"cg05355138",12,57.1428571428571
"cg05357132",1,4.76190476190476
"cg05358800",2,9.52380952380952
"cg05362314",1,4.76190476190476
"cg05364038",3,14.2857142857143
"cg05366453",1,4.76190476190476
"cg05370853",1,4.76190476190476
"cg05372444",6,28.5714285714286
"cg05373885",3,14.2857142857143
"cg05376227",1,4.76190476190476
"cg05377594",1,4.76190476190476
"cg05378695",5,23.8095238095238
"cg05380209",6,28.5714285714286
"cg05381186",2,9.52380952380952
"cg05383619",6,28.5714285714286
"cg05383646",1,4.76190476190476
"cg05384467",4,19.047619047619
"cg05385188",1,4.76190476190476
"cg05385723",9,42.8571428571429
"cg05388242",1,4.76190476190476
"cg05391420",1,4.76190476190476
"cg05391690",2,9.52380952380952
"cg05392610",10,47.6190476190476
"cg05409505",1,4.76190476190476
"cg05409699",1,4.76190476190476
"cg05413844",1,4.76190476190476
"cg05414613",1,4.76190476190476
"cg05414845",1,4.76190476190476
"cg05417950",2,9.52380952380952
"cg05423095",1,4.76190476190476
"cg05424526",1,4.76190476190476
"cg05425535",1,4.76190476190476
"cg05425922",3,14.2857142857143
"cg05433426",3,14.2857142857143
"cg05433739",1,4.76190476190476
"cg05434324",7,33.3333333333333
"cg05435765",1,4.76190476190476
"cg05435904",1,4.76190476190476
"cg05438259",11,52.3809523809524
"cg05439349",13,61.9047619047619
"cg05439451",2,9.52380952380952
"cg05441094",4,19.047619047619
"cg05443314",1,4.76190476190476
"cg05449221",6,28.5714285714286
"cg05450325",2,9.52380952380952
"cg05450939",2,9.52380952380952
"cg05453373",1,4.76190476190476
"cg05453679",2,9.52380952380952
"cg05456789",1,4.76190476190476
"cg05458224",3,14.2857142857143
"cg05458554",1,4.76190476190476
"cg05460181",2,9.52380952380952
"cg05460746",7,33.3333333333333
"cg05465104",5,23.8095238095238
"cg05465448",4,19.047619047619
"cg05471900",1,4.76190476190476
"cg05472062",1,4.76190476190476
"cg05472476",3,14.2857142857143
"cg05473796",1,4.76190476190476
"cg05476451",6,28.5714285714286
"cg05477656",4,19.047619047619
"cg05480300",2,9.52380952380952
"cg05480730",2,9.52380952380952
"cg05482395",3,14.2857142857143
"cg05482864",2,9.52380952380952
"cg05483958",18,85.7142857142857
"cg05486188",2,9.52380952380952
"cg05486891",7,33.3333333333333
"cg05487150",2,9.52380952380952
"cg05490608",2,9.52380952380952
"cg05492629",9,42.8571428571429
"cg05497750",1,4.76190476190476
"cg05499784",1,4.76190476190476
"cg05503165",1,4.76190476190476
"cg05503484",1,4.76190476190476
"cg05503534",1,4.76190476190476
"cg05504642",2,9.52380952380952
"cg05504986",8,38.0952380952381
"cg05506201",2,9.52380952380952
"cg05507065",1,4.76190476190476
"cg05509390",1,4.76190476190476
"cg05515829",2,9.52380952380952
"cg05515866",1,4.76190476190476
"cg05520644",3,14.2857142857143
"cg05520852",15,71.4285714285714
"cg05522317",10,47.6190476190476
"cg05522497",4,19.047619047619
"cg05522700",1,4.76190476190476
"cg05524765",9,42.8571428571429
"cg05525845",5,23.8095238095238
"cg05526038",5,23.8095238095238
"cg05526491",1,4.76190476190476
"cg05530472",6,28.5714285714286
"cg05531510",3,14.2857142857143
"cg05532157",1,4.76190476190476
"cg05535138",2,9.52380952380952
"cg05539668",11,52.3809523809524
"cg05539876",1,4.76190476190476
"cg05542101",4,19.047619047619
"cg05544693",1,4.76190476190476
"cg05545634",2,9.52380952380952
"cg05546296",1,4.76190476190476
"cg05549172",1,4.76190476190476
"cg05549853",1,4.76190476190476
"cg05552343",1,4.76190476190476
"cg05554033",1,4.76190476190476
"cg05555194",2,9.52380952380952
"cg05558085",3,14.2857142857143
"cg05558257",6,28.5714285714286
"cg05558609",12,57.1428571428571
"cg05559286",1,4.76190476190476
"cg05563768",1,4.76190476190476
"cg05565979",1,4.76190476190476
"cg05568014",1,4.76190476190476
"cg05569729",2,9.52380952380952
"cg05572531",1,4.76190476190476
"cg05572616",1,4.76190476190476
"cg05573019",2,9.52380952380952
"cg05577404",2,9.52380952380952
"cg05578152",2,9.52380952380952
"cg05579179",2,9.52380952380952
"cg05580578",2,9.52380952380952
"cg05580683",6,28.5714285714286
"cg05585818",11,52.3809523809524
"cg05586384",17,80.9523809523809
"cg05590451",2,9.52380952380952
"cg05591801",6,28.5714285714286
"cg05592863",1,4.76190476190476
"cg05593903",1,4.76190476190476
"cg05594814",4,19.047619047619
"cg05594914",8,38.0952380952381
"cg05595459",4,19.047619047619
"cg05596985",1,4.76190476190476
"cg05599261",2,9.52380952380952
"cg05607485",1,4.76190476190476
"cg05608794",3,14.2857142857143
"cg05609440",1,4.76190476190476
"cg05614451",2,9.52380952380952
"cg05615397",1,4.76190476190476
"cg05616994",1,4.76190476190476
"cg05617918",8,38.0952380952381
"cg05620809",1,4.76190476190476
"cg05621349",6,28.5714285714286
"cg05623594",1,4.76190476190476
"cg05623766",1,4.76190476190476
"cg05624579",1,4.76190476190476
"cg05624786",1,4.76190476190476
"cg05626541",5,23.8095238095238
"cg05628847",10,47.6190476190476
"cg05635359",3,14.2857142857143
"cg05636896",3,14.2857142857143
"cg05637194",4,19.047619047619
"cg05640121",1,4.76190476190476
"cg05641799",1,4.76190476190476
"cg05641859",1,4.76190476190476
"cg05643223",3,14.2857142857143
"cg05643532",3,14.2857142857143
"cg05643554",5,23.8095238095238
"cg05643768",5,23.8095238095238
"cg05645675",2,9.52380952380952
"cg05646890",1,4.76190476190476
"cg05648010",1,4.76190476190476
"cg05651284",1,4.76190476190476
"cg05652834",6,28.5714285714286
"cg05655221",1,4.76190476190476
"cg05657694",1,4.76190476190476
"cg05660106",1,4.76190476190476
"cg05661667",1,4.76190476190476
"cg05662262",1,4.76190476190476
"cg05662386",1,4.76190476190476
"cg05662885",2,9.52380952380952
"cg05663539",6,28.5714285714286
"cg05667019",1,4.76190476190476
"cg05668006",2,9.52380952380952
"cg05668457",1,4.76190476190476
"cg05668676",5,23.8095238095238
"cg05669200",6,28.5714285714286
"cg05670994",5,23.8095238095238
"cg05671639",9,42.8571428571429
"cg05672930",4,19.047619047619
"cg05673804",1,4.76190476190476
"cg05674878",2,9.52380952380952
"cg05675338",2,9.52380952380952
"cg05676172",3,14.2857142857143
"cg05676341",1,4.76190476190476
"cg05677959",1,4.76190476190476
"cg05679266",14,66.6666666666667
"cg05679760",1,4.76190476190476
"cg05680801",1,4.76190476190476
"cg05682442",1,4.76190476190476
"cg05683015",2,9.52380952380952
"cg05683589",2,9.52380952380952
"cg05683825",8,38.0952380952381
"cg05684274",1,4.76190476190476
"cg05684585",1,4.76190476190476
"cg05689210",2,9.52380952380952
"cg05690492",7,33.3333333333333
"cg05690751",13,61.9047619047619
"cg05692641",1,4.76190476190476
"cg05694082",1,4.76190476190476
"cg05694328",7,33.3333333333333
"cg05694342",1,4.76190476190476
"cg05695944",1,4.76190476190476
"cg05696056",2,9.52380952380952
"cg05696290",1,4.76190476190476
"cg05696762",1,4.76190476190476
"cg05698315",5,23.8095238095238
"cg05704750",1,4.76190476190476
"cg05706624",9,42.8571428571429
"cg05706684",1,4.76190476190476
"cg05708605",9,42.8571428571429
"cg05711300",5,23.8095238095238
"cg05713467",2,9.52380952380952
"cg05713568",2,9.52380952380952
"cg05714334",1,4.76190476190476
"cg05714579",1,4.76190476190476
"cg05716343",4,19.047619047619
"cg05723845",1,4.76190476190476
"cg05724297",1,4.76190476190476
"cg05724696",3,14.2857142857143
"cg05724753",3,14.2857142857143
"cg05724918",1,4.76190476190476
"cg05725185",12,57.1428571428571
"cg05725925",7,33.3333333333333
"cg05727665",2,9.52380952380952
"cg05727666",1,4.76190476190476
"cg05729499",1,4.76190476190476
"cg05732683",1,4.76190476190476
"cg05733406",1,4.76190476190476
"cg05733557",5,23.8095238095238
"cg05735139",5,23.8095238095238
"cg05735786",1,4.76190476190476
"cg05738196",1,4.76190476190476
"cg05740473",3,14.2857142857143
"cg05741219",1,4.76190476190476
"cg05742724",3,14.2857142857143
"cg05743600",11,52.3809523809524
"cg05743798",2,9.52380952380952
"cg05744342",1,4.76190476190476
"cg05747171",2,9.52380952380952
"cg05747340",1,4.76190476190476
"cg05747732",4,19.047619047619
"cg05750620",2,9.52380952380952
"cg05750898",1,4.76190476190476
"cg05755219",1,4.76190476190476
"cg05756019",3,14.2857142857143
"cg05756441",2,9.52380952380952
"cg05757823",1,4.76190476190476
"cg05764252",1,4.76190476190476
"cg05767444",5,23.8095238095238
"cg05767624",1,4.76190476190476
"cg05770600",1,4.76190476190476
"cg05773375",2,9.52380952380952
"cg05773495",1,4.76190476190476
"cg05773537",2,9.52380952380952
"cg05776520",3,14.2857142857143
"cg05778504",8,38.0952380952381
"cg05781864",1,4.76190476190476
"cg05782707",4,19.047619047619
"cg05783316",2,9.52380952380952
"cg05784329",1,4.76190476190476
"cg05786348",2,9.52380952380952
"cg05790215",1,4.76190476190476
"cg05792501",6,28.5714285714286
"cg05795219",2,9.52380952380952
"cg05796475",2,9.52380952380952
"cg05797055",1,4.76190476190476
"cg05799531",15,71.4285714285714
"cg05807947",3,14.2857142857143
"cg05808399",1,4.76190476190476
"cg05809966",2,9.52380952380952
"cg05811595",3,14.2857142857143
"cg05811800",2,9.52380952380952
"cg05812602",6,28.5714285714286
"cg05814335",5,23.8095238095238
"cg05814752",1,4.76190476190476
"cg05815956",1,4.76190476190476
"cg05816780",1,4.76190476190476
"cg05818676",1,4.76190476190476
"cg05820986",11,52.3809523809524
"cg05821335",1,4.76190476190476
"cg05829696",2,9.52380952380952
"cg05833362",1,4.76190476190476
"cg05834036",1,4.76190476190476
"cg05834122",2,9.52380952380952
"cg05836521",1,4.76190476190476
"cg05836555",12,57.1428571428571
"cg05837520",4,19.047619047619
"cg05838959",1,4.76190476190476
"cg05839425",1,4.76190476190476
"cg05840289",6,28.5714285714286
"cg05845371",2,9.52380952380952
"cg05846741",2,9.52380952380952
"cg05847901",1,4.76190476190476
"cg05849523",3,14.2857142857143
"cg05850329",1,4.76190476190476
"cg05851277",1,4.76190476190476
"cg05851510",1,4.76190476190476
"cg05855822",7,33.3333333333333
"cg05857085",1,4.76190476190476
"cg05857097",1,4.76190476190476
"cg05863263",3,14.2857142857143
"cg05865147",3,14.2857142857143
"cg05865906",1,4.76190476190476
"cg05866150",3,14.2857142857143
"cg05866598",2,9.52380952380952
"cg05866618",1,4.76190476190476
"cg05868449",2,9.52380952380952
"cg05874329",9,42.8571428571429
"cg05874443",1,4.76190476190476
"cg05876692",3,14.2857142857143
"cg05878332",1,4.76190476190476
"cg05878797",3,14.2857142857143
"cg05881890",6,28.5714285714286
"cg05882365",15,71.4285714285714
"cg05882642",1,4.76190476190476
"cg05883205",4,19.047619047619
"cg05885364",1,4.76190476190476
"cg05887524",1,4.76190476190476
"cg05888181",1,4.76190476190476
"cg05890011",6,28.5714285714286
"cg05893923",2,9.52380952380952
"cg05896659",3,14.2857142857143
"cg05897030",1,4.76190476190476
"cg05901972",7,33.3333333333333
"cg05902075",2,9.52380952380952
"cg05902914",2,9.52380952380952
"cg05903309",2,9.52380952380952
"cg05905331",1,4.76190476190476
"cg05907398",1,4.76190476190476
"cg05910055",2,9.52380952380952
"cg05911086",3,14.2857142857143
"cg05911461",1,4.76190476190476
"cg05911893",2,9.52380952380952
"cg05912464",1,4.76190476190476
"cg05912695",8,38.0952380952381
"cg05914874",2,9.52380952380952
"cg05915447",1,4.76190476190476
"cg05916148",1,4.76190476190476
"cg05916811",2,9.52380952380952
"cg05918124",2,9.52380952380952
"cg05920521",1,4.76190476190476
"cg05925114",9,42.8571428571429
"cg05926715",9,42.8571428571429
"cg05927242",14,66.6666666666667
"cg05927610",1,4.76190476190476
"cg05927811",1,4.76190476190476
"cg05928571",1,4.76190476190476
"cg05934557",6,28.5714285714286
"cg05935576",5,23.8095238095238
"cg05936547",2,9.52380952380952
"cg05937573",1,4.76190476190476
"cg05937871",10,47.6190476190476
"cg05940236",8,38.0952380952381
"cg05941499",5,23.8095238095238
"cg05943135",1,4.76190476190476
"cg05944124",3,14.2857142857143
"cg05944543",4,19.047619047619
"cg05944940",10,47.6190476190476
"cg05945502",9,42.8571428571429
"cg05949548",1,4.76190476190476
"cg05954446",7,33.3333333333333
"cg05956151",1,4.76190476190476
"cg05956776",2,9.52380952380952
"cg05962950",1,4.76190476190476
"cg05963511",1,4.76190476190476
"cg05964935",6,28.5714285714286
"cg05968222",2,9.52380952380952
"cg05970288",1,4.76190476190476
"cg05971184",1,4.76190476190476
"cg05973688",7,33.3333333333333
"cg05973920",10,47.6190476190476
"cg05973929",1,4.76190476190476
"cg05974178",1,4.76190476190476
"cg05975055",1,4.76190476190476
"cg05976115",12,57.1428571428571
"cg05977048",8,38.0952380952381
"cg05978393",1,4.76190476190476
"cg05980674",1,4.76190476190476
"cg05981153",1,4.76190476190476
"cg05983671",1,4.76190476190476
"cg05986449",13,61.9047619047619
"cg05988067",1,4.76190476190476
"cg05988187",1,4.76190476190476
"cg05997690",7,33.3333333333333
"cg05997725",6,28.5714285714286
"cg05999729",2,9.52380952380952
"cg06000162",4,19.047619047619
"cg06002491",14,66.6666666666667
"cg06006641",3,14.2857142857143
"cg06007106",5,23.8095238095238
"cg06008419",2,9.52380952380952
"cg06009344",1,4.76190476190476
"cg06010373",1,4.76190476190476
"cg06011587",2,9.52380952380952
"cg06014601",13,61.9047619047619
"cg06014899",2,9.52380952380952
"cg06016757",1,4.76190476190476
"cg06016765",3,14.2857142857143
"cg06017035",1,4.76190476190476
"cg06017249",1,4.76190476190476
"cg06017490",1,4.76190476190476
"cg06022607",1,4.76190476190476
"cg06023141",1,4.76190476190476
"cg06023473",20,95.2380952380952
"cg06023794",1,4.76190476190476
"cg06023968",1,4.76190476190476
"cg06025628",2,9.52380952380952
"cg06026331",2,9.52380952380952
"cg06026459",12,57.1428571428571
"cg06028473",11,52.3809523809524
"cg06030675",1,4.76190476190476
"cg06031737",10,47.6190476190476
"cg06035645",3,14.2857142857143
"cg06036503",2,9.52380952380952
"cg06036775",1,4.76190476190476
"cg06039609",1,4.76190476190476
"cg06040033",2,9.52380952380952
"cg06040355",2,9.52380952380952
"cg06045746",1,4.76190476190476
"cg06047629",1,4.76190476190476
"cg06050608",1,4.76190476190476
"cg06059081",9,42.8571428571429
"cg06060467",2,9.52380952380952
"cg06061185",3,14.2857142857143
"cg06065495",2,9.52380952380952
"cg06066620",11,52.3809523809524
"cg06067213",3,14.2857142857143
"cg06068891",2,9.52380952380952
"cg06069724",1,4.76190476190476
"cg06072259",1,4.76190476190476
"cg06072801",1,4.76190476190476
"cg06076996",1,4.76190476190476
"cg06079148",1,4.76190476190476
"cg06079564",1,4.76190476190476
"cg06080497",1,4.76190476190476
"cg06080856",1,4.76190476190476
"cg06081272",7,33.3333333333333
"cg06081316",1,4.76190476190476
"cg06082517",1,4.76190476190476
"cg06085657",2,9.52380952380952
"cg06088084",2,9.52380952380952
"cg06089892",17,80.9523809523809
"cg06092100",17,80.9523809523809
"cg06092352",14,66.6666666666667
"cg06095699",1,4.76190476190476
"cg06096279",6,28.5714285714286
"cg06096509",1,4.76190476190476
"cg06097707",2,9.52380952380952
"cg06102361",1,4.76190476190476
"cg06104434",7,33.3333333333333
"cg06107304",1,4.76190476190476
"cg06109332",1,4.76190476190476
"cg06112737",3,14.2857142857143
"cg06116962",1,4.76190476190476
"cg06120194",1,4.76190476190476
"cg06131983",1,4.76190476190476
"cg06133285",1,4.76190476190476
"cg06133896",4,19.047619047619
"cg06137918",4,19.047619047619
"cg06140667",16,76.1904761904762
"cg06143073",2,9.52380952380952
"cg06143614",11,52.3809523809524
"cg06145195",3,14.2857142857143
"cg06145370",1,4.76190476190476
"cg06149183",1,4.76190476190476
"cg06150772",1,4.76190476190476
"cg06150803",2,9.52380952380952
"cg06153102",1,4.76190476190476
"cg06154650",2,9.52380952380952
"cg06157561",1,4.76190476190476
"cg06157831",1,4.76190476190476
"cg06158646",1,4.76190476190476
"cg06158652",1,4.76190476190476
"cg06160772",6,28.5714285714286
"cg06161933",2,9.52380952380952
"cg06161952",1,4.76190476190476
"cg06162198",1,4.76190476190476
"cg06166515",1,4.76190476190476
"cg06168585",2,9.52380952380952
"cg06169784",1,4.76190476190476
"cg06171671",1,4.76190476190476
"cg06174247",1,4.76190476190476
"cg06174261",3,14.2857142857143
"cg06177557",1,4.76190476190476
"cg06178934",9,42.8571428571429
"cg06179934",19,90.4761904761905
"cg06180638",7,33.3333333333333
"cg06186910",6,28.5714285714286
"cg06187237",1,4.76190476190476
"cg06191806",6,28.5714285714286
"cg06192220",3,14.2857142857143
"cg06193325",1,4.76190476190476
"cg06193692",3,14.2857142857143
"cg06194638",2,9.52380952380952
"cg06195719",16,76.1904761904762
"cg06195774",2,9.52380952380952
"cg06197710",1,4.76190476190476
"cg06197870",1,4.76190476190476
"cg06198714",1,4.76190476190476
"cg06199597",16,76.1904761904762
"cg06199692",9,42.8571428571429
"cg06203059",1,4.76190476190476
"cg06203070",1,4.76190476190476
"cg06203137",1,4.76190476190476
"cg06206057",1,4.76190476190476
"cg06206607",8,38.0952380952381
"cg06208584",1,4.76190476190476
"cg06210825",8,38.0952380952381
"cg06218489",2,9.52380952380952
"cg06218932",1,4.76190476190476
"cg06219583",1,4.76190476190476
"cg06220415",1,4.76190476190476
"cg06221989",1,4.76190476190476
"cg06225799",2,9.52380952380952
"cg06226678",1,4.76190476190476
"cg06230847",1,4.76190476190476
"cg06231362",8,38.0952380952381
"cg06236987",5,23.8095238095238
"cg06237128",1,4.76190476190476
"cg06240859",1,4.76190476190476
"cg06242392",1,4.76190476190476
"cg06243414",1,4.76190476190476
"cg06247034",7,33.3333333333333
"cg06250511",4,19.047619047619
"cg06251233",1,4.76190476190476
"cg06254044",1,4.76190476190476
"cg06257023",1,4.76190476190476
"cg06265999",1,4.76190476190476
"cg06269545",2,9.52380952380952
"cg06270423",3,14.2857142857143
"cg06275117",11,52.3809523809524
"cg06275902",1,4.76190476190476
"cg06279159",5,23.8095238095238
"cg06281409",1,4.76190476190476
"cg06281621",3,14.2857142857143
"cg06282276",3,14.2857142857143
"cg06283871",1,4.76190476190476
"cg06285610",3,14.2857142857143
"cg06286086",3,14.2857142857143
"cg06288135",8,38.0952380952381
"cg06288402",6,28.5714285714286
"cg06288552",11,52.3809523809524
"cg06294578",10,47.6190476190476
"cg06297160",4,19.047619047619
"cg06298244",1,4.76190476190476
"cg06298793",1,4.76190476190476
"cg06300849",7,33.3333333333333
"cg06301080",10,47.6190476190476
"cg06304546",2,9.52380952380952
"cg06304624",2,9.52380952380952
"cg06304841",1,4.76190476190476
"cg06305951",1,4.76190476190476
"cg06308471",5,23.8095238095238
"cg06309707",1,4.76190476190476
"cg06309890",2,9.52380952380952
"cg06315974",1,4.76190476190476
"cg06318601",3,14.2857142857143
"cg06318884",16,76.1904761904762
"cg06319204",1,4.76190476190476
"cg06326321",1,4.76190476190476
"cg06328724",1,4.76190476190476
"cg06330670",2,9.52380952380952
"cg06330673",7,33.3333333333333
"cg06331841",1,4.76190476190476
"cg06335351",6,28.5714285714286
"cg06339761",1,4.76190476190476
"cg06343288",3,14.2857142857143
"cg06344209",5,23.8095238095238
"cg06346774",1,4.76190476190476
"cg06350912",2,9.52380952380952
"cg06353500",1,4.76190476190476
"cg06355613",1,4.76190476190476
"cg06359879",3,14.2857142857143
"cg06359892",1,4.76190476190476
"cg06367881",1,4.76190476190476
"cg06373291",5,23.8095238095238
"cg06373375",1,4.76190476190476
"cg06374327",1,4.76190476190476
"cg06374583",3,14.2857142857143
"cg06377306",3,14.2857142857143
"cg06380188",8,38.0952380952381
"cg06387147",1,4.76190476190476
"cg06387204",1,4.76190476190476
"cg06387865",2,9.52380952380952
"cg06387910",3,14.2857142857143
"cg06392333",1,4.76190476190476
"cg06394653",1,4.76190476190476
"cg06394670",2,9.52380952380952
"cg06396113",8,38.0952380952381
"cg06396706",17,80.9523809523809
"cg06397081",4,19.047619047619
"cg06399342",6,28.5714285714286
"cg06400065",1,4.76190476190476
"cg06400635",1,4.76190476190476
"cg06402665",6,28.5714285714286
"cg06403830",1,4.76190476190476
"cg06413426",2,9.52380952380952
"cg06416273",1,4.76190476190476
"cg06417094",1,4.76190476190476
"cg06417638",16,76.1904761904762
"cg06418245",3,14.2857142857143
"cg06423531",17,80.9523809523809
"cg06426275",2,9.52380952380952
"cg06426401",9,42.8571428571429
"cg06426753",2,9.52380952380952
"cg06427702",12,57.1428571428571
"cg06430610",1,4.76190476190476
"cg06430854",1,4.76190476190476
"cg06433627",1,4.76190476190476
"cg06435926",1,4.76190476190476
"cg06435998",1,4.76190476190476
"cg06438834",1,4.76190476190476
"cg06439640",1,4.76190476190476
"cg06439884",2,9.52380952380952
"cg06440590",1,4.76190476190476
"cg06442508",1,4.76190476190476
"cg06444648",1,4.76190476190476
"cg06446551",1,4.76190476190476
"cg06452854",3,14.2857142857143
"cg06453301",1,4.76190476190476
"cg06453901",1,4.76190476190476
"cg06454579",1,4.76190476190476
"cg06455611",3,14.2857142857143
"cg06458741",1,4.76190476190476
"cg06461841",2,9.52380952380952
"cg06469673",1,4.76190476190476
"cg06471054",2,9.52380952380952
"cg06471491",2,9.52380952380952
"cg06471520",1,4.76190476190476
"cg06475881",2,9.52380952380952
"cg06476934",5,23.8095238095238
"cg06478104",3,14.2857142857143
"cg06479204",5,23.8095238095238
"cg06479235",1,4.76190476190476
"cg06482574",3,14.2857142857143
"cg06483775",6,28.5714285714286
"cg06484232",2,9.52380952380952
"cg06484432",1,4.76190476190476
"cg06484725",1,4.76190476190476
"cg06485372",13,61.9047619047619
"cg06487135",1,4.76190476190476
"cg06490579",3,14.2857142857143
"cg06491837",1,4.76190476190476
"cg06492756",2,9.52380952380952
"cg06494392",3,14.2857142857143
"cg06494741",1,4.76190476190476
"cg06494746",1,4.76190476190476
"cg06495041",3,14.2857142857143
"cg06495764",2,9.52380952380952
"cg06496366",1,4.76190476190476
"cg06496748",6,28.5714285714286
"cg06499010",4,19.047619047619
"cg06502680",7,33.3333333333333
"cg06505076",3,14.2857142857143
"cg06506901",4,19.047619047619
"cg06506913",3,14.2857142857143
"cg06507631",1,4.76190476190476
"cg06507903",1,4.76190476190476
"cg06508534",2,9.52380952380952
"cg06509613",4,19.047619047619
"cg06512729",1,4.76190476190476
"cg06515208",3,14.2857142857143
"cg06518107",1,4.76190476190476
"cg06523309",8,38.0952380952381
"cg06529843",2,9.52380952380952
"cg06530987",1,4.76190476190476
"cg06531060",1,4.76190476190476
"cg06532879",1,4.76190476190476
"cg06533086",1,4.76190476190476
"cg06537526",8,38.0952380952381
"cg06538285",1,4.76190476190476
"cg06540606",2,9.52380952380952
"cg06548737",12,57.1428571428571
"cg06549009",1,4.76190476190476
"cg06552257",4,19.047619047619
"cg06553567",1,4.76190476190476
"cg06558765",6,28.5714285714286
"cg06559318",8,38.0952380952381
"cg06562171",1,4.76190476190476
"cg06562265",1,4.76190476190476
"cg06562685",3,14.2857142857143
"cg06563472",2,9.52380952380952
"cg06568056",4,19.047619047619
"cg06568577",5,23.8095238095238
"cg06571139",4,19.047619047619
"cg06573709",6,28.5714285714286
"cg06574335",2,9.52380952380952
"cg06576965",5,23.8095238095238
"cg06579375",1,4.76190476190476
"cg06579458",8,38.0952380952381
"cg06580816",2,9.52380952380952
"cg06581928",7,33.3333333333333
"cg06582867",1,4.76190476190476
"cg06585566",3,14.2857142857143
"cg06587955",5,23.8095238095238
"cg06594932",1,4.76190476190476
"cg06595448",3,14.2857142857143
"cg06599983",1,4.76190476190476
"cg06602334",1,4.76190476190476
"cg06603996",5,23.8095238095238
"cg06607022",3,14.2857142857143
"cg06609193",1,4.76190476190476
"cg06612034",2,9.52380952380952
"cg06614118",1,4.76190476190476
"cg06615203",1,4.76190476190476
"cg06617514",1,4.76190476190476
"cg06619035",4,19.047619047619
"cg06619546",13,61.9047619047619
"cg06622874",7,33.3333333333333
"cg06623474",4,19.047619047619
"cg06624032",1,4.76190476190476
"cg06631297",1,4.76190476190476
"cg06632551",16,76.1904761904762
"cg06637027",1,4.76190476190476
"cg06637768",8,38.0952380952381
"cg06639609",1,4.76190476190476
"cg06640099",4,19.047619047619
"cg06640868",6,28.5714285714286
"cg06645242",5,23.8095238095238
"cg06646005",1,4.76190476190476
"cg06646715",2,9.52380952380952
"cg06647231",2,9.52380952380952
"cg06647930",1,4.76190476190476
"cg06649792",1,4.76190476190476
"cg06652386",10,47.6190476190476
"cg06653422",4,19.047619047619
"cg06654711",2,9.52380952380952
"cg06655326",2,9.52380952380952
"cg06655863",1,4.76190476190476
"cg06656092",2,9.52380952380952
"cg06659922",3,14.2857142857143
"cg06660522",5,23.8095238095238
"cg06661734",1,4.76190476190476
"cg06665128",1,4.76190476190476
"cg06667186",1,4.76190476190476
"cg06672736",10,47.6190476190476
"cg06673020",11,52.3809523809524
"cg06674276",1,4.76190476190476
"cg06675246",2,9.52380952380952
"cg06675417",2,9.52380952380952
"cg06678820",5,23.8095238095238
"cg06680754",2,9.52380952380952
"cg06681766",3,14.2857142857143
"cg06684943",2,9.52380952380952
"cg06685058",1,4.76190476190476
"cg06689619",2,9.52380952380952
"cg06690295",1,4.76190476190476
"cg06690719",16,76.1904761904762
"cg06693549",9,42.8571428571429
"cg06694588",1,4.76190476190476
"cg06696803",2,9.52380952380952
"cg06696979",1,4.76190476190476
"cg06697408",4,19.047619047619
"cg06699494",2,9.52380952380952
"cg06700122",1,4.76190476190476
"cg06703017",2,9.52380952380952
"cg06703331",12,57.1428571428571
"cg06707691",1,4.76190476190476
"cg06707693",1,4.76190476190476
"cg06712277",8,38.0952380952381
"cg06712980",3,14.2857142857143
"cg06715252",8,38.0952380952381
"cg06716138",3,14.2857142857143
"cg06721677",3,14.2857142857143
"cg06723377",1,4.76190476190476
"cg06724212",1,4.76190476190476
"cg06724230",9,42.8571428571429
"cg06725339",1,4.76190476190476
"cg06725923",3,14.2857142857143
"cg06727047",3,14.2857142857143
"cg06727301",1,4.76190476190476
"cg06728865",2,9.52380952380952
"cg06732736",2,9.52380952380952
"cg06732929",4,19.047619047619
"cg06733776",1,4.76190476190476
"cg06735104",9,42.8571428571429
"cg06735349",9,42.8571428571429
"cg06736542",3,14.2857142857143
"cg06738040",1,4.76190476190476
"cg06740503",1,4.76190476190476
"cg06741230",5,23.8095238095238
"cg06745207",1,4.76190476190476
"cg06745968",3,14.2857142857143
"cg06747522",8,38.0952380952381
"cg06748893",1,4.76190476190476
"cg06753179",1,4.76190476190476
"cg06754420",1,4.76190476190476
"cg06758926",2,9.52380952380952
"cg06759209",1,4.76190476190476
"cg06760111",1,4.76190476190476
"cg06762115",1,4.76190476190476
"cg06763280",5,23.8095238095238
"cg06763776",4,19.047619047619
"cg06767137",1,4.76190476190476
"cg06768854",1,4.76190476190476
"cg06769875",6,28.5714285714286
"cg06771434",4,19.047619047619
"cg06772933",1,4.76190476190476
"cg06774726",6,28.5714285714286
"cg06774797",4,19.047619047619
"cg06779705",2,9.52380952380952
"cg06780693",2,9.52380952380952
"cg06780904",10,47.6190476190476
"cg06781269",1,4.76190476190476
"cg06782341",10,47.6190476190476
"cg06783011",1,4.76190476190476
"cg06784292",6,28.5714285714286
"cg06784535",6,28.5714285714286
"cg06785151",18,85.7142857142857
"cg06787317",12,57.1428571428571
"cg06789802",1,4.76190476190476
"cg06792186",2,9.52380952380952
"cg06794639",1,4.76190476190476
"cg06796079",5,23.8095238095238
"cg06796434",5,23.8095238095238
"cg06797918",1,4.76190476190476
"cg06798512",19,90.4761904761905
"cg06805064",1,4.76190476190476
"cg06805914",1,4.76190476190476
"cg06807850",14,66.6666666666667
"cg06808196",2,9.52380952380952
"cg06811379",5,23.8095238095238
"cg06813761",1,4.76190476190476
"cg06813871",2,9.52380952380952
"cg06817312",6,28.5714285714286
"cg06817550",2,9.52380952380952
"cg06819082",6,28.5714285714286
"cg06820364",7,33.3333333333333
"cg06822699",1,4.76190476190476
"cg06823203",6,28.5714285714286
"cg06823550",3,14.2857142857143
"cg06823803",1,4.76190476190476
"cg06824157",2,9.52380952380952
"cg06825627",3,14.2857142857143
"cg06826683",1,4.76190476190476
"cg06828260",2,9.52380952380952
"cg06828498",7,33.3333333333333
"cg06829450",2,9.52380952380952
"cg06829864",4,19.047619047619
"cg06830724",5,23.8095238095238
"cg06833044",1,4.76190476190476
"cg06833618",15,71.4285714285714
"cg06833636",1,4.76190476190476
"cg06838028",1,4.76190476190476
"cg06841535",1,4.76190476190476
"cg06842228",1,4.76190476190476
"cg06842319",12,57.1428571428571
"cg06842414",3,14.2857142857143
"cg06844455",1,4.76190476190476
"cg06845811",4,19.047619047619
"cg06846216",4,19.047619047619
"cg06847253",3,14.2857142857143
"cg06847417",1,4.76190476190476
"cg06849787",1,4.76190476190476
"cg06850143",2,9.52380952380952
"cg06850593",11,52.3809523809524
"cg06854751",2,9.52380952380952
"cg06854813",1,4.76190476190476
"cg06857914",1,4.76190476190476
"cg06858185",1,4.76190476190476
"cg06862579",1,4.76190476190476
"cg06863132",1,4.76190476190476
"cg06865376",1,4.76190476190476
"cg06866628",1,4.76190476190476
"cg06867404",5,23.8095238095238
"cg06868813",1,4.76190476190476
"cg06869267",5,23.8095238095238
"cg06869938",4,19.047619047619
"cg06871246",3,14.2857142857143
"cg06873652",1,4.76190476190476
"cg06875669",2,9.52380952380952
"cg06877486",3,14.2857142857143
"cg06877577",15,71.4285714285714
"cg06877969",12,57.1428571428571
"cg06880615",1,4.76190476190476
"cg06882249",1,4.76190476190476
"cg06887957",1,4.76190476190476
"cg06889571",1,4.76190476190476
"cg06891243",1,4.76190476190476
"cg06891455",1,4.76190476190476
"cg06892728",3,14.2857142857143
"cg06894968",1,4.76190476190476
"cg06895552",3,14.2857142857143
"cg06895885",4,19.047619047619
"cg06896040",2,9.52380952380952
"cg06896984",3,14.2857142857143
"cg06897338",7,33.3333333333333
"cg06899054",1,4.76190476190476
"cg06900089",1,4.76190476190476
"cg06905601",2,9.52380952380952
"cg06907824",1,4.76190476190476
"cg06911237",5,23.8095238095238
"cg06911258",4,19.047619047619
"cg06918239",1,4.76190476190476
"cg06918292",1,4.76190476190476
"cg06918955",1,4.76190476190476
"cg06923775",1,4.76190476190476
"cg06924657",1,4.76190476190476
"cg06925185",1,4.76190476190476
"cg06926741",1,4.76190476190476
"cg06927744",1,4.76190476190476
"cg06928985",2,9.52380952380952
"cg06933381",2,9.52380952380952
"cg06933384",1,4.76190476190476
"cg06934148",1,4.76190476190476
"cg06936286",1,4.76190476190476
"cg06937270",6,28.5714285714286
"cg06938003",4,19.047619047619
"cg06938133",2,9.52380952380952
"cg06938475",4,19.047619047619
"cg06943022",6,28.5714285714286
"cg06945618",10,47.6190476190476
"cg06947686",12,57.1428571428571
"cg06947797",1,4.76190476190476
"cg06948614",1,4.76190476190476
"cg06949048",5,23.8095238095238
"cg06952129",8,38.0952380952381
"cg06953017",2,9.52380952380952
"cg06957867",3,14.2857142857143
"cg06958948",11,52.3809523809524
"cg06959496",5,23.8095238095238
"cg06960843",1,4.76190476190476
"cg06961289",2,9.52380952380952
"cg06961771",4,19.047619047619
"cg06963219",1,4.76190476190476
"cg06965610",2,9.52380952380952
"cg06968130",1,4.76190476190476
"cg06968271",1,4.76190476190476
"cg06968876",1,4.76190476190476
"cg06970938",1,4.76190476190476
"cg06971957",1,4.76190476190476
"cg06973275",12,57.1428571428571
"cg06973724",1,4.76190476190476
"cg06975373",10,47.6190476190476
"cg06975739",1,4.76190476190476
"cg06976036",1,4.76190476190476
"cg06979164",1,4.76190476190476
"cg06983922",1,4.76190476190476
"cg06985696",5,23.8095238095238
"cg06986743",2,9.52380952380952
"cg06990358",2,9.52380952380952
"cg07000110",1,4.76190476190476
"cg07004161",11,52.3809523809524
"cg07005363",1,4.76190476190476
"cg07006859",1,4.76190476190476
"cg07007537",3,14.2857142857143
"cg07007636",1,4.76190476190476
"cg07009486",7,33.3333333333333
"cg07011493",5,23.8095238095238
"cg07013069",1,4.76190476190476
"cg07015028",1,4.76190476190476
"cg07015303",12,57.1428571428571
"cg07017513",1,4.76190476190476
"cg07019648",1,4.76190476190476
"cg07019892",1,4.76190476190476
"cg07025714",9,42.8571428571429
"cg07026430",1,4.76190476190476
"cg07028469",1,4.76190476190476
"cg07029201",1,4.76190476190476
"cg07044147",1,4.76190476190476
"cg07044380",3,14.2857142857143
"cg07045284",1,4.76190476190476
"cg07048221",3,14.2857142857143
"cg07050022",2,9.52380952380952
"cg07052624",1,4.76190476190476
"cg07052812",1,4.76190476190476
"cg07053407",1,4.76190476190476
"cg07053451",1,4.76190476190476
"cg07055479",1,4.76190476190476
"cg07056146",3,14.2857142857143
"cg07056314",2,9.52380952380952
"cg07057242",1,4.76190476190476
"cg07059889",3,14.2857142857143
"cg07062837",2,9.52380952380952
"cg07064231",1,4.76190476190476
"cg07066589",1,4.76190476190476
"cg07066652",1,4.76190476190476
"cg07068956",1,4.76190476190476
"cg07069243",1,4.76190476190476
"cg07071096",2,9.52380952380952
"cg07075079",3,14.2857142857143
"cg07081054",5,23.8095238095238
"cg07083475",4,19.047619047619
"cg07086770",3,14.2857142857143
"cg07090069",2,9.52380952380952
"cg07091719",1,4.76190476190476
"cg07093357",2,9.52380952380952
"cg07094169",2,9.52380952380952
"cg07097184",1,4.76190476190476
"cg07097735",2,9.52380952380952
"cg07098770",1,4.76190476190476
"cg07099131",10,47.6190476190476
"cg07099186",2,9.52380952380952
"cg07099567",1,4.76190476190476
"cg07100374",1,4.76190476190476
"cg07103557",5,23.8095238095238
"cg07106534",2,9.52380952380952
"cg07110043",2,9.52380952380952
"cg07115051",1,4.76190476190476
"cg07117444",4,19.047619047619
"cg07119157",2,9.52380952380952
"cg07123635",1,4.76190476190476
"cg07124365",1,4.76190476190476
"cg07124479",1,4.76190476190476
"cg07126411",1,4.76190476190476
"cg07127047",3,14.2857142857143
"cg07127468",1,4.76190476190476
"cg07127973",5,23.8095238095238
"cg07132631",1,4.76190476190476
"cg07133047",3,14.2857142857143
"cg07134622",2,9.52380952380952
"cg07136602",3,14.2857142857143
"cg07137609",1,4.76190476190476
"cg07137840",7,33.3333333333333
"cg07140382",6,28.5714285714286
"cg07140767",1,4.76190476190476
"cg07142890",9,42.8571428571429
"cg07143366",3,14.2857142857143
"cg07143583",2,9.52380952380952
"cg07143733",1,4.76190476190476
"cg07144113",2,9.52380952380952
"cg07144309",1,4.76190476190476
"cg07146383",1,4.76190476190476
"cg07147204",2,9.52380952380952
"cg07149469",3,14.2857142857143
"cg07149862",1,4.76190476190476
"cg07151736",3,14.2857142857143
"cg07151807",4,19.047619047619
"cg07152320",3,14.2857142857143
"cg07153610",2,9.52380952380952
"cg07154676",1,4.76190476190476
"cg07155803",7,33.3333333333333
"cg07156557",5,23.8095238095238
"cg07157058",1,4.76190476190476
"cg07160001",3,14.2857142857143
"cg07160589",1,4.76190476190476
"cg07161067",1,4.76190476190476
"cg07162041",1,4.76190476190476
"cg07163619",4,19.047619047619
"cg07173118",1,4.76190476190476
"cg07174249",14,66.6666666666667
"cg07177389",10,47.6190476190476
"cg07179364",1,4.76190476190476
"cg07179903",1,4.76190476190476
"cg07180616",5,23.8095238095238
"cg07182955",2,9.52380952380952
"cg07190752",3,14.2857142857143
"cg07191056",1,4.76190476190476
"cg07192362",1,4.76190476190476
"cg07195246",1,4.76190476190476
"cg07197916",1,4.76190476190476
"cg07199231",1,4.76190476190476
"cg07205523",1,4.76190476190476
"cg07205933",6,28.5714285714286
"cg07207080",1,4.76190476190476
"cg07208005",3,14.2857142857143
"cg07208354",2,9.52380952380952
"cg07208518",1,4.76190476190476
"cg07209818",1,4.76190476190476
"cg07211236",1,4.76190476190476
"cg07216731",1,4.76190476190476
"cg07217753",9,42.8571428571429
"cg07219651",1,4.76190476190476
"cg07220032",2,9.52380952380952
"cg07220089",2,9.52380952380952
"cg07224992",4,19.047619047619
"cg07227077",5,23.8095238095238
"cg07227440",4,19.047619047619
"cg07229109",5,23.8095238095238
"cg07230995",1,4.76190476190476
"cg07233151",7,33.3333333333333
"cg07235525",1,4.76190476190476
"cg07237053",1,4.76190476190476
"cg07237088",2,9.52380952380952
"cg07242411",1,4.76190476190476
"cg07245424",1,4.76190476190476
"cg07247410",1,4.76190476190476
"cg07249860",1,4.76190476190476
"cg07250204",10,47.6190476190476
"cg07250894",4,19.047619047619
"cg07251540",2,9.52380952380952
"cg07253390",1,4.76190476190476
"cg07253771",9,42.8571428571429
"cg07255071",1,4.76190476190476
"cg07255667",2,9.52380952380952
"cg07259358",1,4.76190476190476
"cg07261900",1,4.76190476190476
"cg07261924",1,4.76190476190476
"cg07262554",1,4.76190476190476
"cg07263777",16,76.1904761904762
"cg07265777",2,9.52380952380952
"cg07267139",1,4.76190476190476
"cg07273172",6,28.5714285714286
"cg07274511",2,9.52380952380952
"cg07274720",5,23.8095238095238
"cg07276579",1,4.76190476190476
"cg07276608",4,19.047619047619
"cg07278395",2,9.52380952380952
"cg07280551",9,42.8571428571429
"cg07280845",1,4.76190476190476
"cg07281364",2,9.52380952380952
"cg07282728",5,23.8095238095238
"cg07283086",8,38.0952380952381
"cg07285373",14,66.6666666666667
"cg07291744",9,42.8571428571429
"cg07295663",3,14.2857142857143
"cg07298211",1,4.76190476190476
"cg07298447",5,23.8095238095238
"cg07299586",1,4.76190476190476
"cg07301366",10,47.6190476190476
"cg07301677",1,4.76190476190476
"cg07301729",1,4.76190476190476
"cg07303275",1,4.76190476190476
"cg07307335",1,4.76190476190476
"cg07309120",1,4.76190476190476
"cg07310278",1,4.76190476190476
"cg07311379",1,4.76190476190476
"cg07313649",12,57.1428571428571
"cg07316764",4,19.047619047619
"cg07318076",2,9.52380952380952
"cg07318218",2,9.52380952380952
"cg07318500",8,38.0952380952381
"cg07320333",1,4.76190476190476
"cg07322381",4,19.047619047619
"cg07322397",16,76.1904761904762
"cg07324193",11,52.3809523809524
"cg07324898",8,38.0952380952381
"cg07325776",3,14.2857142857143
"cg07325913",3,14.2857142857143
"cg07331576",2,9.52380952380952
"cg07333763",5,23.8095238095238
"cg07334009",4,19.047619047619
"cg07337288",2,9.52380952380952
"cg07339969",2,9.52380952380952
"cg07341883",7,33.3333333333333
"cg07343790",2,9.52380952380952
"cg07344046",7,33.3333333333333
"cg07344491",1,4.76190476190476
"cg07344754",2,9.52380952380952
"cg07344828",1,4.76190476190476
"cg07345138",1,4.76190476190476
"cg07346171",2,9.52380952380952
"cg07347128",7,33.3333333333333
"cg07347224",5,23.8095238095238
"cg07349294",1,4.76190476190476
"cg07351637",1,4.76190476190476
"cg07352614",17,80.9523809523809
"cg07355508",1,4.76190476190476
"cg07356135",2,9.52380952380952
"cg07359509",13,61.9047619047619
"cg07361717",1,4.76190476190476
"cg07363205",5,23.8095238095238
"cg07365708",1,4.76190476190476
"cg07368127",1,4.76190476190476
"cg07369081",2,9.52380952380952
"cg07370781",7,33.3333333333333
"cg07377421",10,47.6190476190476
"cg07378239",5,23.8095238095238
"cg07380883",2,9.52380952380952
"cg07380906",1,4.76190476190476
"cg07381989",1,4.76190476190476
"cg07382566",1,4.76190476190476
"cg07383965",3,14.2857142857143
"cg07384655",1,4.76190476190476
"cg07384931",2,9.52380952380952
"cg07385036",3,14.2857142857143
"cg07385949",1,4.76190476190476
"cg07387429",3,14.2857142857143
"cg07387657",1,4.76190476190476
"cg07387863",1,4.76190476190476
"cg07388029",1,4.76190476190476
"cg07388184",1,4.76190476190476
"cg07390013",4,19.047619047619
"cg07390769",7,33.3333333333333
"cg07391275",1,4.76190476190476
"cg07391329",2,9.52380952380952
"cg07391674",12,57.1428571428571
"cg07394259",1,4.76190476190476
"cg07394538",14,66.6666666666667
"cg07395500",3,14.2857142857143
"cg07396092",1,4.76190476190476
"cg07398853",11,52.3809523809524
"cg07399928",2,9.52380952380952
"cg07400209",4,19.047619047619
"cg07400682",2,9.52380952380952
"cg07400852",3,14.2857142857143
"cg07401745",1,4.76190476190476
"cg07402797",2,9.52380952380952
"cg07404046",11,52.3809523809524
"cg07404276",1,4.76190476190476
"cg07404527",2,9.52380952380952
"cg07405435",2,9.52380952380952
"cg07407549",12,57.1428571428571
"cg07412997",1,4.76190476190476
"cg07413623",1,4.76190476190476
"cg07413658",8,38.0952380952381
"cg07414607",3,14.2857142857143
"cg07417094",5,23.8095238095238
"cg07423315",14,66.6666666666667
"cg07425086",6,28.5714285714286
"cg07425397",14,66.6666666666667
"cg07430434",2,9.52380952380952
"cg07430920",9,42.8571428571429
"cg07432644",14,66.6666666666667
"cg07442889",2,9.52380952380952
"cg07448068",4,19.047619047619
"cg07449105",1,4.76190476190476
"cg07450693",2,9.52380952380952
"cg07450839",1,4.76190476190476
"cg07455641",5,23.8095238095238
"cg07456370",5,23.8095238095238
"cg07458525",4,19.047619047619
"cg07460632",8,38.0952380952381
"cg07461199",1,4.76190476190476
"cg07461352",19,90.4761904761905
"cg07463167",3,14.2857142857143
"cg07464263",1,4.76190476190476
"cg07464797",3,14.2857142857143
"cg07469964",6,28.5714285714286
"cg07473103",1,4.76190476190476
"cg07474522",1,4.76190476190476
"cg07476377",6,28.5714285714286
"cg07479475",3,14.2857142857143
"cg07480541",1,4.76190476190476
"cg07481066",7,33.3333333333333
"cg07484105",1,4.76190476190476
"cg07486048",1,4.76190476190476
"cg07487078",5,23.8095238095238
"cg07488410",1,4.76190476190476
"cg07489664",15,71.4285714285714
"cg07492055",2,9.52380952380952
"cg07494820",1,4.76190476190476
"cg07494821",1,4.76190476190476
"cg07504130",1,4.76190476190476
"cg07505174",2,9.52380952380952
"cg07507444",2,9.52380952380952
"cg07508649",1,4.76190476190476
"cg07510510",1,4.76190476190476
"cg07510571",6,28.5714285714286
"cg07513242",2,9.52380952380952
"cg07514156",7,33.3333333333333
"cg07516147",10,47.6190476190476
"cg07517746",1,4.76190476190476
"cg07517916",4,19.047619047619
"cg07520649",1,4.76190476190476
"cg07521035",4,19.047619047619
"cg07526011",1,4.76190476190476
"cg07528603",2,9.52380952380952
"cg07530359",2,9.52380952380952
"cg07530596",2,9.52380952380952
"cg07535125",2,9.52380952380952
"cg07543572",1,4.76190476190476
"cg07544925",4,19.047619047619
"cg07544956",14,66.6666666666667
"cg07546666",1,4.76190476190476
"cg07551216",3,14.2857142857143
"cg07551649",1,4.76190476190476
"cg07551707",19,90.4761904761905
"cg07553512",1,4.76190476190476
"cg07555350",1,4.76190476190476
"cg07556053",1,4.76190476190476
"cg07562055",1,4.76190476190476
"cg07562127",1,4.76190476190476
"cg07562141",1,4.76190476190476
"cg07564399",8,38.0952380952381
"cg07564411",1,4.76190476190476
"cg07565023",10,47.6190476190476
"cg07565150",2,9.52380952380952
"cg07565837",6,28.5714285714286
"cg07566534",1,4.76190476190476
"cg07568086",5,23.8095238095238
"cg07568493",1,4.76190476190476
"cg07575193",5,23.8095238095238
"cg07576006",1,4.76190476190476
"cg07577294",7,33.3333333333333
"cg07578906",1,4.76190476190476
"cg07580555",1,4.76190476190476
"cg07582407",1,4.76190476190476
"cg07584380",4,19.047619047619
"cg07585558",2,9.52380952380952
"cg07586739",1,4.76190476190476
"cg07586946",11,52.3809523809524
"cg07595861",1,4.76190476190476
"cg07598115",1,4.76190476190476
"cg07598697",1,4.76190476190476
"cg07601946",1,4.76190476190476
"cg07602571",1,4.76190476190476
"cg07603516",1,4.76190476190476
"cg07605826",8,38.0952380952381
"cg07607525",7,33.3333333333333
"cg07607823",1,4.76190476190476
"cg07608986",4,19.047619047619
"cg07610367",1,4.76190476190476
"cg07610825",4,19.047619047619
"cg07611082",1,4.76190476190476
"cg07612974",1,4.76190476190476
"cg07623341",1,4.76190476190476
"cg07624595",1,4.76190476190476
"cg07633040",2,9.52380952380952
"cg07634034",3,14.2857142857143
"cg07634945",2,9.52380952380952
"cg07636135",4,19.047619047619
"cg07636984",7,33.3333333333333
"cg07637515",1,4.76190476190476
"cg07638027",1,4.76190476190476
"cg07638320",3,14.2857142857143
"cg07640697",8,38.0952380952381
"cg07642729",1,4.76190476190476
"cg07643803",2,9.52380952380952
"cg07644987",4,19.047619047619
"cg07645183",9,42.8571428571429
"cg07645480",5,23.8095238095238
"cg07645981",1,4.76190476190476
"cg07646480",1,4.76190476190476
"cg07659163",1,4.76190476190476
"cg07661835",4,19.047619047619
"cg07663806",1,4.76190476190476
"cg07667019",11,52.3809523809524
"cg07667458",2,9.52380952380952
"cg07669107",3,14.2857142857143
"cg07670421",4,19.047619047619
"cg07671003",1,4.76190476190476
"cg07674511",4,19.047619047619
"cg07674520",1,4.76190476190476
"cg07675888",1,4.76190476190476
"cg07676420",6,28.5714285714286
"cg07679571",1,4.76190476190476
"cg07680436",1,4.76190476190476
"cg07681039",1,4.76190476190476
"cg07681048",7,33.3333333333333
"cg07682153",1,4.76190476190476
"cg07683029",3,14.2857142857143
"cg07683750",17,80.9523809523809
"cg07688291",2,9.52380952380952
"cg07690910",1,4.76190476190476
"cg07692916",1,4.76190476190476
"cg07695980",2,9.52380952380952
"cg07697265",7,33.3333333333333
"cg07698793",7,33.3333333333333
"cg07700028",1,4.76190476190476
"cg07702770",1,4.76190476190476
"cg07704151",1,4.76190476190476
"cg07706486",1,4.76190476190476
"cg07706850",10,47.6190476190476
"cg07709545",3,14.2857142857143
"cg07710685",1,4.76190476190476
"cg07712633",1,4.76190476190476
"cg07714001",4,19.047619047619
"cg07718041",3,14.2857142857143
"cg07719139",17,80.9523809523809
"cg07720164",8,38.0952380952381
"cg07720280",1,4.76190476190476
"cg07722239",1,4.76190476190476
"cg07723198",5,23.8095238095238
"cg07724668",5,23.8095238095238
"cg07724896",4,19.047619047619
"cg07728473",1,4.76190476190476
"cg07729325",1,4.76190476190476
"cg07730077",1,4.76190476190476
"cg07733057",1,4.76190476190476
"cg07736625",4,19.047619047619
"cg07736979",3,14.2857142857143
"cg07736985",3,14.2857142857143
"cg07737891",1,4.76190476190476
"cg07739215",5,23.8095238095238
"cg07740027",1,4.76190476190476
"cg07741817",6,28.5714285714286
"cg07743467",3,14.2857142857143
"cg07744273",4,19.047619047619
"cg07744392",1,4.76190476190476
"cg07747963",6,28.5714285714286
"cg07748723",2,9.52380952380952
"cg07750185",1,4.76190476190476
"cg07753711",2,9.52380952380952
"cg07753755",1,4.76190476190476
"cg07755271",11,52.3809523809524
"cg07756014",1,4.76190476190476
"cg07756906",3,14.2857142857143
"cg07758384",4,19.047619047619
"cg07759308",6,28.5714285714286
"cg07765885",2,9.52380952380952
"cg07766403",1,4.76190476190476
"cg07768807",2,9.52380952380952
"cg07771841",1,4.76190476190476
"cg07774037",17,80.9523809523809
"cg07775832",1,4.76190476190476
"cg07776701",3,14.2857142857143
"cg07776734",1,4.76190476190476
"cg07777170",1,4.76190476190476
"cg07777225",1,4.76190476190476
"cg07785144",4,19.047619047619
"cg07786246",4,19.047619047619
"cg07789101",1,4.76190476190476
"cg07789493",1,4.76190476190476
"cg07790961",1,4.76190476190476
"cg07794170",1,4.76190476190476
"cg07795413",2,9.52380952380952
"cg07795790",1,4.76190476190476
"cg07795916",1,4.76190476190476
"cg07796901",4,19.047619047619
"cg07798761",2,9.52380952380952
"cg07801575",7,33.3333333333333
"cg07801620",1,4.76190476190476
"cg07806979",3,14.2857142857143
"cg07807095",2,9.52380952380952
"cg07808804",1,4.76190476190476
"cg07810711",1,4.76190476190476
"cg07814097",1,4.76190476190476
"cg07814745",6,28.5714285714286
"cg07817824",8,38.0952380952381
"cg07818206",1,4.76190476190476
"cg07819778",6,28.5714285714286
"cg07821014",1,4.76190476190476
"cg07821697",9,42.8571428571429
"cg07822476",2,9.52380952380952
"cg07827441",3,14.2857142857143
"cg07829689",2,9.52380952380952
"cg07831190",1,4.76190476190476
"cg07834024",2,9.52380952380952
"cg07834405",1,4.76190476190476
"cg07835052",1,4.76190476190476
"cg07838604",1,4.76190476190476
"cg07841419",1,4.76190476190476
"cg07849890",1,4.76190476190476
"cg07850534",7,33.3333333333333
"cg07852493",1,4.76190476190476
"cg07855386",2,9.52380952380952
"cg07856006",1,4.76190476190476
"cg07859596",1,4.76190476190476
"cg07863882",7,33.3333333333333
"cg07865161",1,4.76190476190476
"cg07866664",10,47.6190476190476
"cg07868033",1,4.76190476190476
"cg07870295",8,38.0952380952381
"cg07872475",1,4.76190476190476
"cg07872987",1,4.76190476190476
"cg07874372",12,57.1428571428571
"cg07874445",1,4.76190476190476
"cg07878570",11,52.3809523809524
"cg07878774",2,9.52380952380952
"cg07879094",10,47.6190476190476
"cg07881040",1,4.76190476190476
"cg07882021",3,14.2857142857143
"cg07884673",1,4.76190476190476
"cg07896623",2,9.52380952380952
"cg07897113",1,4.76190476190476
"cg07897117",1,4.76190476190476
"cg07897123",3,14.2857142857143
"cg07897126",2,9.52380952380952
"cg07897175",2,9.52380952380952
"cg07897214",1,4.76190476190476
"cg07897223",9,42.8571428571429
"cg07897254",1,4.76190476190476
"cg07897463",3,14.2857142857143
"cg07898852",1,4.76190476190476
"cg07899068",3,14.2857142857143
"cg07900544",1,4.76190476190476
"cg07902629",1,4.76190476190476
"cg07903581",3,14.2857142857143
"cg07905900",1,4.76190476190476
"cg07906362",1,4.76190476190476
"cg07908539",10,47.6190476190476
"cg07908766",1,4.76190476190476
"cg07911222",2,9.52380952380952
"cg07911969",17,80.9523809523809
"cg07920963",6,28.5714285714286
"cg07921792",1,4.76190476190476
"cg07922314",19,90.4761904761905
"cg07924501",5,23.8095238095238
"cg07925057",1,4.76190476190476
"cg07925274",2,9.52380952380952
"cg07926792",1,4.76190476190476
"cg07927909",3,14.2857142857143
"cg07931107",1,4.76190476190476
"cg07931592",1,4.76190476190476
"cg07933728",5,23.8095238095238
"cg07938212",7,33.3333333333333
"cg07939587",3,14.2857142857143
"cg07942120",1,4.76190476190476
"cg07943361",4,19.047619047619
"cg07950265",7,33.3333333333333
"cg07950979",6,28.5714285714286
"cg07951728",8,38.0952380952381
"cg07960289",6,28.5714285714286
"cg07963712",4,19.047619047619
"cg07964275",1,4.76190476190476
"cg07966986",1,4.76190476190476
"cg07969505",9,42.8571428571429
"cg07971231",2,9.52380952380952
"cg07971289",1,4.76190476190476
"cg07979579",1,4.76190476190476
"cg07985182",1,4.76190476190476
"cg07988415",2,9.52380952380952
"cg07989163",1,4.76190476190476
"cg07991596",5,23.8095238095238
"cg07993420",2,9.52380952380952
"cg07995225",1,4.76190476190476
"cg07996920",3,14.2857142857143
"cg07998141",8,38.0952380952381
"cg07998457",1,4.76190476190476
"cg07998774",7,33.3333333333333
"cg07998866",1,4.76190476190476
"cg07999596",1,4.76190476190476
"cg08000746",2,9.52380952380952
"cg08001446",6,28.5714285714286
"cg08003505",5,23.8095238095238
"cg08003958",7,33.3333333333333
"cg08006275",2,9.52380952380952
"cg08010168",9,42.8571428571429
"cg08010180",1,4.76190476190476
"cg08014073",4,19.047619047619
"cg08015217",1,4.76190476190476
"cg08016897",7,33.3333333333333
"cg08018585",1,4.76190476190476
"cg08018833",3,14.2857142857143
"cg08020339",1,4.76190476190476
"cg08024668",3,14.2857142857143
"cg08024776",1,4.76190476190476
"cg08025781",1,4.76190476190476
"cg08027238",4,19.047619047619
"cg08030629",12,57.1428571428571
"cg08031014",5,23.8095238095238
"cg08034384",7,33.3333333333333
"cg08036763",3,14.2857142857143
"cg08037430",9,42.8571428571429
"cg08037620",1,4.76190476190476
"cg08038988",4,19.047619047619
"cg08045426",1,4.76190476190476
"cg08046098",2,9.52380952380952
"cg08046926",1,4.76190476190476
"cg08047385",1,4.76190476190476
"cg08047401",2,9.52380952380952
"cg08048296",10,47.6190476190476
"cg08051701",1,4.76190476190476
"cg08052092",1,4.76190476190476
"cg08053899",5,23.8095238095238
"cg08055129",3,14.2857142857143
"cg08056266",3,14.2857142857143
"cg08058514",13,61.9047619047619
"cg08059358",1,4.76190476190476
"cg08059789",2,9.52380952380952
"cg08060588",1,4.76190476190476
"cg08064156",1,4.76190476190476
"cg08066407",1,4.76190476190476
"cg08068973",3,14.2857142857143
"cg08069338",2,9.52380952380952
"cg08069775",4,19.047619047619
"cg08070771",1,4.76190476190476
"cg08073088",1,4.76190476190476
"cg08074663",5,23.8095238095238
"cg08076912",1,4.76190476190476
"cg08077801",15,71.4285714285714
"cg08079214",15,71.4285714285714
"cg08081785",1,4.76190476190476
"cg08082581",1,4.76190476190476
"cg08087095",1,4.76190476190476
"cg08087970",1,4.76190476190476
"cg08088575",1,4.76190476190476
"cg08088670",3,14.2857142857143
"cg08089693",1,4.76190476190476
"cg08090179",5,23.8095238095238
"cg08091683",2,9.52380952380952
"cg08096050",2,9.52380952380952
"cg08096667",1,4.76190476190476
"cg08097387",20,95.2380952380952
"cg08100359",3,14.2857142857143
"cg08103138",2,9.52380952380952
"cg08103741",2,9.52380952380952
"cg08106708",3,14.2857142857143
"cg08108680",2,9.52380952380952
"cg08110606",8,38.0952380952381
"cg08115820",1,4.76190476190476
"cg08116285",3,14.2857142857143
"cg08120149",1,4.76190476190476
"cg08121232",3,14.2857142857143
"cg08122751",10,47.6190476190476
"cg08122892",3,14.2857142857143
"cg08124214",1,4.76190476190476
"cg08125397",3,14.2857142857143
"cg08127042",1,4.76190476190476
"cg08128054",1,4.76190476190476
"cg08128486",1,4.76190476190476
"cg08130275",1,4.76190476190476
"cg08131086",3,14.2857142857143
"cg08134685",1,4.76190476190476
"cg08135414",1,4.76190476190476
"cg08138407",1,4.76190476190476
"cg08143789",1,4.76190476190476
"cg08146944",3,14.2857142857143
"cg08147259",1,4.76190476190476
"cg08147985",1,4.76190476190476
"cg08148375",10,47.6190476190476
"cg08148853",6,28.5714285714286
"cg08149168",1,4.76190476190476
"cg08153385",7,33.3333333333333
"cg08155354",2,9.52380952380952
"cg08155508",1,4.76190476190476
"cg08157084",10,47.6190476190476
"cg08159412",3,14.2857142857143
"cg08159989",1,4.76190476190476
"cg08160826",1,4.76190476190476
"cg08160949",6,28.5714285714286
"cg08163709",1,4.76190476190476
"cg08171389",1,4.76190476190476
"cg08172177",5,23.8095238095238
"cg08173834",1,4.76190476190476
"cg08174558",1,4.76190476190476
"cg08178465",2,9.52380952380952
"cg08178940",1,4.76190476190476
"cg08179048",1,4.76190476190476
"cg08180136",1,4.76190476190476
"cg08180998",4,19.047619047619
"cg08183125",1,4.76190476190476
"cg08183217",1,4.76190476190476
"cg08183918",1,4.76190476190476
"cg08186021",2,9.52380952380952
"cg08188437",1,4.76190476190476
"cg08193925",1,4.76190476190476
"cg08200217",1,4.76190476190476
"cg08201041",1,4.76190476190476
"cg08203418",3,14.2857142857143
"cg08208480",3,14.2857142857143
"cg08210677",1,4.76190476190476
"cg08211903",1,4.76190476190476
"cg08212784",1,4.76190476190476
"cg08219131",4,19.047619047619
"cg08221666",2,9.52380952380952
"cg08221729",2,9.52380952380952
"cg08224066",1,4.76190476190476
"cg08225155",1,4.76190476190476
"cg08230167",1,4.76190476190476
"cg08230969",1,4.76190476190476
"cg08232657",1,4.76190476190476
"cg08232967",2,9.52380952380952
"cg08234855",1,4.76190476190476
"cg08240849",7,33.3333333333333
"cg08240981",5,23.8095238095238
"cg08241953",2,9.52380952380952
"cg08243135",1,4.76190476190476
"cg08243951",1,4.76190476190476
"cg08244785",2,9.52380952380952
"cg08247014",3,14.2857142857143
"cg08248731",1,4.76190476190476
"cg08249504",2,9.52380952380952
"cg08250002",14,66.6666666666667
"cg08253107",1,4.76190476190476
"cg08253518",11,52.3809523809524
"cg08254535",1,4.76190476190476
"cg08257302",1,4.76190476190476
"cg08257725",2,9.52380952380952
"cg08258108",5,23.8095238095238
"cg08264975",8,38.0952380952381
"cg08265274",1,4.76190476190476
"cg08265308",5,23.8095238095238
"cg08268813",2,9.52380952380952
"cg08279634",1,4.76190476190476
"cg08281157",1,4.76190476190476
"cg08281866",1,4.76190476190476
"cg08281878",2,9.52380952380952
"cg08284362",1,4.76190476190476
"cg08285006",1,4.76190476190476
"cg08288033",1,4.76190476190476
"cg08291957",1,4.76190476190476
"cg08292252",3,14.2857142857143
"cg08292421",1,4.76190476190476
"cg08294469",1,4.76190476190476
"cg08296273",3,14.2857142857143
"cg08298560",4,19.047619047619
"cg08298696",1,4.76190476190476
"cg08299859",1,4.76190476190476
"cg08301302",1,4.76190476190476
"cg08302302",1,4.76190476190476
"cg08303404",1,4.76190476190476
"cg08303791",1,4.76190476190476
"cg08310349",4,19.047619047619
"cg08310519",1,4.76190476190476
"cg08310567",1,4.76190476190476
"cg08312632",1,4.76190476190476
"cg08313336",6,28.5714285714286
"cg08314875",7,33.3333333333333
"cg08317841",1,4.76190476190476
"cg08317910",7,33.3333333333333
"cg08319180",1,4.76190476190476
"cg08320413",1,4.76190476190476
"cg08322697",1,4.76190476190476
"cg08324963",2,9.52380952380952
"cg08325413",1,4.76190476190476
"cg08325961",1,4.76190476190476
"cg08327597",1,4.76190476190476
"cg08327808",1,4.76190476190476
"cg08328483",1,4.76190476190476
"cg08328832",4,19.047619047619
"cg08333904",1,4.76190476190476
"cg08335866",1,4.76190476190476
"cg08336457",1,4.76190476190476
"cg08337330",1,4.76190476190476
"cg08339682",3,14.2857142857143
"cg08343347",1,4.76190476190476
"cg08344051",6,28.5714285714286
"cg08347606",8,38.0952380952381
"cg08348715",1,4.76190476190476
"cg08349108",2,9.52380952380952
"cg08350464",1,4.76190476190476
"cg08351272",1,4.76190476190476
"cg08352983",1,4.76190476190476
"cg08353705",5,23.8095238095238
"cg08355317",1,4.76190476190476
"cg08355688",1,4.76190476190476
"cg08355910",1,4.76190476190476
"cg08359081",2,9.52380952380952
"cg08359431",1,4.76190476190476
"cg08359514",1,4.76190476190476
"cg08361539",1,4.76190476190476
"cg08364820",1,4.76190476190476
"cg08364942",1,4.76190476190476
"cg08365349",2,9.52380952380952
"cg08366132",1,4.76190476190476
"cg08369498",11,52.3809523809524
"cg08369629",1,4.76190476190476
"cg08370500",1,4.76190476190476
"cg08370907",1,4.76190476190476
"cg08374600",3,14.2857142857143
"cg08374666",1,4.76190476190476
"cg08375941",1,4.76190476190476
"cg08377331",1,4.76190476190476
"cg08379488",1,4.76190476190476
"cg08379654",2,9.52380952380952
"cg08382137",1,4.76190476190476
"cg08383695",4,19.047619047619
"cg08385832",2,9.52380952380952
"cg08385995",5,23.8095238095238
"cg08389634",9,42.8571428571429
"cg08390086",4,19.047619047619
"cg08390105",9,42.8571428571429
"cg08392311",1,4.76190476190476
"cg08397205",1,4.76190476190476
"cg08398013",1,4.76190476190476
"cg08398749",1,4.76190476190476
"cg08399134",13,61.9047619047619
"cg08400829",11,52.3809523809524
"cg08405377",1,4.76190476190476
"cg08406463",1,4.76190476190476
"cg08406595",6,28.5714285714286
"cg08410382",1,4.76190476190476
"cg08411333",4,19.047619047619
"cg08413188",11,52.3809523809524
"cg08413370",3,14.2857142857143
"cg08413738",2,9.52380952380952
"cg08414984",1,4.76190476190476
"cg08418303",1,4.76190476190476
"cg08420190",1,4.76190476190476
"cg08421676",3,14.2857142857143
"cg08421934",1,4.76190476190476
"cg08422062",3,14.2857142857143
"cg08425900",4,19.047619047619
"cg08426604",2,9.52380952380952
"cg08427012",4,19.047619047619
"cg08427101",1,4.76190476190476
"cg08427311",1,4.76190476190476
"cg08429213",4,19.047619047619
"cg08429515",2,9.52380952380952
"cg08430753",10,47.6190476190476
"cg08432546",2,9.52380952380952
"cg08433110",2,9.52380952380952
"cg08435081",2,9.52380952380952
"cg08435246",4,19.047619047619
"cg08439145",1,4.76190476190476
"cg08439931",2,9.52380952380952
"cg08448341",1,4.76190476190476
"cg08449487",1,4.76190476190476
"cg08451220",1,4.76190476190476
"cg08452699",3,14.2857142857143
"cg08454612",1,4.76190476190476
"cg08455926",1,4.76190476190476
"cg08456251",1,4.76190476190476
"cg08456262",1,4.76190476190476
"cg08458921",1,4.76190476190476
"cg08460621",1,4.76190476190476
"cg08460732",3,14.2857142857143
"cg08463633",6,28.5714285714286
"cg08463779",1,4.76190476190476
"cg08468443",1,4.76190476190476
"cg08468677",1,4.76190476190476
"cg08469666",4,19.047619047619
"cg08469825",5,23.8095238095238
"cg08479277",3,14.2857142857143
"cg08483456",1,4.76190476190476
"cg08483768",2,9.52380952380952
"cg08485488",2,9.52380952380952
"cg08486172",1,4.76190476190476
"cg08489171",1,4.76190476190476
"cg08490149",3,14.2857142857143
"cg08491105",3,14.2857142857143
"cg08491363",1,4.76190476190476
"cg08492041",2,9.52380952380952
"cg08494494",2,9.52380952380952
"cg08497835",5,23.8095238095238
"cg08497894",1,4.76190476190476
"cg08498163",1,4.76190476190476
"cg08499519",1,4.76190476190476
"cg08502017",1,4.76190476190476
"cg08502446",1,4.76190476190476
"cg08503278",1,4.76190476190476
"cg08503393",1,4.76190476190476
"cg08504873",20,95.2380952380952
"cg08505673",2,9.52380952380952
"cg08506949",2,9.52380952380952
"cg08509635",1,4.76190476190476
"cg08513039",1,4.76190476190476
"cg08515517",1,4.76190476190476
"cg08517686",3,14.2857142857143
"cg08518150",1,4.76190476190476
"cg08528516",7,33.3333333333333
"cg08529255",1,4.76190476190476
"cg08530929",1,4.76190476190476
"cg08533162",1,4.76190476190476
"cg08534524",4,19.047619047619
"cg08536278",3,14.2857142857143
"cg08538416",1,4.76190476190476
"cg08545909",1,4.76190476190476
"cg08546406",1,4.76190476190476
"cg08549035",1,4.76190476190476
"cg08551865",1,4.76190476190476
"cg08552094",1,4.76190476190476
"cg08556636",2,9.52380952380952
"cg08558272",3,14.2857142857143
"cg08560521",1,4.76190476190476
"cg08566799",1,4.76190476190476
"cg08568083",2,9.52380952380952
"cg08571054",20,95.2380952380952
"cg08571432",1,4.76190476190476
"cg08572591",1,4.76190476190476
"cg08573901",1,4.76190476190476
"cg08574774",1,4.76190476190476
"cg08576479",2,9.52380952380952
"cg08578312",1,4.76190476190476
"cg08580475",3,14.2857142857143
"cg08582441",1,4.76190476190476
"cg08585862",2,9.52380952380952
"cg08586808",1,4.76190476190476
"cg08589838",3,14.2857142857143
"cg08591247",1,4.76190476190476
"cg08593141",4,19.047619047619
"cg08595278",2,9.52380952380952
"cg08596608",5,23.8095238095238
"cg08598018",1,4.76190476190476
"cg08603296",10,47.6190476190476
"cg08612673",1,4.76190476190476
"cg08615255",3,14.2857142857143
"cg08616640",6,28.5714285714286
"cg08616654",2,9.52380952380952
"cg08618857",2,9.52380952380952
"cg08620189",4,19.047619047619
"cg08621102",1,4.76190476190476
"cg08623623",1,4.76190476190476
"cg08625773",2,9.52380952380952
"cg08626174",12,57.1428571428571
"cg08626679",15,71.4285714285714
"cg08627067",3,14.2857142857143
"cg08628352",1,4.76190476190476
"cg08629502",1,4.76190476190476
"cg08630978",14,66.6666666666667
"cg08631301",2,9.52380952380952
"cg08632305",1,4.76190476190476
"cg08632474",4,19.047619047619
"cg08632504",1,4.76190476190476
"cg08633745",1,4.76190476190476
"cg08635406",3,14.2857142857143
"cg08635619",2,9.52380952380952
"cg08637974",2,9.52380952380952
"cg08638698",14,66.6666666666667
"cg08640046",1,4.76190476190476
"cg08640844",3,14.2857142857143
"cg08641535",5,23.8095238095238
"cg08642370",12,57.1428571428571
"cg08644771",8,38.0952380952381
"cg08644860",1,4.76190476190476
"cg08645033",1,4.76190476190476
"cg08647407",1,4.76190476190476
"cg08650339",9,42.8571428571429
"cg08651841",4,19.047619047619
"cg08655413",1,4.76190476190476
"cg08655658",8,38.0952380952381
"cg08655855",4,19.047619047619
"cg08656340",2,9.52380952380952
"cg08656530",1,4.76190476190476
"cg08663152",1,4.76190476190476
"cg08671325",1,4.76190476190476
"cg08672176",1,4.76190476190476
"cg08672203",1,4.76190476190476
"cg08673225",7,33.3333333333333
"cg08674206",1,4.76190476190476
"cg08677922",1,4.76190476190476
"cg08682260",2,9.52380952380952
"cg08686361",2,9.52380952380952
"cg08688086",1,4.76190476190476
"cg08689486",2,9.52380952380952
"cg08690656",8,38.0952380952381
"cg08693082",4,19.047619047619
"cg08694003",5,23.8095238095238
"cg08695335",2,9.52380952380952
"cg08695442",2,9.52380952380952
"cg08695784",2,9.52380952380952
"cg08698035",9,42.8571428571429
"cg08702207",1,4.76190476190476
"cg08709408",1,4.76190476190476
"cg08711005",4,19.047619047619
"cg08712282",2,9.52380952380952
"cg08713108",2,9.52380952380952
"cg08713979",18,85.7142857142857
"cg08714048",3,14.2857142857143
"cg08714926",3,14.2857142857143
"cg08718997",1,4.76190476190476
"cg08719572",1,4.76190476190476
"cg08721188",1,4.76190476190476
"cg08721870",8,38.0952380952381
"cg08724132",1,4.76190476190476
"cg08729690",5,23.8095238095238
"cg08729735",1,4.76190476190476
"cg08731543",1,4.76190476190476
"cg08731712",6,28.5714285714286
"cg08732773",1,4.76190476190476
"cg08738123",1,4.76190476190476
"cg08741252",1,4.76190476190476
"cg08743402",3,14.2857142857143
"cg08749872",7,33.3333333333333
"cg08751988",16,76.1904761904762
"cg08753678",3,14.2857142857143
"cg08754004",4,19.047619047619
"cg08759196",8,38.0952380952381
"cg08761620",1,4.76190476190476
"cg08765820",1,4.76190476190476
"cg08766616",1,4.76190476190476
"cg08770386",3,14.2857142857143
"cg08770598",9,42.8571428571429
"cg08777477",18,85.7142857142857
"cg08778952",2,9.52380952380952
"cg08779777",1,4.76190476190476
"cg08781755",1,4.76190476190476
"cg08783138",1,4.76190476190476
"cg08787030",1,4.76190476190476
"cg08787988",2,9.52380952380952
"cg08789494",3,14.2857142857143
"cg08790036",5,23.8095238095238
"cg08795444",6,28.5714285714286
"cg08796721",4,19.047619047619
"cg08799069",2,9.52380952380952
"cg08799790",2,9.52380952380952
"cg08801017",1,4.76190476190476
"cg08808148",2,9.52380952380952
"cg08810410",1,4.76190476190476
"cg08811976",10,47.6190476190476
"cg08812936",1,4.76190476190476
"cg08814544",1,4.76190476190476
"cg08816194",8,38.0952380952381
"cg08817797",1,4.76190476190476
"cg08819643",7,33.3333333333333
"cg08820785",5,23.8095238095238
"cg08822537",2,9.52380952380952
"cg08823446",4,19.047619047619
"cg08833817",4,19.047619047619
"cg08835041",1,4.76190476190476
"cg08835099",1,4.76190476190476
"cg08837473",1,4.76190476190476
"cg08838702",7,33.3333333333333
"cg08839225",2,9.52380952380952
"cg08839312",1,4.76190476190476
"cg08839831",1,4.76190476190476
"cg08842983",1,4.76190476190476
"cg08843271",13,61.9047619047619
"cg08843804",3,14.2857142857143
"cg08843971",1,4.76190476190476
"cg08846272",1,4.76190476190476
"cg08847243",2,9.52380952380952
"cg08851376",6,28.5714285714286
"cg08853277",4,19.047619047619
"cg08854467",10,47.6190476190476
"cg08854652",1,4.76190476190476
"cg08855551",3,14.2857142857143
"cg08855630",1,4.76190476190476
"cg08858684",3,14.2857142857143
"cg08860879",1,4.76190476190476
"cg08863590",1,4.76190476190476
"cg08866162",1,4.76190476190476
"cg08867461",3,14.2857142857143
"cg08867873",2,9.52380952380952
"cg08880858",1,4.76190476190476
"cg08883957",11,52.3809523809524
"cg08884148",1,4.76190476190476
"cg08885216",1,4.76190476190476
"cg08886779",2,9.52380952380952
"cg08888175",8,38.0952380952381
"cg08891123",1,4.76190476190476
"cg08892255",1,4.76190476190476
"cg08893117",4,19.047619047619
"cg08894632",1,4.76190476190476
"cg08896390",1,4.76190476190476
"cg08896800",1,4.76190476190476
"cg08900774",1,4.76190476190476
"cg08901681",1,4.76190476190476
"cg08903759",1,4.76190476190476
"cg08904194",1,4.76190476190476
"cg08905653",2,9.52380952380952
"cg08907911",3,14.2857142857143
"cg08908899",1,4.76190476190476
"cg08909553",3,14.2857142857143
"cg08910792",1,4.76190476190476
"cg08911536",1,4.76190476190476
"cg08912265",1,4.76190476190476
"cg08913260",1,4.76190476190476
"cg08915024",1,4.76190476190476
"cg08915405",1,4.76190476190476
"cg08915454",1,4.76190476190476
"cg08916212",1,4.76190476190476
"cg08916556",2,9.52380952380952
"cg08921682",5,23.8095238095238
"cg08922428",1,4.76190476190476
"cg08924674",2,9.52380952380952
"cg08924833",1,4.76190476190476
"cg08925551",1,4.76190476190476
"cg08926077",4,19.047619047619
"cg08928505",2,9.52380952380952
"cg08930037",7,33.3333333333333
"cg08935534",4,19.047619047619
"cg08942192",2,9.52380952380952
"cg08942734",2,9.52380952380952
"cg08944114",1,4.76190476190476
"cg08945711",1,4.76190476190476
"cg08947187",1,4.76190476190476
"cg08950203",1,4.76190476190476
"cg08951301",1,4.76190476190476
"cg08952774",1,4.76190476190476
"cg08956328",1,4.76190476190476
"cg08956712",2,9.52380952380952
"cg08957187",7,33.3333333333333
"cg08957856",1,4.76190476190476
"cg08960006",1,4.76190476190476
"cg08963455",1,4.76190476190476
"cg08965753",1,4.76190476190476
"cg08967287",6,28.5714285714286
"cg08968411",1,4.76190476190476
"cg08968872",1,4.76190476190476
"cg08968997",1,4.76190476190476
"cg08969549",1,4.76190476190476
"cg08973053",10,47.6190476190476
"cg08973565",1,4.76190476190476
"cg08976420",1,4.76190476190476
"cg08977382",1,4.76190476190476
"cg08978083",1,4.76190476190476
"cg08978092",3,14.2857142857143
"cg08979510",5,23.8095238095238
"cg08981537",1,4.76190476190476
"cg08981801",3,14.2857142857143
"cg08982380",8,38.0952380952381
"cg08985793",5,23.8095238095238
"cg08986465",1,4.76190476190476
"cg08994981",1,4.76190476190476
"cg08997449",1,4.76190476190476
"cg08998414",2,9.52380952380952
"cg08998950",2,9.52380952380952
"cg09001369",6,28.5714285714286
"cg09007594",2,9.52380952380952
"cg09010459",2,9.52380952380952
"cg09012637",19,90.4761904761905
"cg09016374",1,4.76190476190476
"cg09016610",2,9.52380952380952
"cg09019278",1,4.76190476190476
"cg09022647",3,14.2857142857143
"cg09024023",1,4.76190476190476
"cg09025601",1,4.76190476190476
"cg09025943",1,4.76190476190476
"cg09028079",5,23.8095238095238
"cg09028799",4,19.047619047619
"cg09035532",1,4.76190476190476
"cg09036354",3,14.2857142857143
"cg09037853",8,38.0952380952381
"cg09038926",1,4.76190476190476
"cg09039003",10,47.6190476190476
"cg09041389",2,9.52380952380952
"cg09041487",1,4.76190476190476
"cg09041818",2,9.52380952380952
"cg09042432",1,4.76190476190476
"cg09043854",3,14.2857142857143
"cg09044747",1,4.76190476190476
"cg09046440",1,4.76190476190476
"cg09049079",1,4.76190476190476
"cg09049563",1,4.76190476190476
"cg09050030",4,19.047619047619
"cg09051357",2,9.52380952380952
"cg09053663",1,4.76190476190476
"cg09055594",1,4.76190476190476
"cg09064156",16,76.1904761904762
"cg09064426",1,4.76190476190476
"cg09065396",2,9.52380952380952
"cg09078466",9,42.8571428571429
"cg09079533",1,4.76190476190476
"cg09080741",1,4.76190476190476
"cg09081965",1,4.76190476190476
"cg09082773",4,19.047619047619
"cg09083667",8,38.0952380952381
"cg09085411",11,52.3809523809524
"cg09086987",1,4.76190476190476
"cg09088237",14,66.6666666666667
"cg09092489",1,4.76190476190476
"cg09097196",1,4.76190476190476
"cg09098760",1,4.76190476190476
"cg09102880",4,19.047619047619
"cg09109425",1,4.76190476190476
"cg09111127",5,23.8095238095238
"cg09111525",2,9.52380952380952
"cg09112201",2,9.52380952380952
"cg09119706",1,4.76190476190476
"cg09120724",1,4.76190476190476
"cg09120987",1,4.76190476190476
"cg09127592",1,4.76190476190476
"cg09129162",5,23.8095238095238
"cg09132335",1,4.76190476190476
"cg09134629",1,4.76190476190476
"cg09137263",3,14.2857142857143
"cg09137291",1,4.76190476190476
"cg09137816",1,4.76190476190476
"cg09137879",1,4.76190476190476
"cg09138207",2,9.52380952380952
"cg09140676",10,47.6190476190476
"cg09144123",1,4.76190476190476
"cg09144431",6,28.5714285714286
"cg09145771",6,28.5714285714286
"cg09146629",1,4.76190476190476
"cg09147331",1,4.76190476190476
"cg09147521",1,4.76190476190476
"cg09150734",12,57.1428571428571
"cg09151583",3,14.2857142857143
"cg09153282",2,9.52380952380952
"cg09156457",4,19.047619047619
"cg09158696",1,4.76190476190476
"cg09159371",1,4.76190476190476
"cg09160330",5,23.8095238095238
"cg09160515",1,4.76190476190476
"cg09160681",2,9.52380952380952
"cg09161832",1,4.76190476190476
"cg09162690",7,33.3333333333333
"cg09163767",1,4.76190476190476
"cg09165153",4,19.047619047619
"cg09166086",1,4.76190476190476
"cg09168320",1,4.76190476190476
"cg09168698",2,9.52380952380952
"cg09171763",1,4.76190476190476
"cg09173530",4,19.047619047619
"cg09176152",1,4.76190476190476
"cg09177337",1,4.76190476190476
"cg09184995",5,23.8095238095238
"cg09186074",1,4.76190476190476
"cg09186954",1,4.76190476190476
"cg09187639",9,42.8571428571429
"cg09190827",1,4.76190476190476
"cg09190968",7,33.3333333333333
"cg09192834",10,47.6190476190476
"cg09193766",1,4.76190476190476
"cg09194646",13,61.9047619047619
"cg09198943",1,4.76190476190476
"cg09201906",1,4.76190476190476
"cg09204626",1,4.76190476190476
"cg09208360",3,14.2857142857143
"cg09209085",2,9.52380952380952
"cg09212448",1,4.76190476190476
"cg09213148",6,28.5714285714286
"cg09215601",2,9.52380952380952
"cg09215818",11,52.3809523809524
"cg09218220",10,47.6190476190476
"cg09219688",5,23.8095238095238
"cg09219931",1,4.76190476190476
"cg09222892",3,14.2857142857143
"cg09223632",1,4.76190476190476
"cg09223745",13,61.9047619047619
"cg09226039",2,9.52380952380952
"cg09226916",2,9.52380952380952
"cg09228833",1,4.76190476190476
"cg09228985",7,33.3333333333333
"cg09229115",2,9.52380952380952
"cg09230658",6,28.5714285714286
"cg09233300",1,4.76190476190476
"cg09234453",8,38.0952380952381
"cg09235118",6,28.5714285714286
"cg09236056",5,23.8095238095238
"cg09237013",1,4.76190476190476
"cg09237016",6,28.5714285714286
"cg09240642",1,4.76190476190476
"cg09240767",1,4.76190476190476
"cg09240793",1,4.76190476190476
"cg09241617",11,52.3809523809524
"cg09243359",2,9.52380952380952
"cg09243569",1,4.76190476190476
"cg09244866",2,9.52380952380952
"cg09245215",5,23.8095238095238
"cg09247361",1,4.76190476190476
"cg09250048",13,61.9047619047619
"cg09253024",2,9.52380952380952
"cg09255550",1,4.76190476190476
"cg09255825",2,9.52380952380952
"cg09256082",3,14.2857142857143
"cg09256836",1,4.76190476190476
"cg09257702",7,33.3333333333333
"cg09258344",19,90.4761904761905
"cg09259926",7,33.3333333333333
"cg09261698",10,47.6190476190476
"cg09264206",1,4.76190476190476
"cg09265588",3,14.2857142857143
"cg09265658",5,23.8095238095238
"cg09268744",5,23.8095238095238
"cg09269041",1,4.76190476190476
"cg09270391",9,42.8571428571429
"cg09271591",8,38.0952380952381
"cg09272338",1,4.76190476190476
"cg09272668",6,28.5714285714286
"cg09276255",1,4.76190476190476
"cg09279930",2,9.52380952380952
"cg09280427",4,19.047619047619
"cg09282660",3,14.2857142857143
"cg09284266",1,4.76190476190476
"cg09285469",1,4.76190476190476
"cg09286880",1,4.76190476190476
"cg09289009",4,19.047619047619
"cg09290894",1,4.76190476190476
"cg09293652",1,4.76190476190476
"cg09294338",3,14.2857142857143
"cg09294498",1,4.76190476190476
"cg09295423",1,4.76190476190476
"cg09296845",1,4.76190476190476
"cg09297676",1,4.76190476190476
"cg09298854",1,4.76190476190476
"cg09299041",1,4.76190476190476
"cg09299770",1,4.76190476190476
"cg09307518",6,28.5714285714286
"cg09308544",11,52.3809523809524
"cg09310194",1,4.76190476190476
"cg09315305",3,14.2857142857143
"cg09315744",7,33.3333333333333
"cg09319050",1,4.76190476190476
"cg09324018",1,4.76190476190476
"cg09324051",1,4.76190476190476
"cg09328265",1,4.76190476190476
"cg09330012",1,4.76190476190476
"cg09330320",1,4.76190476190476
"cg09331881",1,4.76190476190476
"cg09336110",1,4.76190476190476
"cg09336493",1,4.76190476190476
"cg09337699",1,4.76190476190476
"cg09340831",1,4.76190476190476
"cg09341389",1,4.76190476190476
"cg09343494",2,9.52380952380952
"cg09344222",7,33.3333333333333
"cg09346854",7,33.3333333333333
"cg09347229",1,4.76190476190476
"cg09351524",1,4.76190476190476
"cg09352483",8,38.0952380952381
"cg09356775",1,4.76190476190476
"cg09356937",1,4.76190476190476
"cg09357113",3,14.2857142857143
"cg09361296",2,9.52380952380952
"cg09363079",1,4.76190476190476
"cg09363424",1,4.76190476190476
"cg09365107",1,4.76190476190476
"cg09365758",1,4.76190476190476
"cg09365832",1,4.76190476190476
"cg09366336",1,4.76190476190476
"cg09366970",1,4.76190476190476
"cg09368302",1,4.76190476190476
"cg09369096",2,9.52380952380952
"cg09369406",2,9.52380952380952
"cg09370496",2,9.52380952380952
"cg09374028",7,33.3333333333333
"cg09374521",4,19.047619047619
"cg09376555",2,9.52380952380952
"cg09376996",1,4.76190476190476
"cg09377741",2,9.52380952380952
"cg09379151",1,4.76190476190476
"cg09379188",1,4.76190476190476
"cg09379288",2,9.52380952380952
"cg09379443",7,33.3333333333333
"cg09379904",1,4.76190476190476
"cg09380362",3,14.2857142857143
"cg09381027",1,4.76190476190476
"cg09381055",2,9.52380952380952
"cg09381333",7,33.3333333333333
"cg09382220",3,14.2857142857143
"cg09383151",1,4.76190476190476
"cg09383792",7,33.3333333333333
"cg09388140",1,4.76190476190476
"cg09390398",2,9.52380952380952
"cg09391459",5,23.8095238095238
"cg09393309",1,4.76190476190476
"cg09393846",3,14.2857142857143
"cg09394134",8,38.0952380952381
"cg09395436",1,4.76190476190476
"cg09395610",1,4.76190476190476
"cg09395660",6,28.5714285714286
"cg09396101",3,14.2857142857143
"cg09396832",2,9.52380952380952
"cg09398138",2,9.52380952380952
"cg09408588",1,4.76190476190476
"cg09409434",1,4.76190476190476
"cg09410332",4,19.047619047619
"cg09410841",8,38.0952380952381
"cg09411128",8,38.0952380952381
"cg09411967",1,4.76190476190476
"cg09412310",1,4.76190476190476
"cg09412344",9,42.8571428571429
"cg09413976",2,9.52380952380952
"cg09416326",16,76.1904761904762
"cg09418268",1,4.76190476190476
"cg09419185",1,4.76190476190476
"cg09419843",1,4.76190476190476
"cg09420458",1,4.76190476190476
"cg09423550",1,4.76190476190476
"cg09423735",1,4.76190476190476
"cg09427568",6,28.5714285714286
"cg09428856",3,14.2857142857143
"cg09430000",3,14.2857142857143
"cg09430917",3,14.2857142857143
"cg09435079",6,28.5714285714286
"cg09435729",2,9.52380952380952
"cg09437835",2,9.52380952380952
"cg09439915",1,4.76190476190476
"cg09444206",1,4.76190476190476
"cg09445158",1,4.76190476190476
"cg09447839",1,4.76190476190476
"cg09452291",1,4.76190476190476
"cg09452510",3,14.2857142857143
"cg09454043",2,9.52380952380952
"cg09454628",2,9.52380952380952
"cg09456843",1,4.76190476190476
"cg09456894",1,4.76190476190476
"cg09457196",19,90.4761904761905
"cg09460641",3,14.2857142857143
"cg09461018",1,4.76190476190476
"cg09461494",1,4.76190476190476
"cg09462224",2,9.52380952380952
"cg09463228",1,4.76190476190476
"cg09466675",3,14.2857142857143
"cg09471597",3,14.2857142857143
"cg09472506",4,19.047619047619
"cg09473230",1,4.76190476190476
"cg09474166",2,9.52380952380952
"cg09474476",2,9.52380952380952
"cg09480249",1,4.76190476190476
"cg09480258",1,4.76190476190476
"cg09483174",6,28.5714285714286
"cg09487822",1,4.76190476190476
"cg09493619",1,4.76190476190476
"cg09493868",1,4.76190476190476
"cg09493985",2,9.52380952380952
"cg09495738",14,66.6666666666667
"cg09496575",2,9.52380952380952
"cg09497208",3,14.2857142857143
"cg09499277",3,14.2857142857143
"cg09506020",1,4.76190476190476
"cg09507546",1,4.76190476190476
"cg09508140",10,47.6190476190476
"cg09509462",2,9.52380952380952
"cg09513835",1,4.76190476190476
"cg09516121",1,4.76190476190476
"cg09516575",1,4.76190476190476
"cg09517079",1,4.76190476190476
"cg09518308",3,14.2857142857143
"cg09520037",1,4.76190476190476
"cg09521525",1,4.76190476190476
"cg09526066",1,4.76190476190476
"cg09527032",1,4.76190476190476
"cg09533074",2,9.52380952380952
"cg09533440",1,4.76190476190476
"cg09536738",1,4.76190476190476
"cg09538263",1,4.76190476190476
"cg09541801",4,19.047619047619
"cg09542878",7,33.3333333333333
"cg09543515",6,28.5714285714286
"cg09544053",1,4.76190476190476
"cg09546548",5,23.8095238095238
"cg09546813",1,4.76190476190476
"cg09546877",1,4.76190476190476
"cg09552281",2,9.52380952380952
"cg09553379",1,4.76190476190476
"cg09553581",1,4.76190476190476
"cg09555236",2,9.52380952380952
"cg09556138",2,9.52380952380952
"cg09556902",1,4.76190476190476
"cg09557201",1,4.76190476190476
"cg09557226",1,4.76190476190476
"cg09557365",12,57.1428571428571
"cg09557836",1,4.76190476190476
"cg09559760",5,23.8095238095238
"cg09559786",1,4.76190476190476
"cg09560994",1,4.76190476190476
"cg09561213",4,19.047619047619
"cg09562871",5,23.8095238095238
"cg09569183",7,33.3333333333333
"cg09571233",1,4.76190476190476
"cg09573852",1,4.76190476190476
"cg09573929",7,33.3333333333333
"cg09576185",2,9.52380952380952
"cg09578154",1,4.76190476190476
"cg09578285",1,4.76190476190476
"cg09578562",13,61.9047619047619
"cg09584060",1,4.76190476190476
"cg09584492",1,4.76190476190476
"cg09585659",1,4.76190476190476
"cg09585706",1,4.76190476190476
"cg09588476",1,4.76190476190476
"cg09588958",1,4.76190476190476
"cg09589062",6,28.5714285714286
"cg09590161",1,4.76190476190476
"cg09592143",2,9.52380952380952
"cg09592791",2,9.52380952380952
"cg09594338",6,28.5714285714286
"cg09594424",1,4.76190476190476
"cg09594612",1,4.76190476190476
"cg09595415",8,38.0952380952381
"cg09595843",1,4.76190476190476
"cg09599633",1,4.76190476190476
"cg09601343",3,14.2857142857143
"cg09604510",18,85.7142857142857
"cg09608141",7,33.3333333333333
"cg09611363",2,9.52380952380952
"cg09612768",1,4.76190476190476
"cg09613464",3,14.2857142857143
"cg09613858",9,42.8571428571429
"cg09619699",2,9.52380952380952
"cg09628244",1,4.76190476190476
"cg09629734",1,4.76190476190476
"cg09629866",2,9.52380952380952
"cg09630474",1,4.76190476190476
"cg09635123",1,4.76190476190476
"cg09638516",1,4.76190476190476
"cg09642755",2,9.52380952380952
"cg09642839",2,9.52380952380952
"cg09644806",1,4.76190476190476
"cg09646379",4,19.047619047619
"cg09647359",2,9.52380952380952
"cg09649545",9,42.8571428571429
"cg09649888",2,9.52380952380952
"cg09651284",1,4.76190476190476
"cg09652283",1,4.76190476190476
"cg09656432",3,14.2857142857143
"cg09658126",1,4.76190476190476
"cg09660364",1,4.76190476190476
"cg09663466",3,14.2857142857143
"cg09665371",1,4.76190476190476
"cg09666508",19,90.4761904761905
"cg09673731",1,4.76190476190476
"cg09673812",1,4.76190476190476
"cg09673910",1,4.76190476190476
"cg09674864",14,66.6666666666667
"cg09676602",1,4.76190476190476
"cg09679376",2,9.52380952380952
"cg09681594",4,19.047619047619
"cg09681910",2,9.52380952380952
"cg09682608",1,4.76190476190476
"cg09683173",1,4.76190476190476
"cg09683623",1,4.76190476190476
"cg09687254",1,4.76190476190476
"cg09690536",1,4.76190476190476
"cg09690539",1,4.76190476190476
"cg09690918",1,4.76190476190476
"cg09691724",5,23.8095238095238
"cg09694945",6,28.5714285714286
"cg09694986",1,4.76190476190476
"cg09697539",1,4.76190476190476
"cg09700227",5,23.8095238095238
"cg09701162",2,9.52380952380952
"cg09701422",1,4.76190476190476
"cg09705622",10,47.6190476190476
"cg09707649",1,4.76190476190476
"cg09710140",2,9.52380952380952
"cg09710391",2,9.52380952380952
"cg09711238",2,9.52380952380952
"cg09711372",2,9.52380952380952
"cg09712924",1,4.76190476190476
"cg09714248",1,4.76190476190476
"cg09714595",6,28.5714285714286
"cg09718608",3,14.2857142857143
"cg09721385",1,4.76190476190476
"cg09723679",3,14.2857142857143
"cg09728077",7,33.3333333333333
"cg09728865",6,28.5714285714286
"cg09732307",1,4.76190476190476
"cg09732580",8,38.0952380952381
"cg09740590",5,23.8095238095238
"cg09745309",1,4.76190476190476
"cg09747005",9,42.8571428571429
"cg09747404",2,9.52380952380952
"cg09747430",1,4.76190476190476
"cg09748396",6,28.5714285714286
"cg09748856",6,28.5714285714286
"cg09750210",1,4.76190476190476
"cg09750940",1,4.76190476190476
"cg09751261",1,4.76190476190476
"cg09752341",2,9.52380952380952
"cg09752514",2,9.52380952380952
"cg09754111",2,9.52380952380952
"cg09754508",4,19.047619047619
"cg09758667",1,4.76190476190476
"cg09759539",1,4.76190476190476
"cg09762670",1,4.76190476190476
"cg09762913",5,23.8095238095238
"cg09765601",6,28.5714285714286
"cg09765907",2,9.52380952380952
"cg09767041",6,28.5714285714286
"cg09768664",11,52.3809523809524
"cg09771595",1,4.76190476190476
"cg09773141",1,4.76190476190476
"cg09773990",10,47.6190476190476
"cg09775035",6,28.5714285714286
"cg09776122",1,4.76190476190476
"cg09777743",1,4.76190476190476
"cg09784987",8,38.0952380952381
"cg09787021",1,4.76190476190476
"cg09788025",2,9.52380952380952
"cg09792650",2,9.52380952380952
"cg09804407",4,19.047619047619
"cg09814198",2,9.52380952380952
"cg09816364",2,9.52380952380952
"cg09820014",1,4.76190476190476
"cg09821075",12,57.1428571428571
"cg09822488",1,4.76190476190476
"cg09823091",5,23.8095238095238
"cg09826747",2,9.52380952380952
"cg09829179",1,4.76190476190476
"cg09829904",5,23.8095238095238
"cg09831558",1,4.76190476190476
"cg09834328",3,14.2857142857143
"cg09836251",4,19.047619047619
"cg09836356",1,4.76190476190476
"cg09836374",2,9.52380952380952
"cg09839685",3,14.2857142857143
"cg09841631",4,19.047619047619
"cg09847286",1,4.76190476190476
"cg09850152",1,4.76190476190476
"cg09851900",1,4.76190476190476
"cg09852679",10,47.6190476190476
"cg09853206",2,9.52380952380952
"cg09854153",1,4.76190476190476
"cg09854190",1,4.76190476190476
"cg09855544",2,9.52380952380952
"cg09855735",8,38.0952380952381
"cg09855997",7,33.3333333333333
"cg09856045",1,4.76190476190476
"cg09856092",5,23.8095238095238
"cg09858007",1,4.76190476190476
"cg09858942",2,9.52380952380952
"cg09861431",1,4.76190476190476
"cg09866963",10,47.6190476190476
"cg09871261",1,4.76190476190476
"cg09872505",1,4.76190476190476
"cg09876494",9,42.8571428571429
"cg09878033",3,14.2857142857143
"cg09880543",7,33.3333333333333
"cg09881646",11,52.3809523809524
"cg09882657",1,4.76190476190476
"cg09886024",1,4.76190476190476
"cg09886276",1,4.76190476190476
"cg09890673",1,4.76190476190476
"cg09895372",8,38.0952380952381
"cg09895378",10,47.6190476190476
"cg09897501",1,4.76190476190476
"cg09898271",9,42.8571428571429
"cg09901823",8,38.0952380952381
"cg09902885",1,4.76190476190476
"cg09904647",1,4.76190476190476
"cg09906294",1,4.76190476190476
"cg09910308",14,66.6666666666667
"cg09913155",1,4.76190476190476
"cg09915072",1,4.76190476190476
"cg09916505",1,4.76190476190476
"cg09916763",3,14.2857142857143
"cg09918238",2,9.52380952380952
"cg09918310",2,9.52380952380952
"cg09918394",4,19.047619047619
"cg09918525",7,33.3333333333333
"cg09918671",1,4.76190476190476
"cg09919882",5,23.8095238095238
"cg09920923",5,23.8095238095238
"cg09921209",1,4.76190476190476
"cg09921462",8,38.0952380952381
"cg09922662",2,9.52380952380952
"cg09922808",10,47.6190476190476
"cg09929209",4,19.047619047619
"cg09929782",1,4.76190476190476
"cg09930013",1,4.76190476190476
"cg09930033",1,4.76190476190476
"cg09932305",1,4.76190476190476
"cg09932403",2,9.52380952380952
"cg09935308",2,9.52380952380952
"cg09938425",4,19.047619047619
"cg09938490",1,4.76190476190476
"cg09940355",4,19.047619047619
"cg09940451",4,19.047619047619
"cg09943609",2,9.52380952380952
"cg09945985",1,4.76190476190476
"cg09947841",1,4.76190476190476
"cg09949906",1,4.76190476190476
"cg09950493",9,42.8571428571429
"cg09950524",1,4.76190476190476
"cg09951146",1,4.76190476190476
"cg09951759",1,4.76190476190476
"cg09958121",14,66.6666666666667
"cg09965025",1,4.76190476190476
"cg09965027",4,19.047619047619
"cg09967308",1,4.76190476190476
"cg09967894",3,14.2857142857143
"cg09970030",1,4.76190476190476
"cg09970125",3,14.2857142857143
"cg09973760",1,4.76190476190476
"cg09974109",1,4.76190476190476
"cg09974928",3,14.2857142857143
"cg09976527",1,4.76190476190476
"cg09977136",1,4.76190476190476
"cg09977794",1,4.76190476190476
"cg09979701",3,14.2857142857143
"cg09980766",6,28.5714285714286
"cg09981189",4,19.047619047619
"cg09990864",2,9.52380952380952
"cg09991329",1,4.76190476190476
"cg09993641",1,4.76190476190476
"cg09994094",1,4.76190476190476
"cg09994301",2,9.52380952380952
"cg09994553",1,4.76190476190476
"cg09996077",1,4.76190476190476
"cg09996633",3,14.2857142857143
"cg09998482",1,4.76190476190476
"cg09998656",3,14.2857142857143
"cg09999381",2,9.52380952380952
"cg10001654",10,47.6190476190476
"cg10003284",1,4.76190476190476
"cg10003932",1,4.76190476190476
"cg10005871",5,23.8095238095238
"cg10005897",2,9.52380952380952
"cg10006811",1,4.76190476190476
"cg10006817",1,4.76190476190476
"cg10007058",2,9.52380952380952
"cg10009213",3,14.2857142857143
"cg10009941",6,28.5714285714286
"cg10015665",1,4.76190476190476
"cg10016037",2,9.52380952380952
"cg10016349",1,4.76190476190476
"cg10018004",1,4.76190476190476
"cg10018818",5,23.8095238095238
"cg10023966",6,28.5714285714286
"cg10024298",1,4.76190476190476
"cg10025513",2,9.52380952380952
"cg10027931",1,4.76190476190476
"cg10028204",2,9.52380952380952
"cg10030580",1,4.76190476190476
"cg10031180",1,4.76190476190476
"cg10033725",1,4.76190476190476
"cg10035818",4,19.047619047619
"cg10037725",1,4.76190476190476
"cg10040969",1,4.76190476190476
"cg10043665",1,4.76190476190476
"cg10044246",1,4.76190476190476
"cg10044466",1,4.76190476190476
"cg10045715",1,4.76190476190476
"cg10045891",2,9.52380952380952
"cg10046452",1,4.76190476190476
"cg10047634",1,4.76190476190476
"cg10047753",1,4.76190476190476
"cg10048103",4,19.047619047619
"cg10048706",2,9.52380952380952
"cg10051237",3,14.2857142857143
"cg10051543",1,4.76190476190476
"cg10051724",1,4.76190476190476
"cg10052368",3,14.2857142857143
"cg10052811",6,28.5714285714286
"cg10056799",1,4.76190476190476
"cg10060903",2,9.52380952380952
"cg10062111",7,33.3333333333333
"cg10062123",2,9.52380952380952
"cg10066132",1,4.76190476190476
"cg10067523",6,28.5714285714286
"cg10069677",1,4.76190476190476
"cg10071662",1,4.76190476190476
"cg10073693",3,14.2857142857143
"cg10076560",1,4.76190476190476
"cg10079349",1,4.76190476190476
"cg10079350",2,9.52380952380952
"cg10079353",9,42.8571428571429
"cg10080127",3,14.2857142857143
"cg10083417",3,14.2857142857143
"cg10085053",2,9.52380952380952
"cg10085457",1,4.76190476190476
"cg10086221",1,4.76190476190476
"cg10088620",1,4.76190476190476
"cg10089626",1,4.76190476190476
"cg10089813",2,9.52380952380952
"cg10090773",1,4.76190476190476
"cg10091523",1,4.76190476190476
"cg10097744",4,19.047619047619
"cg10097871",1,4.76190476190476
"cg10098386",1,4.76190476190476
"cg10102817",1,4.76190476190476
"cg10104845",2,9.52380952380952
"cg10106973",1,4.76190476190476
"cg10109331",1,4.76190476190476
"cg10110764",1,4.76190476190476
"cg10111582",5,23.8095238095238
"cg10112889",2,9.52380952380952
"cg10113238",3,14.2857142857143
"cg10115032",2,9.52380952380952
"cg10118397",7,33.3333333333333
"cg10121097",6,28.5714285714286
"cg10121955",14,66.6666666666667
"cg10126720",5,23.8095238095238
"cg10126833",6,28.5714285714286
"cg10129607",1,4.76190476190476
"cg10130901",2,9.52380952380952
"cg10131064",12,57.1428571428571
"cg10133369",2,9.52380952380952
"cg10134583",1,4.76190476190476
"cg10136273",3,14.2857142857143
"cg10138596",17,80.9523809523809
"cg10138791",3,14.2857142857143
"cg10139439",1,4.76190476190476
"cg10140684",1,4.76190476190476
"cg10141151",1,4.76190476190476
"cg10142271",1,4.76190476190476
"cg10144412",1,4.76190476190476
"cg10147065",3,14.2857142857143
"cg10148343",2,9.52380952380952
"cg10150125",1,4.76190476190476
"cg10154200",2,9.52380952380952
"cg10154739",7,33.3333333333333
"cg10154998",1,4.76190476190476
"cg10167687",1,4.76190476190476
"cg10169364",1,4.76190476190476
"cg10169515",1,4.76190476190476
"cg10171169",1,4.76190476190476
"cg10171170",1,4.76190476190476
"cg10171343",1,4.76190476190476
"cg10171720",1,4.76190476190476
"cg10172202",2,9.52380952380952
"cg10172760",7,33.3333333333333
"cg10173124",1,4.76190476190476
"cg10173265",1,4.76190476190476
"cg10173849",1,4.76190476190476
"cg10174055",7,33.3333333333333
"cg10175756",1,4.76190476190476
"cg10175859",1,4.76190476190476
"cg10176555",1,4.76190476190476
"cg10180272",1,4.76190476190476
"cg10183426",1,4.76190476190476
"cg10183781",1,4.76190476190476
"cg10183897",17,80.9523809523809
"cg10183899",1,4.76190476190476
"cg10184031",2,9.52380952380952
"cg10185344",9,42.8571428571429
"cg10187623",1,4.76190476190476
"cg10188991",8,38.0952380952381
"cg10189537",1,4.76190476190476
"cg10192185",1,4.76190476190476
"cg10193057",1,4.76190476190476
"cg10195768",8,38.0952380952381
"cg10196184",14,66.6666666666667
"cg10198174",2,9.52380952380952
"cg10204911",8,38.0952380952381
"cg10209225",12,57.1428571428571
"cg10212854",3,14.2857142857143
"cg10213302",6,28.5714285714286
"cg10214938",9,42.8571428571429
"cg10215675",3,14.2857142857143
"cg10215684",7,33.3333333333333
"cg10217736",2,9.52380952380952
"cg10220284",6,28.5714285714286
"cg10222693",6,28.5714285714286
"cg10223233",1,4.76190476190476
"cg10228109",4,19.047619047619
"cg10229660",4,19.047619047619
"cg10230242",1,4.76190476190476
"cg10232190",1,4.76190476190476
"cg10233683",15,71.4285714285714
"cg10233708",18,85.7142857142857
"cg10235453",1,4.76190476190476
"cg10236047",2,9.52380952380952
"cg10239917",6,28.5714285714286
"cg10239918",3,14.2857142857143
"cg10242529",1,4.76190476190476
"cg10244852",3,14.2857142857143
"cg10245086",11,52.3809523809524
"cg10246640",1,4.76190476190476
"cg10248036",2,9.52380952380952
"cg10252647",5,23.8095238095238
"cg10253772",1,4.76190476190476
"cg10254948",2,9.52380952380952
"cg10255741",4,19.047619047619
"cg10257642",1,4.76190476190476
"cg10260572",2,9.52380952380952
"cg10262875",1,4.76190476190476
"cg10265865",2,9.52380952380952
"cg10266664",3,14.2857142857143
"cg10267097",2,9.52380952380952
"cg10270053",10,47.6190476190476
"cg10270174",7,33.3333333333333
"cg10274084",11,52.3809523809524
"cg10275328",1,4.76190476190476
"cg10276641",4,19.047619047619
"cg10276834",1,4.76190476190476
"cg10278938",4,19.047619047619
"cg10279009",2,9.52380952380952
"cg10287993",1,4.76190476190476
"cg10290225",3,14.2857142857143
"cg10291276",8,38.0952380952381
"cg10298744",1,4.76190476190476
"cg10298814",1,4.76190476190476
"cg10299228",4,19.047619047619
"cg10299730",1,4.76190476190476
"cg10300767",13,61.9047619047619
"cg10306658",2,9.52380952380952
"cg10307060",3,14.2857142857143
"cg10307611",1,4.76190476190476
"cg10308744",10,47.6190476190476
"cg10312150",1,4.76190476190476
"cg10313151",3,14.2857142857143
"cg10313178",1,4.76190476190476
"cg10319139",2,9.52380952380952
"cg10320369",1,4.76190476190476
"cg10320516",1,4.76190476190476
"cg10321194",4,19.047619047619
"cg10321370",2,9.52380952380952
"cg10324198",1,4.76190476190476
"cg10324413",1,4.76190476190476
"cg10326472",2,9.52380952380952
"cg10329114",2,9.52380952380952
"cg10329553",2,9.52380952380952
"cg10333274",4,19.047619047619
"cg10336014",9,42.8571428571429
"cg10337694",6,28.5714285714286
"cg10338066",1,4.76190476190476
"cg10338539",6,28.5714285714286
"cg10340108",13,61.9047619047619
"cg10344373",2,9.52380952380952
"cg10345166",1,4.76190476190476
"cg10350894",13,61.9047619047619
"cg10351422",14,66.6666666666667
"cg10353623",18,85.7142857142857
"cg10355097",1,4.76190476190476
"cg10359622",1,4.76190476190476
"cg10360060",3,14.2857142857143
"cg10361109",1,4.76190476190476
"cg10363397",6,28.5714285714286
"cg10365659",11,52.3809523809524
"cg10365758",9,42.8571428571429
"cg10368589",1,4.76190476190476
"cg10369474",13,61.9047619047619
"cg10371598",1,4.76190476190476
"cg10371848",1,4.76190476190476
"cg10379756",5,23.8095238095238
"cg10386458",1,4.76190476190476
"cg10387912",2,9.52380952380952
"cg10387952",1,4.76190476190476
"cg10387963",2,9.52380952380952
"cg10390482",1,4.76190476190476
"cg10392420",1,4.76190476190476
"cg10392854",1,4.76190476190476
"cg10393857",2,9.52380952380952
"cg10400511",4,19.047619047619
"cg10401823",1,4.76190476190476
"cg10403691",3,14.2857142857143
"cg10407763",14,66.6666666666667
"cg10407894",1,4.76190476190476
"cg10410848",1,4.76190476190476
"cg10414833",1,4.76190476190476
"cg10414878",13,61.9047619047619
"cg10415887",1,4.76190476190476
"cg10418123",3,14.2857142857143
"cg10418228",1,4.76190476190476
"cg10418991",8,38.0952380952381
"cg10420726",12,57.1428571428571
"cg10422823",1,4.76190476190476
"cg10424751",1,4.76190476190476
"cg10426163",1,4.76190476190476
"cg10426994",1,4.76190476190476
"cg10429222",1,4.76190476190476
"cg10429224",2,9.52380952380952
"cg10429226",1,4.76190476190476
"cg10429902",3,14.2857142857143
"cg10437931",1,4.76190476190476
"cg10438138",1,4.76190476190476
"cg10440342",1,4.76190476190476
"cg10440521",1,4.76190476190476
"cg10445476",1,4.76190476190476
"cg10445622",3,14.2857142857143
"cg10449276",10,47.6190476190476
"cg10453481",1,4.76190476190476
"cg10455200",1,4.76190476190476
"cg10456384",5,23.8095238095238
"cg10456597",9,42.8571428571429
"cg10462576",2,9.52380952380952
"cg10462670",1,4.76190476190476
"cg10463553",1,4.76190476190476
"cg10467343",1,4.76190476190476
"cg10468550",1,4.76190476190476
"cg10471574",2,9.52380952380952
"cg10473227",2,9.52380952380952
"cg10474599",10,47.6190476190476
"cg10480487",1,4.76190476190476
"cg10482139",1,4.76190476190476
"cg10482920",1,4.76190476190476
"cg10482957",3,14.2857142857143
"cg10484411",1,4.76190476190476
"cg10485069",7,33.3333333333333
"cg10485147",2,9.52380952380952
"cg10486455",2,9.52380952380952
"cg10487247",6,28.5714285714286
"cg10488735",6,28.5714285714286
"cg10493317",1,4.76190476190476
"cg10495464",1,4.76190476190476
"cg10496490",2,9.52380952380952
"cg10496659",1,4.76190476190476
"cg10499448",1,4.76190476190476
"cg10500552",2,9.52380952380952
"cg10503326",1,4.76190476190476
"cg10506142",10,47.6190476190476
"cg10506656",1,4.76190476190476
"cg10508449",1,4.76190476190476
"cg10509091",4,19.047619047619
"cg10513201",6,28.5714285714286
"cg10513408",1,4.76190476190476
"cg10513992",2,9.52380952380952
"cg10517173",1,4.76190476190476
"cg10518404",14,66.6666666666667
"cg10519906",1,4.76190476190476
"cg10521346",3,14.2857142857143
"cg10526013",1,4.76190476190476
"cg10526113",1,4.76190476190476
"cg10526628",4,19.047619047619
"cg10527940",3,14.2857142857143
"cg10529210",8,38.0952380952381
"cg10530613",6,28.5714285714286
"cg10530871",2,9.52380952380952
"cg10532464",11,52.3809523809524
"cg10533666",12,57.1428571428571
"cg10536901",2,9.52380952380952
"cg10537261",1,4.76190476190476
"cg10537327",1,4.76190476190476
"cg10538119",3,14.2857142857143
"cg10538369",3,14.2857142857143
"cg10543624",1,4.76190476190476
"cg10547229",1,4.76190476190476
"cg10554510",1,4.76190476190476
"cg10562399",3,14.2857142857143
"cg10563213",1,4.76190476190476
"cg10565356",1,4.76190476190476
"cg10567320",1,4.76190476190476
"cg10573893",1,4.76190476190476
"cg10573990",2,9.52380952380952
"cg10574690",3,14.2857142857143
"cg10577785",1,4.76190476190476
"cg10578048",1,4.76190476190476
"cg10583942",1,4.76190476190476
"cg10591850",14,66.6666666666667
"cg10592103",2,9.52380952380952
"cg10592509",4,19.047619047619
"cg10594913",1,4.76190476190476
"cg10599273",1,4.76190476190476
"cg10602426",1,4.76190476190476
"cg10606291",1,4.76190476190476
"cg10607974",5,23.8095238095238
"cg10613667",11,52.3809523809524
"cg10617646",1,4.76190476190476
"cg10617983",6,28.5714285714286
"cg10618014",16,76.1904761904762
"cg10618621",3,14.2857142857143
"cg10620659",6,28.5714285714286
"cg10626840",1,4.76190476190476
"cg10630087",1,4.76190476190476
"cg10636103",2,9.52380952380952
"cg10638660",1,4.76190476190476
"cg10644604",1,4.76190476190476
"cg10646494",3,14.2857142857143
"cg10646950",6,28.5714285714286
"cg10647704",1,4.76190476190476
"cg10653474",2,9.52380952380952
"cg10656587",1,4.76190476190476
"cg10658520",2,9.52380952380952
"cg10659983",16,76.1904761904762
"cg10659984",1,4.76190476190476
"cg10660684",4,19.047619047619
"cg10663293",3,14.2857142857143
"cg10665848",1,4.76190476190476
"cg10666546",7,33.3333333333333
"cg10666913",1,4.76190476190476
"cg10668982",5,23.8095238095238
"cg10669098",9,42.8571428571429
"cg10669257",3,14.2857142857143
"cg10670187",1,4.76190476190476
"cg10671433",1,4.76190476190476
"cg10672780",11,52.3809523809524
"cg10674387",1,4.76190476190476
"cg10674438",1,4.76190476190476
"cg10681727",1,4.76190476190476
"cg10683188",1,4.76190476190476
"cg10684297",3,14.2857142857143
"cg10692629",2,9.52380952380952
"cg10694320",1,4.76190476190476
"cg10695127",2,9.52380952380952
"cg10696363",1,4.76190476190476
"cg10697731",1,4.76190476190476
"cg10698006",2,9.52380952380952
"cg10698069",6,28.5714285714286
"cg10698654",1,4.76190476190476
"cg10700187",5,23.8095238095238
"cg10700212",3,14.2857142857143
"cg10701198",2,9.52380952380952
"cg10703213",1,4.76190476190476
"cg10704822",1,4.76190476190476
"cg10711714",2,9.52380952380952
"cg10714189",3,14.2857142857143
"cg10715099",3,14.2857142857143
"cg10715361",1,4.76190476190476
"cg10717162",1,4.76190476190476
"cg10717263",1,4.76190476190476
"cg10718239",2,9.52380952380952
"cg10718469",5,23.8095238095238
"cg10719145",8,38.0952380952381
"cg10721586",2,9.52380952380952
"cg10722101",1,4.76190476190476
"cg10724635",13,61.9047619047619
"cg10727307",3,14.2857142857143
"cg10729827",13,61.9047619047619
"cg10730673",3,14.2857142857143
"cg10734001",2,9.52380952380952
"cg10736256",1,4.76190476190476
"cg10737654",6,28.5714285714286
"cg10739121",1,4.76190476190476
"cg10741419",2,9.52380952380952
"cg10753863",2,9.52380952380952
"cg10756181",17,80.9523809523809
"cg10756702",11,52.3809523809524
"cg10758970",1,4.76190476190476
"cg10759656",4,19.047619047619
"cg10767583",1,4.76190476190476
"cg10769965",1,4.76190476190476
"cg10771293",2,9.52380952380952
"cg10772838",1,4.76190476190476
"cg10773372",1,4.76190476190476
"cg10774104",5,23.8095238095238
"cg10774974",1,4.76190476190476
"cg10775753",5,23.8095238095238
"cg10776372",1,4.76190476190476
"cg10778837",1,4.76190476190476
"cg10778943",1,4.76190476190476
"cg10781029",2,9.52380952380952
"cg10783206",1,4.76190476190476
"cg10789170",1,4.76190476190476
"cg10789486",1,4.76190476190476
"cg10789972",1,4.76190476190476
"cg10791465",7,33.3333333333333
"cg10793307",1,4.76190476190476
"cg10795607",2,9.52380952380952
"cg10796105",2,9.52380952380952
"cg10799208",6,28.5714285714286
"cg10800639",9,42.8571428571429
"cg10804907",4,19.047619047619
"cg10809725",8,38.0952380952381
"cg10811597",2,9.52380952380952
"cg10812630",9,42.8571428571429
"cg10813370",7,33.3333333333333
"cg10817033",15,71.4285714285714
"cg10818986",1,4.76190476190476
"cg10820000",3,14.2857142857143
"cg10821976",3,14.2857142857143
"cg10822320",3,14.2857142857143
"cg10824220",4,19.047619047619
"cg10824690",2,9.52380952380952
"cg10826200",1,4.76190476190476
"cg10829409",5,23.8095238095238
"cg10830493",1,4.76190476190476
"cg10832180",16,76.1904761904762
"cg10832414",1,4.76190476190476
"cg10832737",4,19.047619047619
"cg10835413",5,23.8095238095238
"cg10837755",1,4.76190476190476
"cg10839549",1,4.76190476190476
"cg10840286",3,14.2857142857143
"cg10841270",4,19.047619047619
"cg10844806",3,14.2857142857143
"cg10846457",1,4.76190476190476
"cg10850260",5,23.8095238095238
"cg10854533",18,85.7142857142857
"cg10854850",1,4.76190476190476
"cg10858644",1,4.76190476190476
"cg10860832",2,9.52380952380952
"cg10865271",3,14.2857142857143
"cg10866131",2,9.52380952380952
"cg10868949",6,28.5714285714286
"cg10869830",1,4.76190476190476
"cg10870009",5,23.8095238095238
"cg10872095",1,4.76190476190476
"cg10876224",7,33.3333333333333
"cg10877458",1,4.76190476190476
"cg10879958",1,4.76190476190476
"cg10881322",1,4.76190476190476
"cg10893132",1,4.76190476190476
"cg10896171",3,14.2857142857143
"cg10896869",4,19.047619047619
"cg10898444",1,4.76190476190476
"cg10900878",1,4.76190476190476
"cg10901779",1,4.76190476190476
"cg10904089",1,4.76190476190476
"cg10905163",3,14.2857142857143
"cg10905330",6,28.5714285714286
"cg10905987",3,14.2857142857143
"cg10907232",1,4.76190476190476
"cg10907484",1,4.76190476190476
"cg10910257",1,4.76190476190476
"cg10911062",1,4.76190476190476
"cg10912126",1,4.76190476190476
"cg10912586",7,33.3333333333333
"cg10920240",4,19.047619047619
"cg10921908",1,4.76190476190476
"cg10922215",3,14.2857142857143
"cg10922442",1,4.76190476190476
"cg10930646",2,9.52380952380952
"cg10930884",1,4.76190476190476
"cg10932072",2,9.52380952380952
"cg10933808",1,4.76190476190476
"cg10937306",11,52.3809523809524
"cg10938866",5,23.8095238095238
"cg10939286",6,28.5714285714286
"cg10940969",2,9.52380952380952
"cg10944578",1,4.76190476190476
"cg10945157",1,4.76190476190476
"cg10945505",1,4.76190476190476
"cg10946440",6,28.5714285714286
"cg10947500",1,4.76190476190476
"cg10955144",2,9.52380952380952
"cg10957370",1,4.76190476190476
"cg10957976",2,9.52380952380952
"cg10960118",1,4.76190476190476
"cg10960647",14,66.6666666666667
"cg10961034",9,42.8571428571429
"cg10963817",1,4.76190476190476
"cg10964717",2,9.52380952380952
"cg10964826",15,71.4285714285714
"cg10966181",1,4.76190476190476
"cg10969738",4,19.047619047619
"cg10971933",7,33.3333333333333
"cg10974307",5,23.8095238095238
"cg10976293",1,4.76190476190476
"cg10976685",1,4.76190476190476
"cg10977027",1,4.76190476190476
"cg10977392",2,9.52380952380952
"cg10978274",7,33.3333333333333
"cg10980791",3,14.2857142857143
"cg10987413",1,4.76190476190476
"cg10987992",1,4.76190476190476
"cg10990737",5,23.8095238095238
"cg10991809",1,4.76190476190476
"cg10995206",6,28.5714285714286
"cg10995893",1,4.76190476190476
"cg10995963",1,4.76190476190476
"cg10996502",1,4.76190476190476
"cg10996826",1,4.76190476190476
"cg11001135",3,14.2857142857143
"cg11010267",15,71.4285714285714
"cg11010475",10,47.6190476190476
"cg11010630",10,47.6190476190476
"cg11011452",1,4.76190476190476
"cg11012069",4,19.047619047619
"cg11013060",3,14.2857142857143
"cg11013605",4,19.047619047619
"cg11014467",1,4.76190476190476
"cg11016221",1,4.76190476190476
"cg11019858",6,28.5714285714286
"cg11020480",2,9.52380952380952
"cg11021362",8,38.0952380952381
"cg11022928",1,4.76190476190476
"cg11025911",2,9.52380952380952
"cg11028443",2,9.52380952380952
"cg11036904",1,4.76190476190476
"cg11040916",2,9.52380952380952
"cg11042185",1,4.76190476190476
"cg11042895",1,4.76190476190476
"cg11042900",1,4.76190476190476
"cg11043606",1,4.76190476190476
"cg11043743",2,9.52380952380952
"cg11043801",3,14.2857142857143
"cg11044846",8,38.0952380952381
"cg11046924",1,4.76190476190476
"cg11047746",3,14.2857142857143
"cg11048611",3,14.2857142857143
"cg11049016",15,71.4285714285714
"cg11051980",11,52.3809523809524
"cg11054819",1,4.76190476190476
"cg11056009",5,23.8095238095238
"cg11059359",1,4.76190476190476
"cg11059720",1,4.76190476190476
"cg11062074",1,4.76190476190476
"cg11062076",1,4.76190476190476
"cg11064524",2,9.52380952380952
"cg11066004",1,4.76190476190476
"cg11066566",3,14.2857142857143
"cg11067567",6,28.5714285714286
"cg11072627",1,4.76190476190476
"cg11073097",1,4.76190476190476
"cg11074047",1,4.76190476190476
"cg11077310",2,9.52380952380952
"cg11078654",5,23.8095238095238
"cg11078787",1,4.76190476190476
"cg11083157",5,23.8095238095238
"cg11084532",1,4.76190476190476
"cg11089291",8,38.0952380952381
"cg11091397",1,4.76190476190476
"cg11095118",1,4.76190476190476
"cg11096309",17,80.9523809523809
"cg11096661",1,4.76190476190476
"cg11098410",1,4.76190476190476
"cg11100302",7,33.3333333333333
"cg11103476",1,4.76190476190476
"cg11107873",1,4.76190476190476
"cg11110533",1,4.76190476190476
"cg11116818",3,14.2857142857143
"cg11118446",3,14.2857142857143
"cg11118562",8,38.0952380952381
"cg11119266",17,80.9523809523809
"cg11122773",4,19.047619047619
"cg11124785",1,4.76190476190476
"cg11129060",7,33.3333333333333
"cg11130163",1,4.76190476190476
"cg11131351",6,28.5714285714286
"cg11133454",1,4.76190476190476
"cg11134825",1,4.76190476190476
"cg11136343",1,4.76190476190476
"cg11136662",2,9.52380952380952
"cg11144671",3,14.2857142857143
"cg11145269",1,4.76190476190476
"cg11145275",1,4.76190476190476
"cg11145926",6,28.5714285714286
"cg11147745",8,38.0952380952381
"cg11148296",5,23.8095238095238
"cg11148469",1,4.76190476190476
"cg11154253",2,9.52380952380952
"cg11161011",2,9.52380952380952
"cg11164235",1,4.76190476190476
"cg11168915",3,14.2857142857143
"cg11173906",15,71.4285714285714
"cg11177481",17,80.9523809523809
"cg11178708",5,23.8095238095238
"cg11186706",1,4.76190476190476
"cg11191185",15,71.4285714285714
"cg11193350",9,42.8571428571429
"cg11193457",1,4.76190476190476
"cg11194132",5,23.8095238095238
"cg11195286",1,4.76190476190476
"cg11195856",6,28.5714285714286
"cg11195861",8,38.0952380952381
"cg11196005",3,14.2857142857143
"cg11196813",2,9.52380952380952
"cg11196852",3,14.2857142857143
"cg11199172",1,4.76190476190476
"cg11201308",11,52.3809523809524
"cg11205049",1,4.76190476190476
"cg11205298",1,4.76190476190476
"cg11211858",11,52.3809523809524
"cg11212334",6,28.5714285714286
"cg11217075",12,57.1428571428571
"cg11220398",2,9.52380952380952
"cg11223560",2,9.52380952380952
"cg11223730",8,38.0952380952381
"cg11223816",1,4.76190476190476
"cg11225091",6,28.5714285714286
"cg11227916",2,9.52380952380952
"cg11227930",1,4.76190476190476
"cg11227979",1,4.76190476190476
"cg11228763",3,14.2857142857143
"cg11230363",3,14.2857142857143
"cg11233593",12,57.1428571428571
"cg11237207",1,4.76190476190476
"cg11245365",2,9.52380952380952
"cg11246349",1,4.76190476190476
"cg11247836",15,71.4285714285714
"cg11252036",1,4.76190476190476
"cg11252048",1,4.76190476190476
"cg11254196",1,4.76190476190476
"cg11258439",1,4.76190476190476
"cg11258813",1,4.76190476190476
"cg11261447",3,14.2857142857143
"cg11262772",1,4.76190476190476
"cg11265104",2,9.52380952380952
"cg11266304",1,4.76190476190476
"cg11271406",1,4.76190476190476
"cg11273618",2,9.52380952380952
"cg11278212",1,4.76190476190476
"cg11279080",6,28.5714285714286
"cg11279151",1,4.76190476190476
"cg11279758",4,19.047619047619
"cg11280549",5,23.8095238095238
"cg11282070",9,42.8571428571429
"cg11284356",3,14.2857142857143
"cg11285194",2,9.52380952380952
"cg11285772",10,47.6190476190476
"cg11286926",1,4.76190476190476
"cg11288189",3,14.2857142857143
"cg11290762",1,4.76190476190476
"cg11290871",1,4.76190476190476
"cg11291492",1,4.76190476190476
"cg11294917",8,38.0952380952381
"cg11295357",1,4.76190476190476
"cg11295544",1,4.76190476190476
"cg11296601",16,76.1904761904762
"cg11298077",1,4.76190476190476
"cg11304034",1,4.76190476190476
"cg11309455",1,4.76190476190476
"cg11309909",1,4.76190476190476
"cg11310651",1,4.76190476190476
"cg11312284",1,4.76190476190476
"cg11314141",1,4.76190476190476
"cg11316077",11,52.3809523809524
"cg11317541",1,4.76190476190476
"cg11319238",6,28.5714285714286
"cg11320007",1,4.76190476190476
"cg11322703",2,9.52380952380952
"cg11323285",1,4.76190476190476
"cg11326787",2,9.52380952380952
"cg11330351",6,28.5714285714286
"cg11331992",2,9.52380952380952
"cg11334475",2,9.52380952380952
"cg11335155",1,4.76190476190476
"cg11335928",1,4.76190476190476
"cg11336544",2,9.52380952380952
"cg11338734",5,23.8095238095238
"cg11339031",1,4.76190476190476
"cg11340998",1,4.76190476190476
"cg11345403",1,4.76190476190476
"cg11347193",1,4.76190476190476
"cg11347328",1,4.76190476190476
"cg11350919",1,4.76190476190476
"cg11353993",1,4.76190476190476
"cg11354426",1,4.76190476190476
"cg11355340",2,9.52380952380952
"cg11355382",1,4.76190476190476
"cg11359466",2,9.52380952380952
"cg11362640",1,4.76190476190476
"cg11365234",3,14.2857142857143
"cg11370311",1,4.76190476190476
"cg11370966",2,9.52380952380952
"cg11373008",1,4.76190476190476
"cg11373869",1,4.76190476190476
"cg11374486",1,4.76190476190476
"cg11374655",1,4.76190476190476
"cg11374860",1,4.76190476190476
"cg11383409",3,14.2857142857143
"cg11385389",11,52.3809523809524
"cg11389917",1,4.76190476190476
"cg11389953",6,28.5714285714286
"cg11390882",1,4.76190476190476
"cg11395180",4,19.047619047619
"cg11395414",1,4.76190476190476
"cg11395838",3,14.2857142857143
"cg11395879",1,4.76190476190476
"cg11395893",1,4.76190476190476
"cg11397369",1,4.76190476190476
"cg11398323",1,4.76190476190476
"cg11400320",1,4.76190476190476
"cg11402427",3,14.2857142857143
"cg11404126",1,4.76190476190476
"cg11404906",1,4.76190476190476
"cg11409098",2,9.52380952380952
"cg11409139",1,4.76190476190476
"cg11411943",1,4.76190476190476
"cg11417734",1,4.76190476190476
"cg11418745",15,71.4285714285714
"cg11421132",5,23.8095238095238
"cg11421949",7,33.3333333333333
"cg11424312",1,4.76190476190476
"cg11425349",4,19.047619047619
"cg11428067",6,28.5714285714286
"cg11432941",1,4.76190476190476
"cg11433393",17,80.9523809523809
"cg11435126",1,4.76190476190476
"cg11437178",1,4.76190476190476
"cg11440294",2,9.52380952380952
"cg11440328",3,14.2857142857143
"cg11446398",1,4.76190476190476
"cg11446720",3,14.2857142857143
"cg11447971",1,4.76190476190476
"cg11448923",5,23.8095238095238
"cg11449873",1,4.76190476190476
"cg11451614",10,47.6190476190476
"cg11452254",1,4.76190476190476
"cg11452700",7,33.3333333333333
"cg11453601",11,52.3809523809524
"cg11457855",17,80.9523809523809
"cg11458498",1,4.76190476190476
"cg11458599",7,33.3333333333333
"cg11460613",1,4.76190476190476
"cg11461761",3,14.2857142857143
"cg11465043",1,4.76190476190476
"cg11465358",3,14.2857142857143
"cg11466822",1,4.76190476190476
"cg11478392",4,19.047619047619
"cg11479374",3,14.2857142857143
"cg11479389",1,4.76190476190476
"cg11481133",1,4.76190476190476
"cg11481460",1,4.76190476190476
"cg11490667",1,4.76190476190476
"cg11490775",1,4.76190476190476
"cg11494316",3,14.2857142857143
"cg11494355",5,23.8095238095238
"cg11497017",3,14.2857142857143
"cg11499618",3,14.2857142857143
"cg11499685",1,4.76190476190476
"cg11502186",16,76.1904761904762
"cg11505805",2,9.52380952380952
"cg11508872",2,9.52380952380952
"cg11509676",7,33.3333333333333
"cg11512009",1,4.76190476190476
"cg11513485",2,9.52380952380952
"cg11515349",1,4.76190476190476
"cg11515390",1,4.76190476190476
"cg11515540",1,4.76190476190476
"cg11516678",3,14.2857142857143
"cg11517650",4,19.047619047619
"cg11517848",1,4.76190476190476
"cg11518519",3,14.2857142857143
"cg11521132",2,9.52380952380952
"cg11521322",1,4.76190476190476
"cg11523049",1,4.76190476190476
"cg11523910",1,4.76190476190476
"cg11525286",1,4.76190476190476
"cg11525554",17,80.9523809523809
"cg11525839",8,38.0952380952381
"cg11526679",7,33.3333333333333
"cg11527760",1,4.76190476190476
"cg11529038",6,28.5714285714286
"cg11529139",10,47.6190476190476
"cg11529247",1,4.76190476190476
"cg11530376",3,14.2857142857143
"cg11532054",1,4.76190476190476
"cg11534675",3,14.2857142857143
"cg11536166",2,9.52380952380952
"cg11537356",1,4.76190476190476
"cg11539219",2,9.52380952380952
"cg11539882",2,9.52380952380952
"cg11540596",3,14.2857142857143
"cg11542316",2,9.52380952380952
"cg11543366",1,4.76190476190476
"cg11543777",1,4.76190476190476
"cg11544722",1,4.76190476190476
"cg11545307",7,33.3333333333333
"cg11545402",1,4.76190476190476
"cg11547122",4,19.047619047619
"cg11548353",1,4.76190476190476
"cg11549716",1,4.76190476190476
"cg11552332",2,9.52380952380952
"cg11554617",2,9.52380952380952
"cg11554868",1,4.76190476190476
"cg11556361",1,4.76190476190476
"cg11562689",4,19.047619047619
"cg11562813",1,4.76190476190476
"cg11563078",3,14.2857142857143
"cg11563382",3,14.2857142857143
"cg11564488",12,57.1428571428571
"cg11569379",2,9.52380952380952
"cg11577666",1,4.76190476190476
"cg11578963",12,57.1428571428571
"cg11579445",1,4.76190476190476
"cg11581472",9,42.8571428571429
"cg11581868",14,66.6666666666667
"cg11582348",2,9.52380952380952
"cg11585228",1,4.76190476190476
"cg11586521",1,4.76190476190476
"cg11586894",3,14.2857142857143
"cg11587426",1,4.76190476190476
"cg11587684",1,4.76190476190476
"cg11587848",1,4.76190476190476
"cg11587926",3,14.2857142857143
"cg11596302",7,33.3333333333333
"cg11598498",1,4.76190476190476
"cg11599373",1,4.76190476190476
"cg11601007",1,4.76190476190476
"cg11603570",1,4.76190476190476
"cg11603593",1,4.76190476190476
"cg11607732",1,4.76190476190476
"cg11608934",1,4.76190476190476
"cg11612862",4,19.047619047619
"cg11613329",1,4.76190476190476
"cg11615066",2,9.52380952380952
"cg11615331",12,57.1428571428571
"cg11616313",1,4.76190476190476
"cg11616329",1,4.76190476190476
"cg11616643",1,4.76190476190476
"cg11617231",1,4.76190476190476
"cg11618795",2,9.52380952380952
"cg11619524",6,28.5714285714286
"cg11620038",2,9.52380952380952
"cg11620718",2,9.52380952380952
"cg11622882",9,42.8571428571429
"cg11626609",12,57.1428571428571
"cg11628017",20,95.2380952380952
"cg11628255",1,4.76190476190476
"cg11629379",1,4.76190476190476
"cg11629766",5,23.8095238095238
"cg11630434",17,80.9523809523809
"cg11631014",1,4.76190476190476
"cg11631325",1,4.76190476190476
"cg11632662",1,4.76190476190476
"cg11633080",1,4.76190476190476
"cg11635099",1,4.76190476190476
"cg11635541",2,9.52380952380952
"cg11637017",1,4.76190476190476
"cg11639615",2,9.52380952380952
"cg11644959",1,4.76190476190476
"cg11646117",1,4.76190476190476
"cg11648479",2,9.52380952380952
"cg11649431",1,4.76190476190476
"cg11649795",2,9.52380952380952
"cg11650000",1,4.76190476190476
"cg11652686",1,4.76190476190476
"cg11653125",2,9.52380952380952
"cg11653671",1,4.76190476190476
"cg11654050",1,4.76190476190476
"cg11654480",1,4.76190476190476
"cg11654842",3,14.2857142857143
"cg11660246",1,4.76190476190476
"cg11661235",2,9.52380952380952
"cg11661280",1,4.76190476190476
"cg11663482",4,19.047619047619
"cg11669023",2,9.52380952380952
"cg11674627",3,14.2857142857143
"cg11675468",2,9.52380952380952
"cg11678125",1,4.76190476190476
"cg11678206",2,9.52380952380952
"cg11680444",2,9.52380952380952
"cg11680587",5,23.8095238095238
"cg11680741",1,4.76190476190476
"cg11680772",4,19.047619047619
"cg11684211",5,23.8095238095238
"cg11686689",1,4.76190476190476
"cg11689406",4,19.047619047619
"cg11690161",4,19.047619047619
"cg11690708",5,23.8095238095238
"cg11692756",1,4.76190476190476
"cg11696908",9,42.8571428571429
"cg11700878",2,9.52380952380952
"cg11703007",4,19.047619047619
"cg11703647",1,4.76190476190476
"cg11707012",2,9.52380952380952
"cg11707753",1,4.76190476190476
"cg11708417",10,47.6190476190476
"cg11708913",3,14.2857142857143
"cg11709180",3,14.2857142857143
"cg11711326",1,4.76190476190476
"cg11713788",1,4.76190476190476
"cg11716073",2,9.52380952380952
"cg11718675",1,4.76190476190476
"cg11721245",1,4.76190476190476
"cg11725904",3,14.2857142857143
"cg11728223",2,9.52380952380952
"cg11733757",2,9.52380952380952
"cg11734019",4,19.047619047619
"cg11736629",5,23.8095238095238
"cg11739795",4,19.047619047619
"cg11740865",9,42.8571428571429
"cg11741455",4,19.047619047619
"cg11747104",7,33.3333333333333
"cg11747132",2,9.52380952380952
"cg11748577",1,4.76190476190476
"cg11752572",3,14.2857142857143
"cg11756599",3,14.2857142857143
"cg11761095",9,42.8571428571429
"cg11763034",1,4.76190476190476
"cg11764735",2,9.52380952380952
"cg11765456",1,4.76190476190476
"cg11767197",1,4.76190476190476
"cg11767956",1,4.76190476190476
"cg11769958",1,4.76190476190476
"cg11770351",1,4.76190476190476
"cg11772620",1,4.76190476190476
"cg11774650",3,14.2857142857143
"cg11776802",1,4.76190476190476
"cg11776985",1,4.76190476190476
"cg11778734",1,4.76190476190476
"cg11779149",2,9.52380952380952
"cg11780411",7,33.3333333333333
"cg11780786",4,19.047619047619
"cg11781282",3,14.2857142857143
"cg11788541",1,4.76190476190476
"cg11791288",6,28.5714285714286
"cg11795037",3,14.2857142857143
"cg11799977",1,4.76190476190476
"cg11803236",3,14.2857142857143
"cg11803744",3,14.2857142857143
"cg11805818",1,4.76190476190476
"cg11806214",1,4.76190476190476
"cg11807809",3,14.2857142857143
"cg11816202",3,14.2857142857143
"cg11816346",6,28.5714285714286
"cg11820113",1,4.76190476190476
"cg11823552",3,14.2857142857143
"cg11824434",8,38.0952380952381
"cg11825675",5,23.8095238095238
"cg11830447",1,4.76190476190476
"cg11830489",4,19.047619047619
"cg11830755",2,9.52380952380952
"cg11830877",5,23.8095238095238
"cg11831457",3,14.2857142857143
"cg11835200",1,4.76190476190476
"cg11836949",1,4.76190476190476
"cg11838359",1,4.76190476190476
"cg11838818",1,4.76190476190476
"cg11842199",5,23.8095238095238
"cg11845940",2,9.52380952380952
"cg11846372",4,19.047619047619
"cg11853366",7,33.3333333333333
"cg11854463",1,4.76190476190476
"cg11855241",1,4.76190476190476
"cg11857866",11,52.3809523809524
"cg11858194",5,23.8095238095238
"cg11860849",2,9.52380952380952
"cg11864690",9,42.8571428571429
"cg11865393",1,4.76190476190476
"cg11867084",1,4.76190476190476
"cg11872432",5,23.8095238095238
"cg11875349",1,4.76190476190476
"cg11876566",1,4.76190476190476
"cg11878366",1,4.76190476190476
"cg11879025",5,23.8095238095238
"cg11881846",1,4.76190476190476
"cg11885065",2,9.52380952380952
"cg11886250",1,4.76190476190476
"cg11886568",8,38.0952380952381
"cg11887015",7,33.3333333333333
"cg11888282",3,14.2857142857143
"cg11890206",1,4.76190476190476
"cg11893511",5,23.8095238095238
"cg11894972",5,23.8095238095238
"cg11896316",1,4.76190476190476
"cg11898229",1,4.76190476190476
"cg11898347",5,23.8095238095238
"cg11903404",1,4.76190476190476
"cg11904751",1,4.76190476190476
"cg11905588",2,9.52380952380952
"cg11906002",1,4.76190476190476
"cg11907027",1,4.76190476190476
"cg11910459",6,28.5714285714286
"cg11914104",1,4.76190476190476
"cg11914682",1,4.76190476190476
"cg11916322",2,9.52380952380952
"cg11923419",1,4.76190476190476
"cg11924586",1,4.76190476190476
"cg11924984",5,23.8095238095238
"cg11924987",1,4.76190476190476
"cg11925479",1,4.76190476190476
"cg11931292",1,4.76190476190476
"cg11935736",1,4.76190476190476
"cg11939019",6,28.5714285714286
"cg11941630",1,4.76190476190476
"cg11941941",2,9.52380952380952
"cg11942221",1,4.76190476190476
"cg11944621",1,4.76190476190476
"cg11944980",1,4.76190476190476
"cg11944984",1,4.76190476190476
"cg11951267",3,14.2857142857143
"cg11952392",2,9.52380952380952
"cg11952948",1,4.76190476190476
"cg11956619",2,9.52380952380952
"cg11957516",2,9.52380952380952
"cg11967074",1,4.76190476190476
"cg11967332",2,9.52380952380952
"cg11971189",7,33.3333333333333
"cg11971219",1,4.76190476190476
"cg11971615",1,4.76190476190476
"cg11972179",2,9.52380952380952
"cg11973521",12,57.1428571428571
"cg11974480",8,38.0952380952381
"cg11974563",2,9.52380952380952
"cg11975598",8,38.0952380952381
"cg11975774",1,4.76190476190476
"cg11978968",4,19.047619047619
"cg11979620",1,4.76190476190476
"cg11979875",1,4.76190476190476
"cg11980927",5,23.8095238095238
"cg11981600",1,4.76190476190476
"cg11983124",9,42.8571428571429
"cg11983323",1,4.76190476190476
"cg11984221",4,19.047619047619
"cg11984989",1,4.76190476190476
"cg11986875",6,28.5714285714286
"cg11991151",3,14.2857142857143
"cg11992079",1,4.76190476190476
"cg11993350",2,9.52380952380952
"cg11995437",2,9.52380952380952
"cg11997280",1,4.76190476190476
"cg11997749",1,4.76190476190476
"cg11998420",1,4.76190476190476
"cg11998627",1,4.76190476190476
"cg12001977",3,14.2857142857143
"cg12005275",10,47.6190476190476
"cg12006118",2,9.52380952380952
"cg12007592",16,76.1904761904762
"cg12008619",2,9.52380952380952
"cg12012941",6,28.5714285714286
"cg12015991",11,52.3809523809524
"cg12016684",1,4.76190476190476
"cg12018751",2,9.52380952380952
"cg12021933",1,4.76190476190476
"cg12022558",1,4.76190476190476
"cg12024982",1,4.76190476190476
"cg12027590",1,4.76190476190476
"cg12028686",1,4.76190476190476
"cg12028930",5,23.8095238095238
"cg12033051",1,4.76190476190476
"cg12037339",1,4.76190476190476
"cg12038352",3,14.2857142857143
"cg12038518",1,4.76190476190476
"cg12038759",2,9.52380952380952
"cg12041479",1,4.76190476190476
"cg12042015",1,4.76190476190476
"cg12045702",15,71.4285714285714
"cg12045757",17,80.9523809523809
"cg12047559",1,4.76190476190476
"cg12047990",4,19.047619047619
"cg12053189",2,9.52380952380952
"cg12053190",9,42.8571428571429
"cg12053191",5,23.8095238095238
"cg12053193",1,4.76190476190476
"cg12055680",1,4.76190476190476
"cg12056183",7,33.3333333333333
"cg12058169",1,4.76190476190476
"cg12063639",1,4.76190476190476
"cg12065285",1,4.76190476190476
"cg12068991",1,4.76190476190476
"cg12071743",1,4.76190476190476
"cg12072320",1,4.76190476190476
"cg12074813",7,33.3333333333333
"cg12078566",1,4.76190476190476
"cg12079098",1,4.76190476190476
"cg12081754",1,4.76190476190476
"cg12083150",1,4.76190476190476
"cg12083553",5,23.8095238095238
"cg12084816",2,9.52380952380952
"cg12088497",2,9.52380952380952
"cg12089256",10,47.6190476190476
"cg12091645",4,19.047619047619
"cg12093799",1,4.76190476190476
"cg12094129",11,52.3809523809524
"cg12097831",1,4.76190476190476
"cg12098431",2,9.52380952380952
"cg12100178",3,14.2857142857143
"cg12101030",1,4.76190476190476
"cg12101498",3,14.2857142857143
"cg12101874",4,19.047619047619
"cg12105556",1,4.76190476190476
"cg12105873",1,4.76190476190476
"cg12106082",1,4.76190476190476
"cg12106097",1,4.76190476190476
"cg12106334",1,4.76190476190476
"cg12110919",1,4.76190476190476
"cg12112870",1,4.76190476190476
"cg12115116",1,4.76190476190476
"cg12120561",1,4.76190476190476
"cg12120845",2,9.52380952380952
"cg12121332",4,19.047619047619
"cg12123127",1,4.76190476190476
"cg12126267",14,66.6666666666667
"cg12128316",1,4.76190476190476
"cg12131641",2,9.52380952380952
"cg12131903",6,28.5714285714286
"cg12132617",3,14.2857142857143
"cg12133544",1,4.76190476190476
"cg12137618",1,4.76190476190476
"cg12139314",3,14.2857142857143
"cg12139541",3,14.2857142857143
"cg12140212",3,14.2857142857143
"cg12140596",7,33.3333333333333
"cg12148126",12,57.1428571428571
"cg12148237",1,4.76190476190476
"cg12148898",1,4.76190476190476
"cg12151015",2,9.52380952380952
"cg12152096",11,52.3809523809524
"cg12153106",2,9.52380952380952
"cg12154751",8,38.0952380952381
"cg12160467",2,9.52380952380952
"cg12161460",1,4.76190476190476
"cg12162324",6,28.5714285714286
"cg12167284",4,19.047619047619
"cg12167822",6,28.5714285714286
"cg12168100",3,14.2857142857143
"cg12169855",8,38.0952380952381
"cg12172208",3,14.2857142857143
"cg12173313",2,9.52380952380952
"cg12174991",1,4.76190476190476
"cg12175090",12,57.1428571428571
"cg12177222",1,4.76190476190476
"cg12177936",1,4.76190476190476
"cg12178507",1,4.76190476190476
"cg12181672",1,4.76190476190476
"cg12183287",1,4.76190476190476
"cg12183347",3,14.2857142857143
"cg12186020",1,4.76190476190476
"cg12186357",3,14.2857142857143
"cg12186363",1,4.76190476190476
"cg12186796",1,4.76190476190476
"cg12190817",5,23.8095238095238
"cg12190935",9,42.8571428571429
"cg12192529",1,4.76190476190476
"cg12194708",1,4.76190476190476
"cg12195980",1,4.76190476190476
"cg12199535",2,9.52380952380952
"cg12210659",1,4.76190476190476
"cg12213061",1,4.76190476190476
"cg12213930",1,4.76190476190476
"cg12220618",8,38.0952380952381
"cg12220639",4,19.047619047619
"cg12221708",10,47.6190476190476
"cg12222758",2,9.52380952380952
"cg12223243",1,4.76190476190476
"cg12223419",6,28.5714285714286
"cg12227863",1,4.76190476190476
"cg12228276",7,33.3333333333333
"cg12228627",9,42.8571428571429
"cg12232240",5,23.8095238095238
"cg12232697",2,9.52380952380952
"cg12233790",1,4.76190476190476
"cg12236377",2,9.52380952380952
"cg12238593",1,4.76190476190476
"cg12239157",1,4.76190476190476
"cg12239373",10,47.6190476190476
"cg12241515",3,14.2857142857143
"cg12243544",1,4.76190476190476
"cg12246990",2,9.52380952380952
"cg12247932",1,4.76190476190476
"cg12248073",1,4.76190476190476
"cg12248872",1,4.76190476190476
"cg12250458",4,19.047619047619
"cg12251846",1,4.76190476190476
"cg12252309",2,9.52380952380952
"cg12253698",1,4.76190476190476
"cg12254020",1,4.76190476190476
"cg12254429",9,42.8571428571429
"cg12258486",12,57.1428571428571
"cg12261963",1,4.76190476190476
"cg12265817",1,4.76190476190476
"cg12267016",2,9.52380952380952
"cg12268003",2,9.52380952380952
"cg12269544",3,14.2857142857143
"cg12280242",5,23.8095238095238
"cg12280692",1,4.76190476190476
"cg12286181",1,4.76190476190476
"cg12289749",1,4.76190476190476
"cg12292428",7,33.3333333333333
"cg12294047",1,4.76190476190476
"cg12295277",1,4.76190476190476
"cg12303505",13,61.9047619047619
"cg12303515",3,14.2857142857143
"cg12307391",2,9.52380952380952
"cg12311154",1,4.76190476190476
"cg12312370",6,28.5714285714286
"cg12318805",10,47.6190476190476
"cg12320418",1,4.76190476190476
"cg12325120",13,61.9047619047619
"cg12333577",1,4.76190476190476
"cg12336960",1,4.76190476190476
"cg12337005",3,14.2857142857143
"cg12337416",1,4.76190476190476
"cg12337625",1,4.76190476190476
"cg12338800",2,9.52380952380952
"cg12342694",1,4.76190476190476
"cg12343338",1,4.76190476190476
"cg12344564",1,4.76190476190476
"cg12349241",1,4.76190476190476
"cg12351889",1,4.76190476190476
"cg12352550",2,9.52380952380952
"cg12353958",1,4.76190476190476
"cg12356796",3,14.2857142857143
"cg12358172",1,4.76190476190476
"cg12361081",6,28.5714285714286
"cg12362118",2,9.52380952380952
"cg12362510",6,28.5714285714286
"cg12363342",1,4.76190476190476
"cg12364461",5,23.8095238095238
"cg12365612",6,28.5714285714286
"cg12365956",2,9.52380952380952
"cg12371799",11,52.3809523809524
"cg12371846",2,9.52380952380952
"cg12373229",1,4.76190476190476
"cg12375919",4,19.047619047619
"cg12376361",2,9.52380952380952
"cg12377748",7,33.3333333333333
"cg12380700",2,9.52380952380952
"cg12384448",1,4.76190476190476
"cg12390454",6,28.5714285714286
"cg12396237",1,4.76190476190476
"cg12397235",2,9.52380952380952
"cg12397897",7,33.3333333333333
"cg12398903",1,4.76190476190476
"cg12404462",1,4.76190476190476
"cg12405859",1,4.76190476190476
"cg12407135",7,33.3333333333333
"cg12409988",5,23.8095238095238
"cg12411582",1,4.76190476190476
"cg12416902",1,4.76190476190476
"cg12418018",1,4.76190476190476
"cg12419290",3,14.2857142857143
"cg12421794",3,14.2857142857143
"cg12422393",6,28.5714285714286
"cg12422515",4,19.047619047619
"cg12424249",6,28.5714285714286
"cg12424998",1,4.76190476190476
"cg12425434",7,33.3333333333333
"cg12426653",16,76.1904761904762
"cg12429188",2,9.52380952380952
"cg12433302",1,4.76190476190476
"cg12437333",1,4.76190476190476
"cg12438532",5,23.8095238095238
"cg12439150",5,23.8095238095238
"cg12439251",1,4.76190476190476
"cg12439619",16,76.1904761904762
"cg12440855",3,14.2857142857143
"cg12441347",1,4.76190476190476
"cg12441439",1,4.76190476190476
"cg12442064",1,4.76190476190476
"cg12447572",8,38.0952380952381
"cg12447874",1,4.76190476190476
"cg12447878",3,14.2857142857143
"cg12453036",1,4.76190476190476
"cg12453721",1,4.76190476190476
"cg12453927",1,4.76190476190476
"cg12458103",1,4.76190476190476
"cg12458404",1,4.76190476190476
"cg12465060",11,52.3809523809524
"cg12467391",2,9.52380952380952
"cg12482747",15,71.4285714285714
"cg12487409",1,4.76190476190476
"cg12490509",9,42.8571428571429
"cg12492787",1,4.76190476190476
"cg12494208",1,4.76190476190476
"cg12495189",7,33.3333333333333
"cg12495597",14,66.6666666666667
"cg12495599",1,4.76190476190476
"cg12495603",9,42.8571428571429
"cg12495605",9,42.8571428571429
"cg12497728",1,4.76190476190476
"cg12499416",1,4.76190476190476
"cg12500040",14,66.6666666666667
"cg12501932",2,9.52380952380952
"cg12503184",12,57.1428571428571
"cg12504912",1,4.76190476190476
"cg12505288",1,4.76190476190476
"cg12505804",1,4.76190476190476
"cg12505938",1,4.76190476190476
"cg12510912",1,4.76190476190476
"cg12513509",3,14.2857142857143
"cg12519470",1,4.76190476190476
"cg12521286",1,4.76190476190476
"cg12522722",1,4.76190476190476
"cg12529438",1,4.76190476190476
"cg12529653",3,14.2857142857143
"cg12533607",6,28.5714285714286
"cg12534559",3,14.2857142857143
"cg12534855",1,4.76190476190476
"cg12536918",1,4.76190476190476
"cg12539228",1,4.76190476190476
"cg12542106",2,9.52380952380952
"cg12544989",1,4.76190476190476
"cg12545157",1,4.76190476190476
"cg12547033",3,14.2857142857143
"cg12550216",1,4.76190476190476
"cg12551370",5,23.8095238095238
"cg12552770",1,4.76190476190476
"cg12557214",1,4.76190476190476
"cg12560527",1,4.76190476190476
"cg12564254",1,4.76190476190476
"cg12565953",6,28.5714285714286
"cg12566071",7,33.3333333333333
"cg12568115",2,9.52380952380952
"cg12568217",1,4.76190476190476
"cg12569777",2,9.52380952380952
"cg12575478",1,4.76190476190476
"cg12575688",1,4.76190476190476
"cg12579362",1,4.76190476190476
"cg12581774",10,47.6190476190476
"cg12583822",1,4.76190476190476
"cg12585342",1,4.76190476190476
"cg12588653",2,9.52380952380952
"cg12592865",7,33.3333333333333
"cg12592874",1,4.76190476190476
"cg12593132",1,4.76190476190476
"cg12595178",1,4.76190476190476
"cg12600205",3,14.2857142857143
"cg12604575",3,14.2857142857143
"cg12605354",1,4.76190476190476
"cg12606130",1,4.76190476190476
"cg12608178",17,80.9523809523809
"cg12608640",1,4.76190476190476
"cg12608830",1,4.76190476190476
"cg12611725",12,57.1428571428571
"cg12615046",9,42.8571428571429
"cg12615753",2,9.52380952380952
"cg12615898",3,14.2857142857143
"cg12616407",8,38.0952380952381
"cg12619363",8,38.0952380952381
"cg12619496",1,4.76190476190476
"cg12620484",14,66.6666666666667
"cg12621411",2,9.52380952380952
"cg12622070",4,19.047619047619
"cg12623845",1,4.76190476190476
"cg12624482",11,52.3809523809524
"cg12625133",4,19.047619047619
"cg12626381",1,4.76190476190476
"cg12627880",3,14.2857142857143
"cg12631932",3,14.2857142857143
"cg12632621",10,47.6190476190476
"cg12634271",2,9.52380952380952
"cg12635263",9,42.8571428571429
"cg12637064",2,9.52380952380952
"cg12638060",9,42.8571428571429
"cg12638476",1,4.76190476190476
"cg12638508",2,9.52380952380952
"cg12639611",2,9.52380952380952
"cg12640631",2,9.52380952380952
"cg12646705",13,61.9047619047619
"cg12650227",3,14.2857142857143
"cg12650870",1,4.76190476190476
"cg12651154",1,4.76190476190476
"cg12651244",5,23.8095238095238
"cg12653348",2,9.52380952380952
"cg12653748",2,9.52380952380952
"cg12654114",1,4.76190476190476
"cg12654577",1,4.76190476190476
"cg12663535",1,4.76190476190476
"cg12663554",1,4.76190476190476
"cg12665004",3,14.2857142857143
"cg12665022",5,23.8095238095238
"cg12665260",2,9.52380952380952
"cg12665974",1,4.76190476190476
"cg12667115",1,4.76190476190476
"cg12667768",5,23.8095238095238
"cg12669892",1,4.76190476190476
"cg12671864",1,4.76190476190476
"cg12671922",7,33.3333333333333
"cg12671990",1,4.76190476190476
"cg12682529",1,4.76190476190476
"cg12683337",8,38.0952380952381
"cg12683498",2,9.52380952380952
"cg12683697",1,4.76190476190476
"cg12688789",1,4.76190476190476
"cg12689997",1,4.76190476190476
"cg12691287",1,4.76190476190476
"cg12691823",7,33.3333333333333
"cg12694424",1,4.76190476190476
"cg12696562",9,42.8571428571429
"cg12699321",1,4.76190476190476
"cg12704031",1,4.76190476190476
"cg12705815",1,4.76190476190476
"cg12708239",15,71.4285714285714
"cg12710567",1,4.76190476190476
"cg12711432",1,4.76190476190476
"cg12714063",11,52.3809523809524
"cg12714415",1,4.76190476190476
"cg12715875",7,33.3333333333333
"cg12716668",3,14.2857142857143
"cg12716833",4,19.047619047619
"cg12720583",2,9.52380952380952
"cg12721248",2,9.52380952380952
"cg12724317",1,4.76190476190476
"cg12725323",2,9.52380952380952
"cg12727457",6,28.5714285714286
"cg12729179",1,4.76190476190476
"cg12730131",1,4.76190476190476
"cg12732088",2,9.52380952380952
"cg12735725",3,14.2857142857143
"cg12735933",1,4.76190476190476
"cg12736119",1,4.76190476190476
"cg12738441",3,14.2857142857143
"cg12738976",1,4.76190476190476
"cg12738977",7,33.3333333333333
"cg12738978",2,9.52380952380952
"cg12739000",1,4.76190476190476
"cg12739041",1,4.76190476190476
"cg12743251",1,4.76190476190476
"cg12744963",5,23.8095238095238
"cg12744979",1,4.76190476190476
"cg12745298",1,4.76190476190476
"cg12746928",5,23.8095238095238
"cg12747664",2,9.52380952380952
"cg12752155",2,9.52380952380952
"cg12754495",1,4.76190476190476
"cg12754593",11,52.3809523809524
"cg12756093",2,9.52380952380952
"cg12756183",9,42.8571428571429
"cg12756573",1,4.76190476190476
"cg12757263",13,61.9047619047619
"cg12759138",10,47.6190476190476
"cg12759475",1,4.76190476190476
"cg12761885",2,9.52380952380952
"cg12770425",1,4.76190476190476
"cg12771637",1,4.76190476190476
"cg12777531",2,9.52380952380952
"cg12787665",5,23.8095238095238
"cg12788672",3,14.2857142857143
"cg12790975",1,4.76190476190476
"cg12792097",16,76.1904761904762
"cg12792318",6,28.5714285714286
"cg12794939",1,4.76190476190476
"cg12795630",1,4.76190476190476
"cg12796409",2,9.52380952380952
"cg12796844",1,4.76190476190476
"cg12796933",1,4.76190476190476
"cg12797548",1,4.76190476190476
"cg12798350",1,4.76190476190476
"cg12798658",1,4.76190476190476
"cg12800312",1,4.76190476190476
"cg12801888",1,4.76190476190476
"cg12807341",1,4.76190476190476
"cg12807395",1,4.76190476190476
"cg12808028",4,19.047619047619
"cg12808180",2,9.52380952380952
"cg12809103",4,19.047619047619
"cg12809159",3,14.2857142857143
"cg12811969",1,4.76190476190476
"cg12812456",12,57.1428571428571
"cg12822350",13,61.9047619047619
"cg12823387",2,9.52380952380952
"cg12828399",1,4.76190476190476
"cg12830041",7,33.3333333333333
"cg12833414",5,23.8095238095238
"cg12835270",1,4.76190476190476
"cg12836303",1,4.76190476190476
"cg12836825",4,19.047619047619
"cg12839136",2,9.52380952380952
"cg12839975",4,19.047619047619
"cg12847471",5,23.8095238095238
"cg12849530",8,38.0952380952381
"cg12850372",3,14.2857142857143
"cg12850396",4,19.047619047619
"cg12850475",1,4.76190476190476
"cg12852274",1,4.76190476190476
"cg12853235",1,4.76190476190476
"cg12853300",1,4.76190476190476
"cg12854746",1,4.76190476190476
"cg12861602",1,4.76190476190476
"cg12863028",1,4.76190476190476
"cg12863464",3,14.2857142857143
"cg12864738",2,9.52380952380952
"cg12866710",16,76.1904761904762
"cg12869263",11,52.3809523809524
"cg12869931",8,38.0952380952381
"cg12870170",1,4.76190476190476
"cg12870776",1,4.76190476190476
"cg12871214",1,4.76190476190476
"cg12872410",7,33.3333333333333
"cg12876478",11,52.3809523809524
"cg12880844",2,9.52380952380952
"cg12880845",2,9.52380952380952
"cg12883416",2,9.52380952380952
"cg12885826",7,33.3333333333333
"cg12888725",3,14.2857142857143
"cg12889494",7,33.3333333333333
"cg12894431",2,9.52380952380952
"cg12897439",1,4.76190476190476
"cg12901186",6,28.5714285714286
"cg12904343",1,4.76190476190476
"cg12905199",3,14.2857142857143
"cg12906442",1,4.76190476190476
"cg12909492",1,4.76190476190476
"cg12909844",3,14.2857142857143
"cg12910851",1,4.76190476190476
"cg12911509",1,4.76190476190476
"cg12912349",1,4.76190476190476
"cg12914972",2,9.52380952380952
"cg12916118",4,19.047619047619
"cg12916652",1,4.76190476190476
"cg12918445",5,23.8095238095238
"cg12918549",1,4.76190476190476
"cg12919759",13,61.9047619047619
"cg12920556",1,4.76190476190476
"cg12922726",1,4.76190476190476
"cg12923256",7,33.3333333333333
"cg12924702",12,57.1428571428571
"cg12925685",3,14.2857142857143
"cg12929493",5,23.8095238095238
"cg12930169",1,4.76190476190476
"cg12932650",1,4.76190476190476
"cg12934184",1,4.76190476190476
"cg12935656",1,4.76190476190476
"cg12937569",2,9.52380952380952
"cg12938017",1,4.76190476190476
"cg12938488",2,9.52380952380952
"cg12940646",1,4.76190476190476
"cg12941588",3,14.2857142857143
"cg12942322",6,28.5714285714286
"cg12943317",2,9.52380952380952
"cg12943692",3,14.2857142857143
"cg12945601",3,14.2857142857143
"cg12945614",1,4.76190476190476
"cg12945822",1,4.76190476190476
"cg12950452",2,9.52380952380952
"cg12954912",1,4.76190476190476
"cg12955532",1,4.76190476190476
"cg12956241",10,47.6190476190476
"cg12956890",2,9.52380952380952
"cg12960581",4,19.047619047619
"cg12962167",1,4.76190476190476
"cg12962613",2,9.52380952380952
"cg12962928",10,47.6190476190476
"cg12963603",2,9.52380952380952
"cg12964735",8,38.0952380952381
"cg12965476",4,19.047619047619
"cg12965833",1,4.76190476190476
"cg12966480",2,9.52380952380952
"cg12967881",5,23.8095238095238
"cg12968518",1,4.76190476190476
"cg12968685",3,14.2857142857143
"cg12969491",1,4.76190476190476
"cg12969503",2,9.52380952380952
"cg12970155",1,4.76190476190476
"cg12973806",3,14.2857142857143
"cg12973840",2,9.52380952380952
"cg12977457",1,4.76190476190476
"cg12979362",7,33.3333333333333
"cg12980661",2,9.52380952380952
"cg12981583",1,4.76190476190476
"cg12984045",1,4.76190476190476
"cg12987209",3,14.2857142857143
"cg12989936",14,66.6666666666667
"cg12990918",5,23.8095238095238
"cg12992181",1,4.76190476190476
"cg12995006",3,14.2857142857143
"cg12995505",1,4.76190476190476
"cg12995557",1,4.76190476190476
"cg12995701",11,52.3809523809524
"cg12998155",1,4.76190476190476
"cg12998323",1,4.76190476190476
"cg12998508",4,19.047619047619
"cg12999835",1,4.76190476190476
"cg13002095",11,52.3809523809524
"cg13002097",6,28.5714285714286
"cg13004067",1,4.76190476190476
"cg13005988",4,19.047619047619
"cg13011005",2,9.52380952380952
"cg13012891",1,4.76190476190476
"cg13016349",1,4.76190476190476
"cg13016797",1,4.76190476190476
"cg13020092",1,4.76190476190476
"cg13021216",2,9.52380952380952
"cg13021259",1,4.76190476190476
"cg13021266",1,4.76190476190476
"cg13024275",1,4.76190476190476
"cg13027227",9,42.8571428571429
"cg13027575",1,4.76190476190476
"cg13027761",3,14.2857142857143
"cg13027978",4,19.047619047619
"cg13028622",1,4.76190476190476
"cg13036173",1,4.76190476190476
"cg13036372",2,9.52380952380952
"cg13037951",1,4.76190476190476
"cg13042802",1,4.76190476190476
"cg13043482",11,52.3809523809524
"cg13045071",1,4.76190476190476
"cg13045351",1,4.76190476190476
"cg13049683",1,4.76190476190476
"cg13051245",1,4.76190476190476
"cg13052034",1,4.76190476190476
"cg13053533",5,23.8095238095238
"cg13057725",10,47.6190476190476
"cg13059377",1,4.76190476190476
"cg13062167",1,4.76190476190476
"cg13062455",1,4.76190476190476
"cg13063101",5,23.8095238095238
"cg13064202",17,80.9523809523809
"cg13065816",1,4.76190476190476
"cg13067055",2,9.52380952380952
"cg13068233",1,4.76190476190476
"cg13069411",1,4.76190476190476
"cg13070650",7,33.3333333333333
"cg13073030",1,4.76190476190476
"cg13075581",1,4.76190476190476
"cg13076199",1,4.76190476190476
"cg13076269",2,9.52380952380952
"cg13076535",3,14.2857142857143
"cg13078598",1,4.76190476190476
"cg13080465",1,4.76190476190476
"cg13081109",13,61.9047619047619
"cg13083251",4,19.047619047619
"cg13083607",1,4.76190476190476
"cg13085820",1,4.76190476190476
"cg13092957",1,4.76190476190476
"cg13093012",2,9.52380952380952
"cg13098611",9,42.8571428571429
"cg13099085",1,4.76190476190476
"cg13100032",1,4.76190476190476
"cg13100981",7,33.3333333333333
"cg13101165",1,4.76190476190476
"cg13102393",1,4.76190476190476
"cg13105438",1,4.76190476190476
"cg13116946",1,4.76190476190476
"cg13121213",12,57.1428571428571
"cg13122100",14,66.6666666666667
"cg13124307",2,9.52380952380952
"cg13126097",3,14.2857142857143
"cg13127694",1,4.76190476190476
"cg13128350",2,9.52380952380952
"cg13129404",15,71.4285714285714
"cg13131681",1,4.76190476190476
"cg13132363",1,4.76190476190476
"cg13133297",10,47.6190476190476
"cg13135013",1,4.76190476190476
"cg13135449",2,9.52380952380952
"cg13136596",1,4.76190476190476
"cg13138847",16,76.1904761904762
"cg13139335",1,4.76190476190476
"cg13140804",2,9.52380952380952
"cg13141665",1,4.76190476190476
"cg13142917",1,4.76190476190476
"cg13143522",8,38.0952380952381
"cg13148449",1,4.76190476190476
"cg13149454",2,9.52380952380952
"cg13150849",12,57.1428571428571
"cg13150939",5,23.8095238095238
"cg13151707",1,4.76190476190476
"cg13152177",3,14.2857142857143
"cg13153942",5,23.8095238095238
"cg13158127",1,4.76190476190476
"cg13160333",3,14.2857142857143
"cg13161770",1,4.76190476190476
"cg13164507",2,9.52380952380952
"cg13167114",1,4.76190476190476
"cg13168932",1,4.76190476190476
"cg13169954",12,57.1428571428571
"cg13174660",1,4.76190476190476
"cg13175548",1,4.76190476190476
"cg13176248",1,4.76190476190476
"cg13178663",2,9.52380952380952
"cg13180328",5,23.8095238095238
"cg13181783",1,4.76190476190476
"cg13184811",2,9.52380952380952
"cg13184896",2,9.52380952380952
"cg13185167",2,9.52380952380952
"cg13186811",4,19.047619047619
"cg13191285",1,4.76190476190476
"cg13197349",1,4.76190476190476
"cg13198116",2,9.52380952380952
"cg13202016",13,61.9047619047619
"cg13202871",1,4.76190476190476
"cg13202880",1,4.76190476190476
"cg13203009",1,4.76190476190476
"cg13203437",11,52.3809523809524
"cg13207183",1,4.76190476190476
"cg13210566",1,4.76190476190476
"cg13212223",7,33.3333333333333
"cg13212342",1,4.76190476190476
"cg13215196",3,14.2857142857143
"cg13215681",1,4.76190476190476
"cg13219104",2,9.52380952380952
"cg13220081",3,14.2857142857143
"cg13220749",1,4.76190476190476
"cg13221622",15,71.4285714285714
"cg13225881",2,9.52380952380952
"cg13227723",1,4.76190476190476
"cg13228100",14,66.6666666666667
"cg13229816",8,38.0952380952381
"cg13230857",1,4.76190476190476
"cg13236166",2,9.52380952380952
"cg13239004",2,9.52380952380952
"cg13243263",1,4.76190476190476
"cg13250654",1,4.76190476190476
"cg13253318",3,14.2857142857143
"cg13253642",1,4.76190476190476
"cg13254688",7,33.3333333333333
"cg13258697",4,19.047619047619
"cg13258997",1,4.76190476190476
"cg13262723",1,4.76190476190476
"cg13267415",1,4.76190476190476
"cg13268984",5,23.8095238095238
"cg13273503",2,9.52380952380952
"cg13273548",9,42.8571428571429
"cg13273929",12,57.1428571428571
"cg13276459",1,4.76190476190476
"cg13279848",2,9.52380952380952
"cg13280779",1,4.76190476190476
"cg13281176",1,4.76190476190476
"cg13284064",17,80.9523809523809
"cg13294652",1,4.76190476190476
"cg13294953",2,9.52380952380952
"cg13301410",8,38.0952380952381
"cg13302977",5,23.8095238095238
"cg13305245",2,9.52380952380952
"cg13307237",1,4.76190476190476
"cg13308744",8,38.0952380952381
"cg13311699",1,4.76190476190476
"cg13311805",3,14.2857142857143
"cg13312159",1,4.76190476190476
"cg13312387",1,4.76190476190476
"cg13312747",1,4.76190476190476
"cg13316564",3,14.2857142857143
"cg13319580",5,23.8095238095238
"cg13320504",3,14.2857142857143
"cg13321415",13,61.9047619047619
"cg13327251",1,4.76190476190476
"cg13327278",1,4.76190476190476
"cg13329926",1,4.76190476190476
"cg13331011",1,4.76190476190476
"cg13331610",1,4.76190476190476
"cg13333913",1,4.76190476190476
"cg13334050",1,4.76190476190476
"cg13334091",1,4.76190476190476
"cg13334800",1,4.76190476190476
"cg13336733",1,4.76190476190476
"cg13337773",1,4.76190476190476
"cg13339886",1,4.76190476190476
"cg13342668",1,4.76190476190476
"cg13344452",2,9.52380952380952
"cg13345736",1,4.76190476190476
"cg13345783",1,4.76190476190476
"cg13347912",2,9.52380952380952
"cg13348068",1,4.76190476190476
"cg13348383",1,4.76190476190476
"cg13350995",5,23.8095238095238
"cg13353717",3,14.2857142857143
"cg13354902",7,33.3333333333333
"cg13355506",1,4.76190476190476
"cg13356496",1,4.76190476190476
"cg13367579",4,19.047619047619
"cg13367810",1,4.76190476190476
"cg13369551",2,9.52380952380952
"cg13369575",1,4.76190476190476
"cg13372473",1,4.76190476190476
"cg13373342",1,4.76190476190476
"cg13373438",4,19.047619047619
"cg13373579",3,14.2857142857143
"cg13380953",1,4.76190476190476
"cg13386851",1,4.76190476190476
"cg13387650",8,38.0952380952381
"cg13387652",1,4.76190476190476
"cg13388068",2,9.52380952380952
"cg13388773",1,4.76190476190476
"cg13389817",1,4.76190476190476
"cg13390113",1,4.76190476190476
"cg13392022",1,4.76190476190476
"cg13392680",2,9.52380952380952
"cg13393813",1,4.76190476190476
"cg13396136",8,38.0952380952381
"cg13396556",1,4.76190476190476
"cg13399260",4,19.047619047619
"cg13402430",1,4.76190476190476
"cg13403192",2,9.52380952380952
"cg13404392",1,4.76190476190476
"cg13407349",1,4.76190476190476
"cg13408058",1,4.76190476190476
"cg13408363",3,14.2857142857143
"cg13411972",1,4.76190476190476
"cg13415455",1,4.76190476190476
"cg13417066",1,4.76190476190476
"cg13417482",1,4.76190476190476
"cg13417749",2,9.52380952380952
"cg13420709",1,4.76190476190476
"cg13422017",1,4.76190476190476
"cg13423295",2,9.52380952380952
"cg13424649",3,14.2857142857143
"cg13427594",3,14.2857142857143
"cg13427824",2,9.52380952380952
"cg13428142",1,4.76190476190476
"cg13429256",7,33.3333333333333
"cg13432403",6,28.5714285714286
"cg13434141",2,9.52380952380952
"cg13436334",1,4.76190476190476
"cg13437307",2,9.52380952380952
"cg13437722",4,19.047619047619
"cg13438353",1,4.76190476190476
"cg13439946",1,4.76190476190476
"cg13440936",1,4.76190476190476
"cg13443898",1,4.76190476190476
"cg13449306",2,9.52380952380952
"cg13451317",5,23.8095238095238
"cg13451403",4,19.047619047619
"cg13455205",1,4.76190476190476
"cg13459171",1,4.76190476190476
"cg13462484",1,4.76190476190476
"cg13462878",2,9.52380952380952
"cg13462918",5,23.8095238095238
"cg13463374",7,33.3333333333333
"cg13464196",1,4.76190476190476
"cg13466660",2,9.52380952380952
"cg13467243",1,4.76190476190476
"cg13468374",1,4.76190476190476
"cg13469425",1,4.76190476190476
"cg13472200",3,14.2857142857143
"cg13473124",4,19.047619047619
"cg13473795",1,4.76190476190476
"cg13482207",5,23.8095238095238
"cg13483696",1,4.76190476190476
"cg13484094",1,4.76190476190476
"cg13484596",1,4.76190476190476
"cg13485269",4,19.047619047619
"cg13490086",1,4.76190476190476
"cg13491045",9,42.8571428571429
"cg13493918",4,19.047619047619
"cg13494085",2,9.52380952380952
"cg13495270",1,4.76190476190476
"cg13496929",12,57.1428571428571
"cg13497626",2,9.52380952380952
"cg13498012",15,71.4285714285714
"cg13498216",2,9.52380952380952
"cg13498642",5,23.8095238095238
"cg13499210",1,4.76190476190476
"cg13499810",1,4.76190476190476
"cg13500123",1,4.76190476190476
"cg13502745",2,9.52380952380952
"cg13506140",1,4.76190476190476
"cg13508208",1,4.76190476190476
"cg13511418",2,9.52380952380952
"cg13511521",2,9.52380952380952
"cg13512251",2,9.52380952380952
"cg13512374",1,4.76190476190476
"cg13514994",2,9.52380952380952
"cg13515043",4,19.047619047619
"cg13518590",1,4.76190476190476
"cg13519730",3,14.2857142857143
"cg13520531",1,4.76190476190476
"cg13522279",1,4.76190476190476
"cg13523714",1,4.76190476190476
"cg13525926",3,14.2857142857143
"cg13529849",2,9.52380952380952
"cg13530060",2,9.52380952380952
"cg13530263",5,23.8095238095238
"cg13531913",1,4.76190476190476
"cg13532169",1,4.76190476190476
"cg13532426",1,4.76190476190476
"cg13533517",16,76.1904761904762
"cg13533607",1,4.76190476190476
"cg13534516",1,4.76190476190476
"cg13538571",1,4.76190476190476
"cg13540766",2,9.52380952380952
"cg13548034",4,19.047619047619
"cg13549854",1,4.76190476190476
"cg13550115",1,4.76190476190476
"cg13550272",7,33.3333333333333
"cg13551346",1,4.76190476190476
"cg13552155",1,4.76190476190476
"cg13552721",5,23.8095238095238
"cg13553498",1,4.76190476190476
"cg13558392",5,23.8095238095238
"cg13559955",3,14.2857142857143
"cg13561626",5,23.8095238095238
"cg13563298",1,4.76190476190476
"cg13564524",1,4.76190476190476
"cg13565723",1,4.76190476190476
"cg13566916",1,4.76190476190476
"cg13567865",3,14.2857142857143
"cg13568235",1,4.76190476190476
"cg13568311",1,4.76190476190476
"cg13571657",2,9.52380952380952
"cg13577046",1,4.76190476190476
"cg13578272",1,4.76190476190476
"cg13578333",1,4.76190476190476
"cg13580991",2,9.52380952380952
"cg13582261",1,4.76190476190476
"cg13582438",1,4.76190476190476
"cg13582495",3,14.2857142857143
"cg13583831",1,4.76190476190476
"cg13584447",2,9.52380952380952
"cg13585393",5,23.8095238095238
"cg13586748",1,4.76190476190476
"cg13589156",1,4.76190476190476
"cg13591910",9,42.8571428571429
"cg13592417",14,66.6666666666667
"cg13597570",3,14.2857142857143
"cg13599204",1,4.76190476190476
"cg13601509",4,19.047619047619
"cg13601987",7,33.3333333333333
"cg13607324",1,4.76190476190476
"cg13608623",3,14.2857142857143
"cg13612803",2,9.52380952380952
"cg13613690",2,9.52380952380952
"cg13613911",1,4.76190476190476
"cg13614103",1,4.76190476190476
"cg13617714",1,4.76190476190476
"cg13618276",1,4.76190476190476
"cg13618458",8,38.0952380952381
"cg13618861",14,66.6666666666667
"cg13619522",1,4.76190476190476
"cg13620124",1,4.76190476190476
"cg13621317",1,4.76190476190476
"cg13622673",12,57.1428571428571
"cg13623543",7,33.3333333333333
"cg13623990",9,42.8571428571429
"cg13627129",5,23.8095238095238
"cg13629532",1,4.76190476190476
"cg13631138",1,4.76190476190476
"cg13635052",3,14.2857142857143
"cg13637747",3,14.2857142857143
"cg13641566",4,19.047619047619
"cg13646833",1,4.76190476190476
"cg13648417",1,4.76190476190476
"cg13653819",3,14.2857142857143
"cg13654097",1,4.76190476190476
"cg13654344",6,28.5714285714286
"cg13656850",18,85.7142857142857
"cg13658092",1,4.76190476190476
"cg13659778",3,14.2857142857143
"cg13661440",18,85.7142857142857
"cg13671992",1,4.76190476190476
"cg13676049",1,4.76190476190476
"cg13676148",1,4.76190476190476
"cg13676759",1,4.76190476190476
"cg13679891",2,9.52380952380952
"cg13685779",2,9.52380952380952
"cg13689053",1,4.76190476190476
"cg13690593",1,4.76190476190476
"cg13691793",9,42.8571428571429
"cg13693253",4,19.047619047619
"cg13693544",6,28.5714285714286
"cg13693622",3,14.2857142857143
"cg13699994",2,9.52380952380952
"cg13702087",5,23.8095238095238
"cg13704845",4,19.047619047619
"cg13706609",2,9.52380952380952
"cg13706966",15,71.4285714285714
"cg13706967",14,66.6666666666667
"cg13708531",1,4.76190476190476
"cg13708861",1,4.76190476190476
"cg13709193",3,14.2857142857143
"cg13710369",1,4.76190476190476
"cg13712627",1,4.76190476190476
"cg13714987",1,4.76190476190476
"cg13715467",1,4.76190476190476
"cg13716848",1,4.76190476190476
"cg13719531",5,23.8095238095238
"cg13720881",7,33.3333333333333
"cg13721767",2,9.52380952380952
"cg13723539",4,19.047619047619
"cg13723763",1,4.76190476190476
"cg13725865",15,71.4285714285714
"cg13726813",1,4.76190476190476
"cg13726944",1,4.76190476190476
"cg13726981",6,28.5714285714286
"cg13727253",1,4.76190476190476
"cg13730359",6,28.5714285714286
"cg13731800",1,4.76190476190476
"cg13732161",1,4.76190476190476
"cg13732166",1,4.76190476190476
"cg13733755",1,4.76190476190476
"cg13734282",4,19.047619047619
"cg13734392",7,33.3333333333333
"cg13734743",2,9.52380952380952
"cg13734744",1,4.76190476190476
"cg13734962",2,9.52380952380952
"cg13734983",11,52.3809523809524
"cg13735174",3,14.2857142857143
"cg13735193",1,4.76190476190476
"cg13736752",1,4.76190476190476
"cg13737978",1,4.76190476190476
"cg13741148",1,4.76190476190476
"cg13741200",1,4.76190476190476
"cg13741665",4,19.047619047619
"cg13742024",2,9.52380952380952
"cg13745569",7,33.3333333333333
"cg13745588",10,47.6190476190476
"cg13745599",11,52.3809523809524
"cg13746184",2,9.52380952380952
"cg13747028",2,9.52380952380952
"cg13747375",2,9.52380952380952
"cg13747892",3,14.2857142857143
"cg13749113",2,9.52380952380952
"cg13751405",2,9.52380952380952
"cg13751688",1,4.76190476190476
"cg13752845",13,61.9047619047619
"cg13753613",1,4.76190476190476
"cg13753743",1,4.76190476190476
"cg13755616",11,52.3809523809524
"cg13758621",7,33.3333333333333
"cg13760303",1,4.76190476190476
"cg13761908",8,38.0952380952381
"cg13763058",3,14.2857142857143
"cg13763059",4,19.047619047619
"cg13765957",6,28.5714285714286
"cg13767117",5,23.8095238095238
"cg13767616",4,19.047619047619
"cg13769139",2,9.52380952380952
"cg13772006",1,4.76190476190476
"cg13773306",1,4.76190476190476
"cg13773741",2,9.52380952380952
"cg13778663",1,4.76190476190476
"cg13779109",1,4.76190476190476
"cg13782382",8,38.0952380952381
"cg13782421",1,4.76190476190476
"cg13783402",12,57.1428571428571
"cg13784004",3,14.2857142857143
"cg13787154",1,4.76190476190476
"cg13788097",3,14.2857142857143
"cg13788309",1,4.76190476190476
"cg13790797",2,9.52380952380952
"cg13791188",4,19.047619047619
"cg13792019",3,14.2857142857143
"cg13792853",2,9.52380952380952
"cg13793176",3,14.2857142857143
"cg13793602",10,47.6190476190476
"cg13794419",1,4.76190476190476
"cg13795589",1,4.76190476190476
"cg13795666",12,57.1428571428571
"cg13796392",2,9.52380952380952
"cg13796687",1,4.76190476190476
"cg13796843",1,4.76190476190476
"cg13798376",9,42.8571428571429
"cg13798642",3,14.2857142857143
"cg13799211",1,4.76190476190476
"cg13799772",1,4.76190476190476
"cg13802844",9,42.8571428571429
"cg13804980",1,4.76190476190476
"cg13809339",1,4.76190476190476
"cg13809355",1,4.76190476190476
"cg13809358",6,28.5714285714286
"cg13809359",13,61.9047619047619
"cg13809730",1,4.76190476190476
"cg13815351",9,42.8571428571429
"cg13817334",1,4.76190476190476
"cg13818168",1,4.76190476190476
"cg13818504",3,14.2857142857143
"cg13820738",1,4.76190476190476
"cg13822523",2,9.52380952380952
"cg13823439",2,9.52380952380952
"cg13823565",1,4.76190476190476
"cg13827835",2,9.52380952380952
"cg13830407",2,9.52380952380952
"cg13830619",3,14.2857142857143
"cg13832234",3,14.2857142857143
"cg13832497",1,4.76190476190476
"cg13835540",1,4.76190476190476
"cg13837032",5,23.8095238095238
"cg13837449",1,4.76190476190476
"cg13840713",1,4.76190476190476
"cg13841158",1,4.76190476190476
"cg13842678",4,19.047619047619
"cg13845521",4,19.047619047619
"cg13846187",1,4.76190476190476
"cg13846359",1,4.76190476190476
"cg13848429",2,9.52380952380952
"cg13849865",1,4.76190476190476
"cg13851368",1,4.76190476190476
"cg13853823",1,4.76190476190476
"cg13853963",6,28.5714285714286
"cg13856272",9,42.8571428571429
"cg13859654",9,42.8571428571429
"cg13862648",3,14.2857142857143
"cg13865905",7,33.3333333333333
"cg13865948",1,4.76190476190476
"cg13866395",4,19.047619047619
"cg13867389",1,4.76190476190476
"cg13871123",5,23.8095238095238
"cg13873448",1,4.76190476190476
"cg13875267",2,9.52380952380952
"cg13877915",2,9.52380952380952
"cg13878581",3,14.2857142857143
"cg13885150",1,4.76190476190476
"cg13887050",3,14.2857142857143
"cg13894514",2,9.52380952380952
"cg13896190",1,4.76190476190476
"cg13901157",1,4.76190476190476
"cg13903503",1,4.76190476190476
"cg13908328",14,66.6666666666667
"cg13908681",1,4.76190476190476
"cg13913085",1,4.76190476190476
"cg13914874",1,4.76190476190476
"cg13916261",7,33.3333333333333
"cg13917957",1,4.76190476190476
"cg13920278",1,4.76190476190476
"cg13922405",9,42.8571428571429
"cg13923196",10,47.6190476190476
"cg13923364",1,4.76190476190476
"cg13923424",1,4.76190476190476
"cg13924158",1,4.76190476190476
"cg13925305",1,4.76190476190476
"cg13927568",2,9.52380952380952
"cg13929586",1,4.76190476190476
"cg13931840",1,4.76190476190476
"cg13934244",1,4.76190476190476
"cg13934986",2,9.52380952380952
"cg13935394",13,61.9047619047619
"cg13939640",4,19.047619047619
"cg13940239",1,4.76190476190476
"cg13941298",4,19.047619047619
"cg13943068",2,9.52380952380952
"cg13945528",1,4.76190476190476
"cg13947299",4,19.047619047619
"cg13947483",3,14.2857142857143
"cg13950001",1,4.76190476190476
"cg13952522",9,42.8571428571429
"cg13953050",1,4.76190476190476
"cg13957186",8,38.0952380952381
"cg13958781",1,4.76190476190476
"cg13967162",1,4.76190476190476
"cg13967648",1,4.76190476190476
"cg13972427",1,4.76190476190476
"cg13975540",1,4.76190476190476
"cg13976251",11,52.3809523809524
"cg13977000",1,4.76190476190476
"cg13977158",2,9.52380952380952
"cg13977280",1,4.76190476190476
"cg13978466",1,4.76190476190476
"cg13980604",1,4.76190476190476
"cg13981211",3,14.2857142857143
"cg13981496",16,76.1904761904762
"cg13981513",3,14.2857142857143
"cg13984798",2,9.52380952380952
"cg13987794",1,4.76190476190476
"cg13989576",1,4.76190476190476
"cg13989713",2,9.52380952380952
"cg13990065",3,14.2857142857143
"cg13993272",15,71.4285714285714
"cg13994196",1,4.76190476190476
"cg13994593",3,14.2857142857143
"cg13995902",1,4.76190476190476
"cg14001651",2,9.52380952380952
"cg14002315",1,4.76190476190476
"cg14004049",1,4.76190476190476
"cg14011835",4,19.047619047619
"cg14012247",1,4.76190476190476
"cg14012286",1,4.76190476190476
"cg14013424",1,4.76190476190476
"cg14015757",7,33.3333333333333
"cg14017190",1,4.76190476190476
"cg14019762",1,4.76190476190476
"cg14021222",3,14.2857142857143
"cg14021698",1,4.76190476190476
"cg14023672",3,14.2857142857143
"cg14025120",7,33.3333333333333
"cg14025424",15,71.4285714285714
"cg14026410",1,4.76190476190476
"cg14026669",1,4.76190476190476
"cg14027817",9,42.8571428571429
"cg14029070",7,33.3333333333333
"cg14029254",6,28.5714285714286
"cg14029579",4,19.047619047619
"cg14031487",2,9.52380952380952
"cg14032770",1,4.76190476190476
"cg14034201",1,4.76190476190476
"cg14040808",2,9.52380952380952
"cg14041338",2,9.52380952380952
"cg14041350",3,14.2857142857143
"cg14042597",3,14.2857142857143
"cg14043002",7,33.3333333333333
"cg14043191",2,9.52380952380952
"cg14044669",3,14.2857142857143
"cg14044785",1,4.76190476190476
"cg14047251",1,4.76190476190476
"cg14047540",10,47.6190476190476
"cg14050225",1,4.76190476190476
"cg14051835",2,9.52380952380952
"cg14052289",5,23.8095238095238
"cg14053133",1,4.76190476190476
"cg14053556",1,4.76190476190476
"cg14053702",8,38.0952380952381
"cg14053908",1,4.76190476190476
"cg14055427",1,4.76190476190476
"cg14056118",1,4.76190476190476
"cg14057750",1,4.76190476190476
"cg14059543",1,4.76190476190476
"cg14060364",3,14.2857142857143
"cg14062455",1,4.76190476190476
"cg14063159",4,19.047619047619
"cg14064105",2,9.52380952380952
"cg14067588",1,4.76190476190476
"cg14067880",1,4.76190476190476
"cg14068628",2,9.52380952380952
"cg14069205",1,4.76190476190476
"cg14069849",1,4.76190476190476
"cg14071754",1,4.76190476190476
"cg14075048",1,4.76190476190476
"cg14075179",3,14.2857142857143
"cg14080861",1,4.76190476190476
"cg14083652",1,4.76190476190476
"cg14084377",1,4.76190476190476
"cg14087884",1,4.76190476190476
"cg14088321",1,4.76190476190476
"cg14089436",1,4.76190476190476
"cg14090587",3,14.2857142857143
"cg14091105",1,4.76190476190476
"cg14091961",1,4.76190476190476
"cg14092053",2,9.52380952380952
"cg14099692",1,4.76190476190476
"cg14099808",15,71.4285714285714
"cg14101384",7,33.3333333333333
"cg14103147",2,9.52380952380952
"cg14103476",6,28.5714285714286
"cg14103991",1,4.76190476190476
"cg14104106",4,19.047619047619
"cg14106819",3,14.2857142857143
"cg14107011",11,52.3809523809524
"cg14108414",4,19.047619047619
"cg14111048",1,4.76190476190476
"cg14111320",7,33.3333333333333
"cg14112108",1,4.76190476190476
"cg14113403",2,9.52380952380952
"cg14114155",7,33.3333333333333
"cg14115714",1,4.76190476190476
"cg14116693",4,19.047619047619
"cg14116799",1,4.76190476190476
"cg14119229",18,85.7142857142857
"cg14119360",3,14.2857142857143
"cg14119788",4,19.047619047619
"cg14120161",3,14.2857142857143
"cg14120340",10,47.6190476190476
"cg14121061",14,66.6666666666667
"cg14122896",2,9.52380952380952
"cg14124266",5,23.8095238095238
"cg14124472",1,4.76190476190476
"cg14127414",2,9.52380952380952
"cg14128346",3,14.2857142857143
"cg14128857",2,9.52380952380952
"cg14130265",1,4.76190476190476
"cg14131294",3,14.2857142857143
"cg14131983",3,14.2857142857143
"cg14133124",1,4.76190476190476
"cg14133792",1,4.76190476190476
"cg14134191",3,14.2857142857143
"cg14134537",1,4.76190476190476
"cg14136899",7,33.3333333333333
"cg14138799",5,23.8095238095238
"cg14139735",2,9.52380952380952
"cg14139947",1,4.76190476190476
"cg14144317",2,9.52380952380952
"cg14144481",3,14.2857142857143
"cg14144541",2,9.52380952380952
"cg14147429",1,4.76190476190476
"cg14147450",3,14.2857142857143
"cg14147607",1,4.76190476190476
"cg14147705",1,4.76190476190476
"cg14147807",12,57.1428571428571
"cg14148554",2,9.52380952380952
"cg14149660",10,47.6190476190476
"cg14150148",1,4.76190476190476
"cg14151915",1,4.76190476190476
"cg14152224",1,4.76190476190476
"cg14153415",2,9.52380952380952
"cg14154385",4,19.047619047619
"cg14154441",3,14.2857142857143
"cg14161588",5,23.8095238095238
"cg14163733",1,4.76190476190476
"cg14164397",5,23.8095238095238
"cg14164789",1,4.76190476190476
"cg14168581",1,4.76190476190476
"cg14168690",6,28.5714285714286
"cg14170959",1,4.76190476190476
"cg14174831",5,23.8095238095238
"cg14180491",1,4.76190476190476
"cg14184180",1,4.76190476190476
"cg14185105",1,4.76190476190476
"cg14185834",1,4.76190476190476
"cg14187777",7,33.3333333333333
"cg14188831",4,19.047619047619
"cg14193001",1,4.76190476190476
"cg14193550",1,4.76190476190476
"cg14195166",1,4.76190476190476
"cg14195217",1,4.76190476190476
"cg14195856",1,4.76190476190476
"cg14198371",1,4.76190476190476
"cg14200126",4,19.047619047619
"cg14200251",2,9.52380952380952
"cg14201389",1,4.76190476190476
"cg14201929",1,4.76190476190476
"cg14204270",1,4.76190476190476
"cg14211740",2,9.52380952380952
"cg14212269",1,4.76190476190476
"cg14212824",2,9.52380952380952
"cg14212888",1,4.76190476190476
"cg14213441",6,28.5714285714286
"cg14214233",2,9.52380952380952
"cg14215625",1,4.76190476190476
"cg14216312",1,4.76190476190476
"cg14219365",1,4.76190476190476
"cg14219428",1,4.76190476190476
"cg14220990",2,9.52380952380952
"cg14222733",3,14.2857142857143
"cg14223866",2,9.52380952380952
"cg14229568",1,4.76190476190476
"cg14231049",2,9.52380952380952
"cg14233513",1,4.76190476190476
"cg14236011",1,4.76190476190476
"cg14237020",1,4.76190476190476
"cg14237237",1,4.76190476190476
"cg14239003",1,4.76190476190476
"cg14242010",2,9.52380952380952
"cg14248508",2,9.52380952380952
"cg14248811",3,14.2857142857143
"cg14249990",4,19.047619047619
"cg14258769",1,4.76190476190476
"cg14260773",1,4.76190476190476
"cg14263099",11,52.3809523809524
"cg14263435",4,19.047619047619
"cg14266191",1,4.76190476190476
"cg14267020",1,4.76190476190476
"cg14268568",7,33.3333333333333
"cg14268784",1,4.76190476190476
"cg14270413",4,19.047619047619
"cg14272830",2,9.52380952380952
"cg14272967",2,9.52380952380952
"cg14273923",4,19.047619047619
"cg14274617",7,33.3333333333333
"cg14277894",1,4.76190476190476
"cg14281013",1,4.76190476190476
"cg14283311",1,4.76190476190476
"cg14285162",1,4.76190476190476
"cg14288249",7,33.3333333333333
"cg14292927",1,4.76190476190476
"cg14295659",1,4.76190476190476
"cg14298224",2,9.52380952380952
"cg14301032",1,4.76190476190476
"cg14301370",1,4.76190476190476
"cg14303437",1,4.76190476190476
"cg14303457",3,14.2857142857143
"cg14305814",8,38.0952380952381
"cg14305961",1,4.76190476190476
"cg14308967",1,4.76190476190476
"cg14310390",2,9.52380952380952
"cg14310447",1,4.76190476190476
"cg14322546",1,4.76190476190476
"cg14326631",1,4.76190476190476
"cg14326937",1,4.76190476190476
"cg14328577",1,4.76190476190476
"cg14329352",1,4.76190476190476
"cg14330320",1,4.76190476190476
"cg14330919",1,4.76190476190476
"cg14331290",1,4.76190476190476
"cg14331321",1,4.76190476190476
"cg14332139",1,4.76190476190476
"cg14332866",15,71.4285714285714
"cg14333588",2,9.52380952380952
"cg14333970",2,9.52380952380952
"cg14334052",8,38.0952380952381
"cg14334769",1,4.76190476190476
"cg14336116",3,14.2857142857143
"cg14337712",1,4.76190476190476
"cg14346075",3,14.2857142857143
"cg14348336",2,9.52380952380952
"cg14349936",2,9.52380952380952
"cg14350146",1,4.76190476190476
"cg14350538",1,4.76190476190476
"cg14350776",3,14.2857142857143
"cg14353834",1,4.76190476190476
"cg14357916",1,4.76190476190476
"cg14358077",1,4.76190476190476
"cg14362038",1,4.76190476190476
"cg14368184",1,4.76190476190476
"cg14372847",12,57.1428571428571
"cg14372858",1,4.76190476190476
"cg14373189",1,4.76190476190476
"cg14373597",1,4.76190476190476
"cg14373857",2,9.52380952380952
"cg14374132",1,4.76190476190476
"cg14378727",2,9.52380952380952
"cg14381335",1,4.76190476190476
"cg14382067",1,4.76190476190476
"cg14382336",1,4.76190476190476
"cg14383327",7,33.3333333333333
"cg14383905",5,23.8095238095238
"cg14384616",1,4.76190476190476
"cg14389235",11,52.3809523809524
"cg14391684",1,4.76190476190476
"cg14394907",1,4.76190476190476
"cg14396626",1,4.76190476190476
"cg14398747",1,4.76190476190476
"cg14400073",1,4.76190476190476
"cg14400088",2,9.52380952380952
"cg14400946",4,19.047619047619
"cg14402990",2,9.52380952380952
"cg14403634",3,14.2857142857143
"cg14403758",4,19.047619047619
"cg14408121",1,4.76190476190476
"cg14411350",1,4.76190476190476
"cg14412160",8,38.0952380952381
"cg14413674",2,9.52380952380952
"cg14414022",1,4.76190476190476
"cg14419353",17,80.9523809523809
"cg14419441",1,4.76190476190476
"cg14420062",1,4.76190476190476
"cg14426850",3,14.2857142857143
"cg14428829",1,4.76190476190476
"cg14429776",4,19.047619047619
"cg14429906",3,14.2857142857143
"cg14433428",1,4.76190476190476
"cg14436785",2,9.52380952380952
"cg14437092",2,9.52380952380952
"cg14442616",6,28.5714285714286
"cg14445962",12,57.1428571428571
"cg14446584",6,28.5714285714286
"cg14446822",1,4.76190476190476
"cg14447886",16,76.1904761904762
"cg14450595",2,9.52380952380952
"cg14451394",2,9.52380952380952
"cg14455142",5,23.8095238095238
"cg14457850",3,14.2857142857143
"cg14463441",3,14.2857142857143
"cg14463467",2,9.52380952380952
"cg14463736",7,33.3333333333333
"cg14466041",1,4.76190476190476
"cg14466345",1,4.76190476190476
"cg14466580",5,23.8095238095238
"cg14467990",1,4.76190476190476
"cg14472770",1,4.76190476190476
"cg14473719",2,9.52380952380952
"cg14475518",11,52.3809523809524
"cg14478242",2,9.52380952380952
"cg14479884",1,4.76190476190476
"cg14483077",2,9.52380952380952
"cg14484687",12,57.1428571428571
"cg14485212",11,52.3809523809524
"cg14486250",9,42.8571428571429
"cg14491800",1,4.76190476190476
"cg14492024",7,33.3333333333333
"cg14492302",1,4.76190476190476
"cg14495594",11,52.3809523809524
"cg14496239",14,66.6666666666667
"cg14496708",7,33.3333333333333
"cg14498246",2,9.52380952380952
"cg14504229",1,4.76190476190476
"cg14507476",1,4.76190476190476
"cg14510058",1,4.76190476190476
"cg14518769",1,4.76190476190476
"cg14519524",1,4.76190476190476
"cg14522360",1,4.76190476190476
"cg14523380",9,42.8571428571429
"cg14523772",1,4.76190476190476
"cg14524567",7,33.3333333333333
"cg14525579",6,28.5714285714286
"cg14526044",8,38.0952380952381
"cg14530623",3,14.2857142857143
"cg14532322",1,4.76190476190476
"cg14540492",6,28.5714285714286
"cg14542504",1,4.76190476190476
"cg14543899",1,4.76190476190476
"cg14543992",3,14.2857142857143
"cg14545620",1,4.76190476190476
"cg14546115",2,9.52380952380952
"cg14550340",14,66.6666666666667
"cg14551616",4,19.047619047619
"cg14551928",3,14.2857142857143
"cg14551984",4,19.047619047619
"cg14552422",4,19.047619047619
"cg14552877",1,4.76190476190476
"cg14554692",1,4.76190476190476
"cg14555649",2,9.52380952380952
"cg14562394",8,38.0952380952381
"cg14563789",3,14.2857142857143
"cg14563876",1,4.76190476190476
"cg14564216",3,14.2857142857143
"cg14564853",1,4.76190476190476
"cg14565417",1,4.76190476190476
"cg14565975",6,28.5714285714286
"cg14567175",1,4.76190476190476
"cg14569945",1,4.76190476190476
"cg14571773",4,19.047619047619
"cg14575709",1,4.76190476190476
"cg14578229",1,4.76190476190476
"cg14581608",1,4.76190476190476
"cg14581630",2,9.52380952380952
"cg14581724",4,19.047619047619
"cg14582111",6,28.5714285714286
"cg14583494",2,9.52380952380952
"cg14583550",1,4.76190476190476
"cg14586372",1,4.76190476190476
"cg14587401",1,4.76190476190476
"cg14590576",11,52.3809523809524
"cg14592768",1,4.76190476190476
"cg14593366",1,4.76190476190476
"cg14593493",3,14.2857142857143
"cg14597011",1,4.76190476190476
"cg14597221",1,4.76190476190476
"cg14598522",2,9.52380952380952
"cg14598988",1,4.76190476190476
"cg14602300",14,66.6666666666667
"cg14602317",4,19.047619047619
"cg14604840",3,14.2857142857143
"cg14604873",1,4.76190476190476
"cg14605588",2,9.52380952380952
"cg14607067",2,9.52380952380952
"cg14607963",1,4.76190476190476
"cg14608015",10,47.6190476190476
"cg14608731",8,38.0952380952381
"cg14609556",1,4.76190476190476
"cg14609662",1,4.76190476190476
"cg14611964",1,4.76190476190476
"cg14612840",4,19.047619047619
"cg14615914",2,9.52380952380952
"cg14618583",1,4.76190476190476
"cg14618678",2,9.52380952380952
"cg14623287",1,4.76190476190476
"cg14629595",3,14.2857142857143
"cg14629827",1,4.76190476190476
"cg14630585",1,4.76190476190476
"cg14630586",1,4.76190476190476
"cg14630593",3,14.2857142857143
"cg14631341",4,19.047619047619
"cg14632039",1,4.76190476190476
"cg14632715",1,4.76190476190476
"cg14635386",1,4.76190476190476
"cg14638048",3,14.2857142857143
"cg14639484",1,4.76190476190476
"cg14640330",1,4.76190476190476
"cg14640853",18,85.7142857142857
"cg14641278",5,23.8095238095238
"cg14641335",15,71.4285714285714
"cg14642306",1,4.76190476190476
"cg14643655",1,4.76190476190476
"cg14649060",4,19.047619047619
"cg14649241",1,4.76190476190476
"cg14651192",1,4.76190476190476
"cg14651891",2,9.52380952380952
"cg14653657",1,4.76190476190476
"cg14656132",1,4.76190476190476
"cg14656948",2,9.52380952380952
"cg14658558",6,28.5714285714286
"cg14661717",5,23.8095238095238
"cg14662128",6,28.5714285714286
"cg14663542",7,33.3333333333333
"cg14663552",1,4.76190476190476
"cg14664374",4,19.047619047619
"cg14665424",1,4.76190476190476
"cg14668933",6,28.5714285714286
"cg14669419",1,4.76190476190476
"cg14669616",1,4.76190476190476
"cg14671357",7,33.3333333333333
"cg14675124",1,4.76190476190476
"cg14676242",7,33.3333333333333
"cg14681719",1,4.76190476190476
"cg14686780",4,19.047619047619
"cg14690132",13,61.9047619047619
"cg14699146",1,4.76190476190476
"cg14701278",1,4.76190476190476
"cg14701998",1,4.76190476190476
"cg14705391",7,33.3333333333333
"cg14706331",1,4.76190476190476
"cg14706655",1,4.76190476190476
"cg14707796",1,4.76190476190476
"cg14708912",15,71.4285714285714
"cg14709433",1,4.76190476190476
"cg14710459",1,4.76190476190476
"cg14718242",1,4.76190476190476
"cg14718625",1,4.76190476190476
"cg14719290",1,4.76190476190476
"cg14721796",7,33.3333333333333
"cg14723177",2,9.52380952380952
"cg14723244",2,9.52380952380952
"cg14723250",4,19.047619047619
"cg14727165",1,4.76190476190476
"cg14727845",1,4.76190476190476
"cg14728631",1,4.76190476190476
"cg14729980",1,4.76190476190476
"cg14730441",1,4.76190476190476
"cg14734102",1,4.76190476190476
"cg14735592",4,19.047619047619
"cg14736341",13,61.9047619047619
"cg14737522",1,4.76190476190476
"cg14739345",1,4.76190476190476
"cg14739591",2,9.52380952380952
"cg14740251",1,4.76190476190476
"cg14741114",6,28.5714285714286
"cg14742615",5,23.8095238095238
"cg14743339",1,4.76190476190476
"cg14748559",1,4.76190476190476
"cg14748869",2,9.52380952380952
"cg14749747",6,28.5714285714286
"cg14751979",17,80.9523809523809
"cg14752911",2,9.52380952380952
"cg14755043",1,4.76190476190476
"cg14755567",2,9.52380952380952
"cg14756463",2,9.52380952380952
"cg14760670",5,23.8095238095238
"cg14760822",16,76.1904761904762
"cg14761615",1,4.76190476190476
"cg14761915",1,4.76190476190476
"cg14764842",2,9.52380952380952
"cg14769315",4,19.047619047619
"cg14769579",1,4.76190476190476
"cg14769583",6,28.5714285714286
"cg14769691",2,9.52380952380952
"cg14769955",1,4.76190476190476
"cg14770719",1,4.76190476190476
"cg14771447",8,38.0952380952381
"cg14771605",1,4.76190476190476
"cg14772167",1,4.76190476190476
"cg14772366",1,4.76190476190476
"cg14776162",5,23.8095238095238
"cg14778208",7,33.3333333333333
"cg14779295",2,9.52380952380952
"cg14781202",1,4.76190476190476
"cg14786116",1,4.76190476190476
"cg14786449",4,19.047619047619
"cg14787030",4,19.047619047619
"cg14787811",1,4.76190476190476
"cg14787909",1,4.76190476190476
"cg14788794",1,4.76190476190476
"cg14792079",1,4.76190476190476
"cg14793810",1,4.76190476190476
"cg14795609",1,4.76190476190476
"cg14800868",1,4.76190476190476
"cg14801738",3,14.2857142857143
"cg14802011",4,19.047619047619
"cg14803009",1,4.76190476190476
"cg14804868",5,23.8095238095238
"cg14805495",1,4.76190476190476
"cg14808307",1,4.76190476190476
"cg14809100",7,33.3333333333333
"cg14809239",7,33.3333333333333
"cg14809906",14,66.6666666666667
"cg14810490",5,23.8095238095238
"cg14815794",2,9.52380952380952
"cg14818112",8,38.0952380952381
"cg14818609",5,23.8095238095238
"cg14818653",5,23.8095238095238
"cg14820240",1,4.76190476190476
"cg14820656",4,19.047619047619
"cg14824190",1,4.76190476190476
"cg14824542",9,42.8571428571429
"cg14831325",2,9.52380952380952
"cg14831922",3,14.2857142857143
"cg14832490",8,38.0952380952381
"cg14832492",2,9.52380952380952
"cg14835923",1,4.76190476190476
"cg14838562",6,28.5714285714286
"cg14838879",5,23.8095238095238
"cg14838974",1,4.76190476190476
"cg14838990",1,4.76190476190476
"cg14839713",1,4.76190476190476
"cg14843845",1,4.76190476190476
"cg14846097",3,14.2857142857143
"cg14846756",7,33.3333333333333
"cg14853312",2,9.52380952380952
"cg14855789",1,4.76190476190476
"cg14856628",1,4.76190476190476
"cg14858446",1,4.76190476190476
"cg14861097",1,4.76190476190476
"cg14863272",1,4.76190476190476
"cg14863789",2,9.52380952380952
"cg14864212",3,14.2857142857143
"cg14865186",1,4.76190476190476
"cg14865325",12,57.1428571428571
"cg14868212",1,4.76190476190476
"cg14869708",1,4.76190476190476
"cg14871524",1,4.76190476190476
"cg14872929",1,4.76190476190476
"cg14875443",2,9.52380952380952
"cg14878279",2,9.52380952380952
"cg14882223",1,4.76190476190476
"cg14882238",15,71.4285714285714
"cg14883682",2,9.52380952380952
"cg14887449",8,38.0952380952381
"cg14888864",1,4.76190476190476
"cg14888916",1,4.76190476190476
"cg14890660",8,38.0952380952381
"cg14892518",1,4.76190476190476
"cg14898647",1,4.76190476190476
"cg14899741",6,28.5714285714286
"cg14901033",2,9.52380952380952
"cg14903321",1,4.76190476190476
"cg14904861",3,14.2857142857143
"cg14907189",8,38.0952380952381
"cg14909532",1,4.76190476190476
"cg14912375",1,4.76190476190476
"cg14913178",12,57.1428571428571
"cg14914706",1,4.76190476190476
"cg14916607",2,9.52380952380952
"cg14916913",12,57.1428571428571
"cg14917963",2,9.52380952380952
"cg14919595",1,4.76190476190476
"cg14924122",1,4.76190476190476
"cg14924906",5,23.8095238095238
"cg14925383",2,9.52380952380952
"cg14926625",2,9.52380952380952
"cg14931215",7,33.3333333333333
"cg14935726",5,23.8095238095238
"cg14937128",1,4.76190476190476
"cg14942916",5,23.8095238095238
"cg14944003",1,4.76190476190476
"cg14945052",8,38.0952380952381
"cg14947733",1,4.76190476190476
"cg14948173",3,14.2857142857143
"cg14952037",1,4.76190476190476
"cg14957850",1,4.76190476190476
"cg14960124",1,4.76190476190476
"cg14965244",7,33.3333333333333
"cg14965546",8,38.0952380952381
"cg14966347",1,4.76190476190476
"cg14967618",1,4.76190476190476
"cg14970481",1,4.76190476190476
"cg14971026",6,28.5714285714286
"cg14971470",12,57.1428571428571
"cg14972466",4,19.047619047619
"cg14974622",2,9.52380952380952
"cg14977018",1,4.76190476190476
"cg14981650",1,4.76190476190476
"cg14981711",1,4.76190476190476
"cg14981978",1,4.76190476190476
"cg14986009",6,28.5714285714286
"cg14989105",17,80.9523809523809
"cg14992160",2,9.52380952380952
"cg14994604",1,4.76190476190476
"cg14995018",1,4.76190476190476
"cg14995055",1,4.76190476190476
"cg14996640",3,14.2857142857143
"cg14996767",1,4.76190476190476
"cg14998086",4,19.047619047619
"cg14998506",1,4.76190476190476
"cg14999189",1,4.76190476190476
"cg14999623",2,9.52380952380952
"cg15001701",13,61.9047619047619
"cg15002115",1,4.76190476190476
"cg15005754",6,28.5714285714286
"cg15006455",1,4.76190476190476
"cg15008977",7,33.3333333333333
"cg15009835",4,19.047619047619
"cg15014137",1,4.76190476190476
"cg15018447",8,38.0952380952381
"cg15018620",5,23.8095238095238
"cg15021238",1,4.76190476190476
"cg15021680",2,9.52380952380952
"cg15022791",1,4.76190476190476
"cg15028992",1,4.76190476190476
"cg15032048",9,42.8571428571429
"cg15036284",3,14.2857142857143
"cg15041044",1,4.76190476190476
"cg15041567",2,9.52380952380952
"cg15043548",1,4.76190476190476
"cg15044010",1,4.76190476190476
"cg15044493",1,4.76190476190476
"cg15045033",4,19.047619047619
"cg15047198",1,4.76190476190476
"cg15049938",1,4.76190476190476
"cg15054466",2,9.52380952380952
"cg15056802",4,19.047619047619
"cg15058431",1,4.76190476190476
"cg15058582",1,4.76190476190476
"cg15059204",1,4.76190476190476
"cg15059288",1,4.76190476190476
"cg15059553",7,33.3333333333333
"cg15060501",4,19.047619047619
"cg15062808",10,47.6190476190476
"cg15063568",11,52.3809523809524
"cg15065396",7,33.3333333333333
"cg15066885",2,9.52380952380952
"cg15071029",3,14.2857142857143
"cg15074442",2,9.52380952380952
"cg15074838",2,9.52380952380952
"cg15076998",5,23.8095238095238
"cg15079491",5,23.8095238095238
"cg15079846",1,4.76190476190476
"cg15080779",1,4.76190476190476
"cg15082166",3,14.2857142857143
"cg15085844",4,19.047619047619
"cg15086520",1,4.76190476190476
"cg15086594",1,4.76190476190476
"cg15086650",2,9.52380952380952
"cg15087341",12,57.1428571428571
"cg15088553",1,4.76190476190476
"cg15089157",3,14.2857142857143
"cg15090331",2,9.52380952380952
"cg15090426",1,4.76190476190476
"cg15091898",1,4.76190476190476
"cg15097444",11,52.3809523809524
"cg15098922",1,4.76190476190476
"cg15099450",1,4.76190476190476
"cg15102027",10,47.6190476190476
"cg15102178",16,76.1904761904762
"cg15102202",15,71.4285714285714
"cg15104314",3,14.2857142857143
"cg15107243",2,9.52380952380952
"cg15107887",1,4.76190476190476
"cg15108060",5,23.8095238095238
"cg15109916",4,19.047619047619
"cg15110878",5,23.8095238095238
"cg15111400",3,14.2857142857143
"cg15113886",1,4.76190476190476
"cg15114753",2,9.52380952380952
"cg15114982",2,9.52380952380952
"cg15115365",2,9.52380952380952
"cg15115757",1,4.76190476190476
"cg15116103",2,9.52380952380952
"cg15116180",11,52.3809523809524
"cg15116962",7,33.3333333333333
"cg15117044",4,19.047619047619
"cg15118754",13,61.9047619047619
"cg15119735",2,9.52380952380952
"cg15120823",5,23.8095238095238
"cg15121811",4,19.047619047619
"cg15121827",1,4.76190476190476
"cg15122786",12,57.1428571428571
"cg15124173",4,19.047619047619
"cg15124204",1,4.76190476190476
"cg15127536",3,14.2857142857143
"cg15128003",2,9.52380952380952
"cg15129653",2,9.52380952380952
"cg15130415",2,9.52380952380952
"cg15130866",6,28.5714285714286
"cg15131202",1,4.76190476190476
"cg15135904",8,38.0952380952381
"cg15141401",5,23.8095238095238
"cg15142278",1,4.76190476190476
"cg15146570",1,4.76190476190476
"cg15147326",1,4.76190476190476
"cg15153913",1,4.76190476190476
"cg15154546",1,4.76190476190476
"cg15155058",11,52.3809523809524
"cg15158317",1,4.76190476190476
"cg15162316",2,9.52380952380952
"cg15163887",5,23.8095238095238
"cg15167105",6,28.5714285714286
"cg15167392",3,14.2857142857143
"cg15167406",1,4.76190476190476
"cg15168017",1,4.76190476190476
"cg15169732",1,4.76190476190476
"cg15172885",4,19.047619047619
"cg15173877",1,4.76190476190476
"cg15175135",7,33.3333333333333
"cg15175599",1,4.76190476190476
"cg15176543",3,14.2857142857143
"cg15180421",1,4.76190476190476
"cg15181975",6,28.5714285714286
"cg15182059",2,9.52380952380952
"cg15184043",1,4.76190476190476
"cg15186996",3,14.2857142857143
"cg15194131",1,4.76190476190476
"cg15194638",1,4.76190476190476
"cg15197499",5,23.8095238095238
"cg15202874",2,9.52380952380952
"cg15205153",4,19.047619047619
"cg15207224",12,57.1428571428571
"cg15208342",2,9.52380952380952
"cg15209133",1,4.76190476190476
"cg15209740",1,4.76190476190476
"cg15212283",5,23.8095238095238
"cg15212893",3,14.2857142857143
"cg15217306",1,4.76190476190476
"cg15217459",6,28.5714285714286
"cg15218381",1,4.76190476190476
"cg15219332",1,4.76190476190476
"cg15219905",10,47.6190476190476
"cg15221261",1,4.76190476190476
"cg15224190",2,9.52380952380952
"cg15225071",9,42.8571428571429
"cg15225359",2,9.52380952380952
"cg15226357",8,38.0952380952381
"cg15227887",1,4.76190476190476
"cg15228977",1,4.76190476190476
"cg15233880",1,4.76190476190476
"cg15234083",8,38.0952380952381
"cg15234386",2,9.52380952380952
"cg15234769",1,4.76190476190476
"cg15235079",18,85.7142857142857
"cg15236145",1,4.76190476190476
"cg15241530",1,4.76190476190476
"cg15244506",5,23.8095238095238
"cg15249642",2,9.52380952380952
"cg15250471",20,95.2380952380952
"cg15252996",2,9.52380952380952
"cg15255898",4,19.047619047619
"cg15258206",13,61.9047619047619
"cg15260981",13,61.9047619047619
"cg15264491",1,4.76190476190476
"cg15264555",3,14.2857142857143
"cg15265092",5,23.8095238095238
"cg15268162",8,38.0952380952381
"cg15268191",1,4.76190476190476
"cg15270164",1,4.76190476190476
"cg15270273",1,4.76190476190476
"cg15271001",2,9.52380952380952
"cg15272737",1,4.76190476190476
"cg15273847",1,4.76190476190476
"cg15273954",5,23.8095238095238
"cg15278412",2,9.52380952380952
"cg15280056",1,4.76190476190476
"cg15281205",6,28.5714285714286
"cg15282703",2,9.52380952380952
"cg15283555",1,4.76190476190476
"cg15284545",1,4.76190476190476
"cg15288980",2,9.52380952380952
"cg15293439",4,19.047619047619
"cg15296799",7,33.3333333333333
"cg15298179",3,14.2857142857143
"cg15299477",2,9.52380952380952
"cg15302341",1,4.76190476190476
"cg15305552",9,42.8571428571429
"cg15306362",2,9.52380952380952
"cg15308129",1,4.76190476190476
"cg15308688",3,14.2857142857143
"cg15311956",1,4.76190476190476
"cg15313532",1,4.76190476190476
"cg15314470",7,33.3333333333333
"cg15314797",4,19.047619047619
"cg15315711",1,4.76190476190476
"cg15317104",5,23.8095238095238
"cg15318697",1,4.76190476190476
"cg15321426",5,23.8095238095238
"cg15324463",1,4.76190476190476
"cg15325044",3,14.2857142857143
"cg15326316",1,4.76190476190476
"cg15326346",1,4.76190476190476
"cg15329860",5,23.8095238095238
"cg15332264",3,14.2857142857143
"cg15333490",1,4.76190476190476
"cg15336243",1,4.76190476190476
"cg15339218",5,23.8095238095238
"cg15340172",5,23.8095238095238
"cg15340505",4,19.047619047619
"cg15341874",2,9.52380952380952
"cg15343157",1,4.76190476190476
"cg15343405",8,38.0952380952381
"cg15343627",6,28.5714285714286
"cg15344575",1,4.76190476190476
"cg15345074",4,19.047619047619
"cg15348256",1,4.76190476190476
"cg15350946",1,4.76190476190476
"cg15353666",1,4.76190476190476
"cg15354141",1,4.76190476190476
"cg15354877",1,4.76190476190476
"cg15355590",2,9.52380952380952
"cg15357273",1,4.76190476190476
"cg15359342",3,14.2857142857143
"cg15364224",8,38.0952380952381
"cg15368817",1,4.76190476190476
"cg15369976",1,4.76190476190476
"cg15374193",3,14.2857142857143
"cg15375051",11,52.3809523809524
"cg15382620",1,4.76190476190476
"cg15383516",5,23.8095238095238
"cg15386555",1,4.76190476190476
"cg15389801",4,19.047619047619
"cg15390650",1,4.76190476190476
"cg15392097",1,4.76190476190476
"cg15392326",5,23.8095238095238
"cg15393390",1,4.76190476190476
"cg15394321",1,4.76190476190476
"cg15396434",1,4.76190476190476
"cg15397106",2,9.52380952380952
"cg15399941",1,4.76190476190476
"cg15400074",2,9.52380952380952
"cg15401578",2,9.52380952380952
"cg15404093",1,4.76190476190476
"cg15405059",16,76.1904761904762
"cg15406952",4,19.047619047619
"cg15407766",7,33.3333333333333
"cg15409136",5,23.8095238095238
"cg15410088",1,4.76190476190476
"cg15410402",5,23.8095238095238
"cg15410936",1,4.76190476190476
"cg15411781",3,14.2857142857143
"cg15412270",1,4.76190476190476
"cg15413136",1,4.76190476190476
"cg15413137",1,4.76190476190476
"cg15413828",8,38.0952380952381
"cg15413934",1,4.76190476190476
"cg15415299",3,14.2857142857143
"cg15421338",2,9.52380952380952
"cg15422451",1,4.76190476190476
"cg15422563",17,80.9523809523809
"cg15422579",3,14.2857142857143
"cg15423200",4,19.047619047619
"cg15424570",3,14.2857142857143
"cg15427867",1,4.76190476190476
"cg15428602",1,4.76190476190476
"cg15428654",1,4.76190476190476
"cg15429012",1,4.76190476190476
"cg15429127",6,28.5714285714286
"cg15435143",9,42.8571428571429
"cg15435689",6,28.5714285714286
"cg15436429",2,9.52380952380952
"cg15439543",2,9.52380952380952
"cg15439755",1,4.76190476190476
"cg15440402",4,19.047619047619
"cg15443266",4,19.047619047619
"cg15443378",1,4.76190476190476
"cg15447127",1,4.76190476190476
"cg15448683",2,9.52380952380952
"cg15449297",1,4.76190476190476
"cg15450160",11,52.3809523809524
"cg15451433",1,4.76190476190476
"cg15452691",1,4.76190476190476
"cg15457495",1,4.76190476190476
"cg15460318",3,14.2857142857143
"cg15460512",3,14.2857142857143
"cg15462090",3,14.2857142857143
"cg15462896",1,4.76190476190476
"cg15463900",1,4.76190476190476
"cg15468755",5,23.8095238095238
"cg15473360",1,4.76190476190476
"cg15473990",1,4.76190476190476
"cg15474411",4,19.047619047619
"cg15474740",1,4.76190476190476
"cg15476623",1,4.76190476190476
"cg15478128",6,28.5714285714286
"cg15480053",9,42.8571428571429
"cg15481858",1,4.76190476190476
"cg15482351",17,80.9523809523809
"cg15482884",1,4.76190476190476
"cg15484217",9,42.8571428571429
"cg15484354",1,4.76190476190476
"cg15486789",1,4.76190476190476
"cg15488333",2,9.52380952380952
"cg15488736",3,14.2857142857143
"cg15488996",2,9.52380952380952
"cg15491263",1,4.76190476190476
"cg15491765",1,4.76190476190476
"cg15494354",7,33.3333333333333
"cg15494827",4,19.047619047619
"cg15495633",3,14.2857142857143
"cg15496974",4,19.047619047619
"cg15503220",1,4.76190476190476
"cg15507567",1,4.76190476190476
"cg15507942",1,4.76190476190476
"cg15508377",1,4.76190476190476
"cg15508413",1,4.76190476190476
"cg15510170",13,61.9047619047619
"cg15510386",1,4.76190476190476
"cg15512111",3,14.2857142857143
"cg15518186",2,9.52380952380952
"cg15519065",1,4.76190476190476
"cg15519318",6,28.5714285714286
"cg15528164",4,19.047619047619
"cg15528879",9,42.8571428571429
"cg15530717",1,4.76190476190476
"cg15531299",10,47.6190476190476
"cg15531988",1,4.76190476190476
"cg15535282",6,28.5714285714286
"cg15536413",3,14.2857142857143
"cg15536804",1,4.76190476190476
"cg15540862",3,14.2857142857143
"cg15542695",6,28.5714285714286
"cg15544606",5,23.8095238095238
"cg15546412",1,4.76190476190476
"cg15547764",5,23.8095238095238
"cg15551646",4,19.047619047619
"cg15552091",2,9.52380952380952
"cg15552500",4,19.047619047619
"cg15554885",1,4.76190476190476
"cg15555507",2,9.52380952380952
"cg15557369",1,4.76190476190476
"cg15557693",2,9.52380952380952
"cg15560047",1,4.76190476190476
"cg15561527",1,4.76190476190476
"cg15563114",5,23.8095238095238
"cg15563434",4,19.047619047619
"cg15564120",7,33.3333333333333
"cg15564657",2,9.52380952380952
"cg15566150",2,9.52380952380952
"cg15568022",4,19.047619047619
"cg15568074",3,14.2857142857143
"cg15568276",2,9.52380952380952
"cg15568387",1,4.76190476190476
"cg15569785",1,4.76190476190476
"cg15571147",2,9.52380952380952
"cg15574961",1,4.76190476190476
"cg15576436",1,4.76190476190476
"cg15576743",3,14.2857142857143
"cg15579748",1,4.76190476190476
"cg15581201",1,4.76190476190476
"cg15582479",7,33.3333333333333
"cg15583291",1,4.76190476190476
"cg15585704",1,4.76190476190476
"cg15586034",3,14.2857142857143
"cg15586755",1,4.76190476190476
"cg15586953",1,4.76190476190476
"cg15587640",1,4.76190476190476
"cg15587998",2,9.52380952380952
"cg15588486",1,4.76190476190476
"cg15591634",3,14.2857142857143
"cg15596566",2,9.52380952380952
"cg15598182",5,23.8095238095238
"cg15602162",6,28.5714285714286
"cg15602215",2,9.52380952380952
"cg15604919",1,4.76190476190476
"cg15607551",1,4.76190476190476
"cg15608090",1,4.76190476190476
"cg15608407",2,9.52380952380952
"cg15608766",1,4.76190476190476
"cg15610311",1,4.76190476190476
"cg15611164",1,4.76190476190476
"cg15611764",2,9.52380952380952
"cg15616269",1,4.76190476190476
"cg15617837",3,14.2857142857143
"cg15620469",1,4.76190476190476
"cg15620908",1,4.76190476190476
"cg15622655",1,4.76190476190476
"cg15625392",2,9.52380952380952
"cg15626670",2,9.52380952380952
"cg15627170",3,14.2857142857143
"cg15627300",1,4.76190476190476
"cg15630701",1,4.76190476190476
"cg15630989",1,4.76190476190476
"cg15633878",1,4.76190476190476
"cg15635622",1,4.76190476190476
"cg15635867",1,4.76190476190476
"cg15639174",8,38.0952380952381
"cg15650568",2,9.52380952380952
"cg15651174",7,33.3333333333333
"cg15651465",1,4.76190476190476
"cg15651927",16,76.1904761904762
"cg15654720",3,14.2857142857143
"cg15655752",1,4.76190476190476
"cg15659297",2,9.52380952380952
"cg15661030",4,19.047619047619
"cg15662272",5,23.8095238095238
"cg15668967",4,19.047619047619
"cg15672120",1,4.76190476190476
"cg15672365",5,23.8095238095238
"cg15672867",1,4.76190476190476
"cg15673913",1,4.76190476190476
"cg15674557",19,90.4761904761905
"cg15675290",1,4.76190476190476
"cg15677188",13,61.9047619047619
"cg15677797",6,28.5714285714286
"cg15678428",19,90.4761904761905
"cg15678685",2,9.52380952380952
"cg15679282",1,4.76190476190476
"cg15680365",4,19.047619047619
"cg15680999",3,14.2857142857143
"cg15682993",5,23.8095238095238
"cg15685499",1,4.76190476190476
"cg15686096",7,33.3333333333333
"cg15686123",10,47.6190476190476
"cg15688280",2,9.52380952380952
"cg15690024",3,14.2857142857143
"cg15690995",1,4.76190476190476
"cg15693126",1,4.76190476190476
"cg15694704",1,4.76190476190476
"cg15695055",1,4.76190476190476
"cg15699121",5,23.8095238095238
"cg15699875",9,42.8571428571429
"cg15700313",1,4.76190476190476
"cg15700967",6,28.5714285714286
"cg15705083",1,4.76190476190476
"cg15705487",2,9.52380952380952
"cg15707816",4,19.047619047619
"cg15712372",2,9.52380952380952
"cg15713512",1,4.76190476190476
"cg15715705",1,4.76190476190476
"cg15716289",1,4.76190476190476
"cg15716324",11,52.3809523809524
"cg15718555",1,4.76190476190476
"cg15720594",1,4.76190476190476
"cg15722196",6,28.5714285714286
"cg15722650",1,4.76190476190476
"cg15723690",1,4.76190476190476
"cg15723915",2,9.52380952380952
"cg15724789",3,14.2857142857143
"cg15725873",1,4.76190476190476
"cg15727777",2,9.52380952380952
"cg15729667",2,9.52380952380952
"cg15731296",1,4.76190476190476
"cg15731797",1,4.76190476190476
"cg15735483",1,4.76190476190476
"cg15736360",1,4.76190476190476
"cg15742874",12,57.1428571428571
"cg15743724",2,9.52380952380952
"cg15744368",1,4.76190476190476
"cg15745056",1,4.76190476190476
"cg15745461",2,9.52380952380952
"cg15746461",7,33.3333333333333
"cg15747531",1,4.76190476190476
"cg15747671",2,9.52380952380952
"cg15748240",3,14.2857142857143
"cg15749032",1,4.76190476190476
"cg15749858",1,4.76190476190476
"cg15753122",1,4.76190476190476
"cg15756430",2,9.52380952380952
"cg15756601",4,19.047619047619
"cg15757924",2,9.52380952380952
"cg15760630",2,9.52380952380952
"cg15767233",1,4.76190476190476
"cg15772189",1,4.76190476190476
"cg15778107",9,42.8571428571429
"cg15778843",1,4.76190476190476
"cg15778860",1,4.76190476190476
"cg15779230",1,4.76190476190476
"cg15781366",3,14.2857142857143
"cg15782180",3,14.2857142857143
"cg15783011",2,9.52380952380952
"cg15787361",4,19.047619047619
"cg15788042",1,4.76190476190476
"cg15794778",4,19.047619047619
"cg15800360",1,4.76190476190476
"cg15802792",2,9.52380952380952
"cg15804774",7,33.3333333333333
"cg15806890",2,9.52380952380952
"cg15806989",1,4.76190476190476
"cg15807633",1,4.76190476190476
"cg15812390",1,4.76190476190476
"cg15812563",1,4.76190476190476
"cg15814995",8,38.0952380952381
"cg15816615",1,4.76190476190476
"cg15819894",7,33.3333333333333
"cg15822414",2,9.52380952380952
"cg15823896",4,19.047619047619
"cg15825109",3,14.2857142857143
"cg15825187",1,4.76190476190476
"cg15825819",4,19.047619047619
"cg15826089",4,19.047619047619
"cg15828454",2,9.52380952380952
"cg15829814",2,9.52380952380952
"cg15831769",1,4.76190476190476
"cg15832270",2,9.52380952380952
"cg15838333",1,4.76190476190476
"cg15841438",7,33.3333333333333
"cg15841445",8,38.0952380952381
"cg15842006",3,14.2857142857143
"cg15844653",1,4.76190476190476
"cg15847240",2,9.52380952380952
"cg15849275",2,9.52380952380952
"cg15851706",2,9.52380952380952
"cg15851958",6,28.5714285714286
"cg15858119",3,14.2857142857143
"cg15859721",7,33.3333333333333
"cg15860633",1,4.76190476190476
"cg15864152",2,9.52380952380952
"cg15865010",1,4.76190476190476
"cg15866333",2,9.52380952380952
"cg15866961",1,4.76190476190476
"cg15867800",14,66.6666666666667
"cg15868955",1,4.76190476190476
"cg15873126",1,4.76190476190476
"cg15874425",1,4.76190476190476
"cg15874623",2,9.52380952380952
"cg15874770",1,4.76190476190476
"cg15878673",2,9.52380952380952
"cg15883070",4,19.047619047619
"cg15883239",2,9.52380952380952
"cg15884546",1,4.76190476190476
"cg15890527",2,9.52380952380952
"cg15891645",6,28.5714285714286
"cg15893042",1,4.76190476190476
"cg15893340",1,4.76190476190476
"cg15894389",1,4.76190476190476
"cg15899840",1,4.76190476190476
"cg15907797",1,4.76190476190476
"cg15908236",3,14.2857142857143
"cg15909906",6,28.5714285714286
"cg15915583",1,4.76190476190476
"cg15917968",1,4.76190476190476
"cg15918608",2,9.52380952380952
"cg15921833",1,4.76190476190476
"cg15922948",2,9.52380952380952
"cg15924470",1,4.76190476190476
"cg15924527",3,14.2857142857143
"cg15929069",1,4.76190476190476
"cg15929261",1,4.76190476190476
"cg15930283",2,9.52380952380952
"cg15940337",1,4.76190476190476
"cg15943967",2,9.52380952380952
"cg15945448",2,9.52380952380952
"cg15945942",2,9.52380952380952
"cg15946325",15,71.4285714285714
"cg15947513",1,4.76190476190476
"cg15949108",1,4.76190476190476
"cg15949433",17,80.9523809523809
"cg15950626",1,4.76190476190476
"cg15951199",1,4.76190476190476
"cg15951853",3,14.2857142857143
"cg15952086",6,28.5714285714286
"cg15952948",3,14.2857142857143
"cg15955818",2,9.52380952380952
"cg15955909",2,9.52380952380952
"cg15956434",2,9.52380952380952
"cg15956490",1,4.76190476190476
"cg15959311",1,4.76190476190476
"cg15964092",4,19.047619047619
"cg15964359",1,4.76190476190476
"cg15967253",2,9.52380952380952
"cg15967638",6,28.5714285714286
"cg15970267",3,14.2857142857143
"cg15972185",1,4.76190476190476
"cg15972864",2,9.52380952380952
"cg15974196",2,9.52380952380952
"cg15975187",2,9.52380952380952
"cg15975554",1,4.76190476190476
"cg15975832",1,4.76190476190476
"cg15979150",1,4.76190476190476
"cg15980584",1,4.76190476190476
"cg15981871",1,4.76190476190476
"cg15982298",1,4.76190476190476
"cg15984808",2,9.52380952380952
"cg15985323",4,19.047619047619
"cg15989077",2,9.52380952380952
"cg15989101",2,9.52380952380952
"cg15993778",2,9.52380952380952
"cg15993852",1,4.76190476190476
"cg15997977",10,47.6190476190476
"cg16000637",2,9.52380952380952
"cg16000876",15,71.4285714285714
"cg16002509",2,9.52380952380952
"cg16004350",1,4.76190476190476
"cg16004486",1,4.76190476190476
"cg16006133",11,52.3809523809524
"cg16006354",6,28.5714285714286
"cg16009306",1,4.76190476190476
"cg16009398",4,19.047619047619
"cg16009403",2,9.52380952380952
"cg16010122",8,38.0952380952381
"cg16013888",1,4.76190476190476
"cg16014492",1,4.76190476190476
"cg16015102",3,14.2857142857143
"cg16015362",2,9.52380952380952
"cg16015816",1,4.76190476190476
"cg16016583",8,38.0952380952381
"cg16017181",6,28.5714285714286
"cg16021181",1,4.76190476190476
"cg16025186",2,9.52380952380952
"cg16027412",1,4.76190476190476
"cg16027727",1,4.76190476190476
"cg16034991",1,4.76190476190476
"cg16039576",8,38.0952380952381
"cg16040564",1,4.76190476190476
"cg16041720",1,4.76190476190476
"cg16051415",1,4.76190476190476
"cg16051431",1,4.76190476190476
"cg16054606",1,4.76190476190476
"cg16054648",6,28.5714285714286
"cg16057216",5,23.8095238095238
"cg16059767",2,9.52380952380952
"cg16061336",12,57.1428571428571
"cg16063833",1,4.76190476190476
"cg16066430",3,14.2857142857143
"cg16074241",2,9.52380952380952
"cg16078090",2,9.52380952380952
"cg16083651",4,19.047619047619
"cg16084893",11,52.3809523809524
"cg16085754",2,9.52380952380952
"cg16087216",1,4.76190476190476
"cg16087267",1,4.76190476190476
"cg16089678",1,4.76190476190476
"cg16090534",14,66.6666666666667
"cg16092347",8,38.0952380952381
"cg16093891",8,38.0952380952381
"cg16095660",5,23.8095238095238
"cg16096084",4,19.047619047619
"cg16097834",2,9.52380952380952
"cg16103085",1,4.76190476190476
"cg16103098",2,9.52380952380952
"cg16106550",10,47.6190476190476
"cg16107764",3,14.2857142857143
"cg16108817",5,23.8095238095238
"cg16112264",6,28.5714285714286
"cg16112278",1,4.76190476190476
"cg16112855",1,4.76190476190476
"cg16112922",1,4.76190476190476
"cg16112924",3,14.2857142857143
"cg16122750",1,4.76190476190476
"cg16125218",1,4.76190476190476
"cg16127119",11,52.3809523809524
"cg16127349",1,4.76190476190476
"cg16129513",16,76.1904761904762
"cg16131342",1,4.76190476190476
"cg16136068",1,4.76190476190476
"cg16137250",1,4.76190476190476
"cg16138839",1,4.76190476190476
"cg16140060",1,4.76190476190476
"cg16142906",1,4.76190476190476
"cg16142987",1,4.76190476190476
"cg16143430",9,42.8571428571429
"cg16144616",3,14.2857142857143
"cg16148491",9,42.8571428571429
"cg16149279",12,57.1428571428571
"cg16150446",1,4.76190476190476
"cg16151305",10,47.6190476190476
"cg16151567",1,4.76190476190476
"cg16152613",2,9.52380952380952
"cg16155207",1,4.76190476190476
"cg16158408",3,14.2857142857143
"cg16160714",3,14.2857142857143
"cg16163168",9,42.8571428571429
"cg16165404",2,9.52380952380952
"cg16167043",1,4.76190476190476
"cg16169328",8,38.0952380952381
"cg16173443",12,57.1428571428571
"cg16175009",1,4.76190476190476
"cg16175713",1,4.76190476190476
"cg16177573",1,4.76190476190476
"cg16180657",1,4.76190476190476
"cg16181859",1,4.76190476190476
"cg16184940",1,4.76190476190476
"cg16185345",1,4.76190476190476
"cg16185742",3,14.2857142857143
"cg16187090",1,4.76190476190476
"cg16187121",1,4.76190476190476
"cg16189218",1,4.76190476190476
"cg16189999",11,52.3809523809524
"cg16192751",1,4.76190476190476
"cg16193557",2,9.52380952380952
"cg16193862",3,14.2857142857143
"cg16194273",4,19.047619047619
"cg16195656",2,9.52380952380952
"cg16195933",1,4.76190476190476
"cg16196696",1,4.76190476190476
"cg16203592",13,61.9047619047619
"cg16203674",2,9.52380952380952
"cg16205434",10,47.6190476190476
"cg16210939",2,9.52380952380952
"cg16211660",18,85.7142857142857
"cg16212053",3,14.2857142857143
"cg16214148",1,4.76190476190476
"cg16215947",11,52.3809523809524
"cg16218561",1,4.76190476190476
"cg16222655",1,4.76190476190476
"cg16223109",1,4.76190476190476
"cg16224321",4,19.047619047619
"cg16224962",3,14.2857142857143
"cg16226445",1,4.76190476190476
"cg16229154",3,14.2857142857143
"cg16233400",16,76.1904761904762
"cg16233796",1,4.76190476190476
"cg16237063",2,9.52380952380952
"cg16242106",1,4.76190476190476
"cg16248432",1,4.76190476190476
"cg16252448",2,9.52380952380952
"cg16253870",1,4.76190476190476
"cg16256889",10,47.6190476190476
"cg16257091",1,4.76190476190476
"cg16260012",2,9.52380952380952
"cg16263179",4,19.047619047619
"cg16264373",1,4.76190476190476
"cg16267624",1,4.76190476190476
"cg16267913",2,9.52380952380952
"cg16271254",15,71.4285714285714
"cg16271263",1,4.76190476190476
"cg16271453",1,4.76190476190476
"cg16272310",1,4.76190476190476
"cg16274532",10,47.6190476190476
"cg16275082",5,23.8095238095238
"cg16275083",5,23.8095238095238
"cg16277040",1,4.76190476190476
"cg16277922",5,23.8095238095238
"cg16278304",1,4.76190476190476
"cg16279676",1,4.76190476190476
"cg16279810",1,4.76190476190476
"cg16281109",8,38.0952380952381
"cg16284053",1,4.76190476190476
"cg16288617",1,4.76190476190476
"cg16290021",7,33.3333333333333
"cg16292782",7,33.3333333333333
"cg16296210",1,4.76190476190476
"cg16298118",6,28.5714285714286
"cg16299898",9,42.8571428571429
"cg16306066",3,14.2857142857143
"cg16306252",5,23.8095238095238
"cg16307918",5,23.8095238095238
"cg16311685",1,4.76190476190476
"cg16312689",1,4.76190476190476
"cg16313353",2,9.52380952380952
"cg16314982",6,28.5714285714286
"cg16315992",1,4.76190476190476
"cg16317571",6,28.5714285714286
"cg16322006",2,9.52380952380952
"cg16327381",5,23.8095238095238
"cg16327885",3,14.2857142857143
"cg16331492",1,4.76190476190476
"cg16334456",1,4.76190476190476
"cg16337930",1,4.76190476190476
"cg16340532",2,9.52380952380952
"cg16341483",2,9.52380952380952
"cg16342049",1,4.76190476190476
"cg16343503",1,4.76190476190476
"cg16345699",7,33.3333333333333
"cg16347289",2,9.52380952380952
"cg16349594",2,9.52380952380952
"cg16350494",1,4.76190476190476
"cg16351109",6,28.5714285714286
"cg16351679",4,19.047619047619
"cg16354326",1,4.76190476190476
"cg16354694",6,28.5714285714286
"cg16359401",1,4.76190476190476
"cg16362173",1,4.76190476190476
"cg16367518",1,4.76190476190476
"cg16372194",14,66.6666666666667
"cg16373938",4,19.047619047619
"cg16380053",1,4.76190476190476
"cg16381753",1,4.76190476190476
"cg16382999",1,4.76190476190476
"cg16384688",1,4.76190476190476
"cg16391418",1,4.76190476190476
"cg16396396",2,9.52380952380952
"cg16399933",1,4.76190476190476
"cg16403360",1,4.76190476190476
"cg16407901",12,57.1428571428571
"cg16411695",8,38.0952380952381
"cg16415999",1,4.76190476190476
"cg16416485",4,19.047619047619
"cg16419291",1,4.76190476190476
"cg16421851",15,71.4285714285714
"cg16422892",2,9.52380952380952
"cg16425917",4,19.047619047619
"cg16427107",1,4.76190476190476
"cg16436843",2,9.52380952380952
"cg16437995",1,4.76190476190476
"cg16442670",10,47.6190476190476
"cg16443079",2,9.52380952380952
"cg16444924",14,66.6666666666667
"cg16447195",2,9.52380952380952
"cg16448423",2,9.52380952380952
"cg16450978",1,4.76190476190476
"cg16453259",1,4.76190476190476
"cg16454099",1,4.76190476190476
"cg16454212",5,23.8095238095238
"cg16454372",11,52.3809523809524
"cg16457184",2,9.52380952380952
"cg16457430",6,28.5714285714286
"cg16467444",1,4.76190476190476
"cg16469894",1,4.76190476190476
"cg16473670",15,71.4285714285714
"cg16475306",1,4.76190476190476
"cg16479370",2,9.52380952380952
"cg16479707",1,4.76190476190476
"cg16479763",7,33.3333333333333
"cg16479910",3,14.2857142857143
"cg16484281",8,38.0952380952381
"cg16484499",5,23.8095238095238
"cg16485076",9,42.8571428571429
"cg16486059",1,4.76190476190476
"cg16487367",1,4.76190476190476
"cg16491062",1,4.76190476190476
"cg16491233",1,4.76190476190476
"cg16493844",1,4.76190476190476
"cg16495758",1,4.76190476190476
"cg16497714",1,4.76190476190476
"cg16501628",1,4.76190476190476
"cg16506983",1,4.76190476190476
"cg16512842",1,4.76190476190476
"cg16514085",7,33.3333333333333
"cg16514954",2,9.52380952380952
"cg16515847",2,9.52380952380952
"cg16518008",4,19.047619047619
"cg16519678",1,4.76190476190476
"cg16529999",7,33.3333333333333
"cg16531222",2,9.52380952380952
"cg16531903",3,14.2857142857143
"cg16533028",7,33.3333333333333
"cg16533050",1,4.76190476190476
"cg16533627",1,4.76190476190476
"cg16534154",6,28.5714285714286
"cg16540981",1,4.76190476190476
"cg16542617",1,4.76190476190476
"cg16546551",10,47.6190476190476
"cg16546635",4,19.047619047619
"cg16546758",4,19.047619047619
"cg16547625",5,23.8095238095238
"cg16549277",5,23.8095238095238
"cg16550291",1,4.76190476190476
"cg16551624",1,4.76190476190476
"cg16551628",2,9.52380952380952
"cg16551765",1,4.76190476190476
"cg16553389",17,80.9523809523809
"cg16556732",1,4.76190476190476
"cg16559374",7,33.3333333333333
"cg16561226",5,23.8095238095238
"cg16561973",1,4.76190476190476
"cg16562589",6,28.5714285714286
"cg16562709",1,4.76190476190476
"cg16563488",6,28.5714285714286
"cg16565667",5,23.8095238095238
"cg16566823",1,4.76190476190476
"cg16567023",4,19.047619047619
"cg16571311",2,9.52380952380952
"cg16571880",1,4.76190476190476
"cg16572410",1,4.76190476190476
"cg16572601",1,4.76190476190476
"cg16576302",2,9.52380952380952
"cg16577533",1,4.76190476190476
"cg16577593",1,4.76190476190476
"cg16579185",4,19.047619047619
"cg16581747",5,23.8095238095238
"cg16583375",1,4.76190476190476
"cg16586182",2,9.52380952380952
"cg16587750",11,52.3809523809524
"cg16588071",2,9.52380952380952
"cg16588591",13,61.9047619047619
"cg16589941",5,23.8095238095238
"cg16589953",12,57.1428571428571
"cg16589970",17,80.9523809523809
"cg16590635",1,4.76190476190476
"cg16593845",1,4.76190476190476
"cg16599577",7,33.3333333333333
"cg16599590",1,4.76190476190476
"cg16600059",1,4.76190476190476
"cg16601590",3,14.2857142857143
"cg16604118",9,42.8571428571429
"cg16607180",1,4.76190476190476
"cg16610372",3,14.2857142857143
"cg16611131",1,4.76190476190476
"cg16611800",2,9.52380952380952
"cg16614778",1,4.76190476190476
"cg16614878",3,14.2857142857143
"cg16616957",1,4.76190476190476
"cg16617293",15,71.4285714285714
"cg16618226",1,4.76190476190476
"cg16620263",9,42.8571428571429
"cg16620765",2,9.52380952380952
"cg16626343",1,4.76190476190476
"cg16630085",1,4.76190476190476
"cg16631133",4,19.047619047619
"cg16632292",1,4.76190476190476
"cg16635176",3,14.2857142857143
"cg16635945",1,4.76190476190476
"cg16636330",10,47.6190476190476
"cg16637554",2,9.52380952380952
"cg16637738",3,14.2857142857143
"cg16640630",1,4.76190476190476
"cg16641122",6,28.5714285714286
"cg16647139",7,33.3333333333333
"cg16647544",3,14.2857142857143
"cg16649049",5,23.8095238095238
"cg16649423",1,4.76190476190476
"cg16652695",11,52.3809523809524
"cg16653444",1,4.76190476190476
"cg16656967",8,38.0952380952381
"cg16658156",8,38.0952380952381
"cg16659298",4,19.047619047619
"cg16661415",2,9.52380952380952
"cg16663154",1,4.76190476190476
"cg16663429",1,4.76190476190476
"cg16665383",1,4.76190476190476
"cg16665654",2,9.52380952380952
"cg16667340",1,4.76190476190476
"cg16668448",2,9.52380952380952
"cg16668652",3,14.2857142857143
"cg16669394",12,57.1428571428571
"cg16669842",1,4.76190476190476
"cg16670415",5,23.8095238095238
"cg16670737",1,4.76190476190476
"cg16672940",8,38.0952380952381
"cg16673462",3,14.2857142857143
"cg16673615",1,4.76190476190476
"cg16673977",7,33.3333333333333
"cg16674582",1,4.76190476190476
"cg16682225",1,4.76190476190476
"cg16685777",1,4.76190476190476
"cg16686165",4,19.047619047619
"cg16686270",1,4.76190476190476
"cg16686317",1,4.76190476190476
"cg16689352",6,28.5714285714286
"cg16692732",2,9.52380952380952
"cg16693517",2,9.52380952380952
"cg16695410",1,4.76190476190476
"cg16697363",7,33.3333333333333
"cg16700711",1,4.76190476190476
"cg16703797",1,4.76190476190476
"cg16705172",2,9.52380952380952
"cg16705741",1,4.76190476190476
"cg16707386",1,4.76190476190476
"cg16707543",2,9.52380952380952
"cg16709020",8,38.0952380952381
"cg16710910",1,4.76190476190476
"cg16711344",1,4.76190476190476
"cg16711347",12,57.1428571428571
"cg16711350",2,9.52380952380952
"cg16711972",3,14.2857142857143
"cg16713716",2,9.52380952380952
"cg16717578",2,9.52380952380952
"cg16719267",1,4.76190476190476
"cg16719299",5,23.8095238095238
"cg16719668",1,4.76190476190476
"cg16721348",5,23.8095238095238
"cg16723991",1,4.76190476190476
"cg16724760",3,14.2857142857143
"cg16725049",1,4.76190476190476
"cg16726338",1,4.76190476190476
"cg16726519",3,14.2857142857143
"cg16726605",1,4.76190476190476
"cg16726610",2,9.52380952380952
"cg16727297",1,4.76190476190476
"cg16727867",8,38.0952380952381
"cg16728155",3,14.2857142857143
"cg16728583",7,33.3333333333333
"cg16729683",12,57.1428571428571
"cg16730020",1,4.76190476190476
"cg16734526",1,4.76190476190476
"cg16738518",4,19.047619047619
"cg16738558",1,4.76190476190476
"cg16741889",1,4.76190476190476
"cg16745283",1,4.76190476190476
"cg16746274",1,4.76190476190476
"cg16746677",1,4.76190476190476
"cg16747877",1,4.76190476190476
"cg16749150",3,14.2857142857143
"cg16755361",11,52.3809523809524
"cg16756243",2,9.52380952380952
"cg16756861",4,19.047619047619
"cg16760993",3,14.2857142857143
"cg16767322",2,9.52380952380952
"cg16773309",1,4.76190476190476
"cg16773549",3,14.2857142857143
"cg16775064",10,47.6190476190476
"cg16779787",11,52.3809523809524
"cg16780015",6,28.5714285714286
"cg16781224",1,4.76190476190476
"cg16781699",1,4.76190476190476
"cg16782059",1,4.76190476190476
"cg16782494",1,4.76190476190476
"cg16782807",3,14.2857142857143
"cg16784828",18,85.7142857142857
"cg16785953",2,9.52380952380952
"cg16786341",5,23.8095238095238
"cg16787091",6,28.5714285714286
"cg16788108",1,4.76190476190476
"cg16788433",7,33.3333333333333
"cg16788554",3,14.2857142857143
"cg16791062",12,57.1428571428571
"cg16792483",12,57.1428571428571
"cg16793662",1,4.76190476190476
"cg16794291",3,14.2857142857143
"cg16794609",1,4.76190476190476
"cg16795639",1,4.76190476190476
"cg16796091",1,4.76190476190476
"cg16801959",1,4.76190476190476
"cg16804603",1,4.76190476190476
"cg16806205",3,14.2857142857143
"cg16807727",1,4.76190476190476
"cg16809138",1,4.76190476190476
"cg16814987",1,4.76190476190476
"cg16815476",1,4.76190476190476
"cg16818357",1,4.76190476190476
"cg16820901",1,4.76190476190476
"cg16821565",1,4.76190476190476
"cg16824382",1,4.76190476190476
"cg16825934",1,4.76190476190476
"cg16827868",6,28.5714285714286
"cg16828299",2,9.52380952380952
"cg16828325",13,61.9047619047619
"cg16833432",1,4.76190476190476
"cg16834408",3,14.2857142857143
"cg16836793",1,4.76190476190476
"cg16841014",4,19.047619047619
"cg16842102",1,4.76190476190476
"cg16844962",3,14.2857142857143
"cg16847690",1,4.76190476190476
"cg16848211",2,9.52380952380952
"cg16848930",1,4.76190476190476
"cg16848991",1,4.76190476190476
"cg16852740",1,4.76190476190476
"cg16859201",1,4.76190476190476
"cg16860786",1,4.76190476190476
"cg16863190",1,4.76190476190476
"cg16865461",8,38.0952380952381
"cg16865530",9,42.8571428571429
"cg16865561",16,76.1904761904762
"cg16865630",5,23.8095238095238
"cg16865632",2,9.52380952380952
"cg16865672",6,28.5714285714286
"cg16866060",2,9.52380952380952
"cg16866203",1,4.76190476190476
"cg16866208",19,90.4761904761905
"cg16866210",1,4.76190476190476
"cg16866342",1,4.76190476190476
"cg16867962",3,14.2857142857143
"cg16868848",1,4.76190476190476
"cg16873396",6,28.5714285714286
"cg16875108",1,4.76190476190476
"cg16876540",3,14.2857142857143
"cg16877870",1,4.76190476190476
"cg16878368",1,4.76190476190476
"cg16878400",2,9.52380952380952
"cg16880314",1,4.76190476190476
"cg16881434",4,19.047619047619
"cg16884612",3,14.2857142857143
"cg16885081",8,38.0952380952381
"cg16887335",1,4.76190476190476
"cg16888705",2,9.52380952380952
"cg16888859",2,9.52380952380952
"cg16890381",3,14.2857142857143
"cg16892880",14,66.6666666666667
"cg16894143",1,4.76190476190476
"cg16894263",1,4.76190476190476
"cg16894848",1,4.76190476190476
"cg16894943",7,33.3333333333333
"cg16897518",1,4.76190476190476
"cg16897601",5,23.8095238095238
"cg16898038",1,4.76190476190476
"cg16900294",6,28.5714285714286
"cg16900851",2,9.52380952380952
"cg16901080",1,4.76190476190476
"cg16901896",1,4.76190476190476
"cg16904945",2,9.52380952380952
"cg16905509",1,4.76190476190476
"cg16906566",1,4.76190476190476
"cg16907339",1,4.76190476190476
"cg16911487",1,4.76190476190476
"cg16911845",2,9.52380952380952
"cg16912009",1,4.76190476190476
"cg16912021",3,14.2857142857143
"cg16913551",15,71.4285714285714
"cg16913838",17,80.9523809523809
"cg16915733",1,4.76190476190476
"cg16924780",4,19.047619047619
"cg16930925",1,4.76190476190476
"cg16934684",1,4.76190476190476
"cg16935517",3,14.2857142857143
"cg16942568",5,23.8095238095238
"cg16946767",1,4.76190476190476
"cg16957502",1,4.76190476190476
"cg16959692",2,9.52380952380952
"cg16961537",14,66.6666666666667
"cg16964184",1,4.76190476190476
"cg16965196",1,4.76190476190476
"cg16974345",1,4.76190476190476
"cg16977514",1,4.76190476190476
"cg16977544",2,9.52380952380952
"cg16984992",6,28.5714285714286
"cg16988145",1,4.76190476190476
"cg16988616",1,4.76190476190476
"cg16988709",1,4.76190476190476
"cg16992039",9,42.8571428571429
"cg16994693",4,19.047619047619
"cg16994790",2,9.52380952380952
"cg16994880",3,14.2857142857143
"cg16995628",9,42.8571428571429
"cg16998507",7,33.3333333333333
"cg16999099",2,9.52380952380952
"cg16999717",4,19.047619047619
"cg17003204",1,4.76190476190476
"cg17006655",1,4.76190476190476
"cg17006679",8,38.0952380952381
"cg17006841",3,14.2857142857143
"cg17007174",3,14.2857142857143
"cg17008288",1,4.76190476190476
"cg17009948",3,14.2857142857143
"cg17010705",14,66.6666666666667
"cg17012626",1,4.76190476190476
"cg17014316",8,38.0952380952381
"cg17015133",3,14.2857142857143
"cg17015310",9,42.8571428571429
"cg17017670",1,4.76190476190476
"cg17019011",19,90.4761904761905
"cg17019931",16,76.1904761904762
"cg17020056",2,9.52380952380952
"cg17020070",1,4.76190476190476
"cg17021894",1,4.76190476190476
"cg17022672",1,4.76190476190476
"cg17023395",2,9.52380952380952
"cg17023909",1,4.76190476190476
"cg17025771",1,4.76190476190476
"cg17027730",1,4.76190476190476
"cg17029177",1,4.76190476190476
"cg17029207",7,33.3333333333333
"cg17030231",1,4.76190476190476
"cg17030504",10,47.6190476190476
"cg17039262",2,9.52380952380952
"cg17044692",1,4.76190476190476
"cg17046825",1,4.76190476190476
"cg17047036",7,33.3333333333333
"cg17048634",1,4.76190476190476
"cg17049406",1,4.76190476190476
"cg17050062",4,19.047619047619
"cg17050525",1,4.76190476190476
"cg17054093",4,19.047619047619
"cg17054900",1,4.76190476190476
"cg17057647",4,19.047619047619
"cg17059447",11,52.3809523809524
"cg17061354",6,28.5714285714286
"cg17061821",1,4.76190476190476
"cg17063517",5,23.8095238095238
"cg17064296",4,19.047619047619
"cg17066415",15,71.4285714285714
"cg17066632",2,9.52380952380952
"cg17067634",1,4.76190476190476
"cg17068283",1,4.76190476190476
"cg17068512",2,9.52380952380952
"cg17069872",2,9.52380952380952
"cg17072751",1,4.76190476190476
"cg17073497",1,4.76190476190476
"cg17075402",2,9.52380952380952
"cg17075588",10,47.6190476190476
"cg17079587",4,19.047619047619
"cg17082242",2,9.52380952380952
"cg17082340",3,14.2857142857143
"cg17085774",3,14.2857142857143
"cg17087302",1,4.76190476190476
"cg17089509",4,19.047619047619
"cg17089665",1,4.76190476190476
"cg17091020",1,4.76190476190476
"cg17094356",1,4.76190476190476
"cg17094580",4,19.047619047619
"cg17096474",8,38.0952380952381
"cg17101986",16,76.1904761904762
"cg17102753",6,28.5714285714286
"cg17107246",1,4.76190476190476
"cg17107275",1,4.76190476190476
"cg17108689",1,4.76190476190476
"cg17111849",1,4.76190476190476
"cg17115812",7,33.3333333333333
"cg17118458",7,33.3333333333333
"cg17118537",1,4.76190476190476
"cg17119160",3,14.2857142857143
"cg17120900",1,4.76190476190476
"cg17125080",2,9.52380952380952
"cg17128475",13,61.9047619047619
"cg17129293",8,38.0952380952381
"cg17132972",1,4.76190476190476
"cg17133295",1,4.76190476190476
"cg17135756",1,4.76190476190476
"cg17138394",3,14.2857142857143
"cg17140034",8,38.0952380952381
"cg17140208",1,4.76190476190476
"cg17142870",2,9.52380952380952
"cg17145354",2,9.52380952380952
"cg17149558",2,9.52380952380952
"cg17150069",1,4.76190476190476
"cg17150105",1,4.76190476190476
"cg17150750",1,4.76190476190476
"cg17151951",1,4.76190476190476
"cg17153924",1,4.76190476190476
"cg17154170",5,23.8095238095238
"cg17155651",9,42.8571428571429
"cg17155811",1,4.76190476190476
"cg17156998",2,9.52380952380952
"cg17157946",2,9.52380952380952
"cg17158185",1,4.76190476190476
"cg17158595",2,9.52380952380952
"cg17160437",1,4.76190476190476
"cg17161025",17,80.9523809523809
"cg17161270",2,9.52380952380952
"cg17161397",5,23.8095238095238
"cg17163163",3,14.2857142857143
"cg17163830",3,14.2857142857143
"cg17164117",4,19.047619047619
"cg17164498",1,4.76190476190476
"cg17164827",1,4.76190476190476
"cg17170463",1,4.76190476190476
"cg17173542",2,9.52380952380952
"cg17173639",5,23.8095238095238
"cg17174363",1,4.76190476190476
"cg17174775",1,4.76190476190476
"cg17176698",2,9.52380952380952
"cg17179886",4,19.047619047619
"cg17181840",3,14.2857142857143
"cg17182944",1,4.76190476190476
"cg17183085",18,85.7142857142857
"cg17183770",1,4.76190476190476
"cg17187023",1,4.76190476190476
"cg17187715",3,14.2857142857143
"cg17187722",1,4.76190476190476
"cg17188266",5,23.8095238095238
"cg17188880",6,28.5714285714286
"cg17191791",1,4.76190476190476
"cg17197770",1,4.76190476190476
"cg17200084",6,28.5714285714286
"cg17205652",1,4.76190476190476
"cg17206276",4,19.047619047619
"cg17208270",3,14.2857142857143
"cg17212919",1,4.76190476190476
"cg17213381",7,33.3333333333333
"cg17215784",15,71.4285714285714
"cg17217322",3,14.2857142857143
"cg17218154",2,9.52380952380952
"cg17219928",2,9.52380952380952
"cg17221508",3,14.2857142857143
"cg17223197",10,47.6190476190476
"cg17226533",2,9.52380952380952
"cg17227774",1,4.76190476190476
"cg17232322",11,52.3809523809524
"cg17232606",9,42.8571428571429
"cg17233308",1,4.76190476190476
"cg17234888",14,66.6666666666667
"cg17238848",1,4.76190476190476
"cg17241353",6,28.5714285714286
"cg17242799",13,61.9047619047619
"cg17244351",10,47.6190476190476
"cg17245336",4,19.047619047619
"cg17246105",10,47.6190476190476
"cg17248200",3,14.2857142857143
"cg17253804",1,4.76190476190476
"cg17254305",13,61.9047619047619
"cg17255067",2,9.52380952380952
"cg17258900",1,4.76190476190476
"cg17259620",1,4.76190476190476
"cg17259759",1,4.76190476190476
"cg17261380",1,4.76190476190476
"cg17261870",1,4.76190476190476
"cg17265515",16,76.1904761904762
"cg17266055",1,4.76190476190476
"cg17267904",2,9.52380952380952
"cg17268592",6,28.5714285714286
"cg17269398",7,33.3333333333333
"cg17272678",13,61.9047619047619
"cg17272679",1,4.76190476190476
"cg17272680",8,38.0952380952381
"cg17272702",7,33.3333333333333
"cg17272957",1,4.76190476190476
"cg17274055",2,9.52380952380952
"cg17274369",1,4.76190476190476
"cg17274370",3,14.2857142857143
"cg17275131",2,9.52380952380952
"cg17275804",8,38.0952380952381
"cg17275973",1,4.76190476190476
"cg17278281",2,9.52380952380952
"cg17279221",4,19.047619047619
"cg17279591",4,19.047619047619
"cg17280027",1,4.76190476190476
"cg17281191",3,14.2857142857143
"cg17281195",2,9.52380952380952
"cg17281446",1,4.76190476190476
"cg17282106",2,9.52380952380952
"cg17283086",3,14.2857142857143
"cg17290059",2,9.52380952380952
"cg17291677",1,4.76190476190476
"cg17296109",1,4.76190476190476
"cg17297048",5,23.8095238095238
"cg17297210",2,9.52380952380952
"cg17298276",6,28.5714285714286
"cg17300120",1,4.76190476190476
"cg17302324",8,38.0952380952381
"cg17303822",1,4.76190476190476
"cg17305215",1,4.76190476190476
"cg17311574",12,57.1428571428571
"cg17312322",1,4.76190476190476
"cg17317575",7,33.3333333333333
"cg17320140",11,52.3809523809524
"cg17320403",1,4.76190476190476
"cg17324462",1,4.76190476190476
"cg17324818",1,4.76190476190476
"cg17324873",1,4.76190476190476
"cg17326082",12,57.1428571428571
"cg17326909",1,4.76190476190476
"cg17327476",2,9.52380952380952
"cg17327997",2,9.52380952380952
"cg17328195",2,9.52380952380952
"cg17328451",1,4.76190476190476
"cg17329676",13,61.9047619047619
"cg17329886",1,4.76190476190476
"cg17329916",3,14.2857142857143
"cg17330470",1,4.76190476190476
"cg17330506",1,4.76190476190476
"cg17331051",1,4.76190476190476
"cg17332721",2,9.52380952380952
"cg17332985",1,4.76190476190476
"cg17334359",1,4.76190476190476
"cg17334974",1,4.76190476190476
"cg17337010",8,38.0952380952381
"cg17337378",15,71.4285714285714
"cg17337840",1,4.76190476190476
"cg17338041",16,76.1904761904762
"cg17340262",7,33.3333333333333
"cg17341412",2,9.52380952380952
"cg17342034",4,19.047619047619
"cg17342422",2,9.52380952380952
"cg17342651",1,4.76190476190476
"cg17342875",3,14.2857142857143
"cg17343666",3,14.2857142857143
"cg17343791",5,23.8095238095238
"cg17344658",8,38.0952380952381
"cg17344853",3,14.2857142857143
"cg17345060",3,14.2857142857143
"cg17345350",17,80.9523809523809
"cg17345676",1,4.76190476190476
"cg17347592",4,19.047619047619
"cg17348869",5,23.8095238095238
"cg17350056",1,4.76190476190476
"cg17352816",1,4.76190476190476
"cg17356173",3,14.2857142857143
"cg17356355",1,4.76190476190476
"cg17358523",6,28.5714285714286
"cg17362153",1,4.76190476190476
"cg17362554",1,4.76190476190476
"cg17362555",1,4.76190476190476
"cg17364236",1,4.76190476190476
"cg17364368",1,4.76190476190476
"cg17366224",9,42.8571428571429
"cg17366919",1,4.76190476190476
"cg17371484",1,4.76190476190476
"cg17373109",2,9.52380952380952
"cg17373985",1,4.76190476190476
"cg17374804",1,4.76190476190476
"cg17376035",1,4.76190476190476
"cg17378179",11,52.3809523809524
"cg17388242",12,57.1428571428571
"cg17388638",1,4.76190476190476
"cg17390061",13,61.9047619047619
"cg17394186",2,9.52380952380952
"cg17396712",7,33.3333333333333
"cg17399180",8,38.0952380952381
"cg17399550",1,4.76190476190476
"cg17400754",1,4.76190476190476
"cg17401072",1,4.76190476190476
"cg17402063",8,38.0952380952381
"cg17402097",1,4.76190476190476
"cg17402612",16,76.1904761904762
"cg17403266",1,4.76190476190476
"cg17403863",2,9.52380952380952
"cg17405856",1,4.76190476190476
"cg17406470",1,4.76190476190476
"cg17408317",9,42.8571428571429
"cg17408994",2,9.52380952380952
"cg17411034",2,9.52380952380952
"cg17411358",6,28.5714285714286
"cg17411364",1,4.76190476190476
"cg17411513",1,4.76190476190476
"cg17411546",9,42.8571428571429
"cg17411855",2,9.52380952380952
"cg17412026",6,28.5714285714286
"cg17412755",3,14.2857142857143
"cg17413472",5,23.8095238095238
"cg17413612",20,95.2380952380952
"cg17413890",7,33.3333333333333
"cg17414215",1,4.76190476190476
"cg17415216",1,4.76190476190476
"cg17416028",7,33.3333333333333
"cg17416118",1,4.76190476190476
"cg17417886",1,4.76190476190476
"cg17417926",1,4.76190476190476
"cg17418189",3,14.2857142857143
"cg17418243",5,23.8095238095238
"cg17421982",4,19.047619047619
"cg17422914",1,4.76190476190476
"cg17424392",1,4.76190476190476
"cg17425920",1,4.76190476190476
"cg17425922",2,9.52380952380952
"cg17426544",2,9.52380952380952
"cg17426545",4,19.047619047619
"cg17428624",1,4.76190476190476
"cg17429950",2,9.52380952380952
"cg17430262",5,23.8095238095238
"cg17432256",1,4.76190476190476
"cg17433355",21,100
"cg17436134",3,14.2857142857143
"cg17437088",4,19.047619047619
"cg17438114",1,4.76190476190476
"cg17439237",1,4.76190476190476
"cg17439568",6,28.5714285714286
"cg17440573",8,38.0952380952381
"cg17440810",3,14.2857142857143
"cg17442807",11,52.3809523809524
"cg17445802",1,4.76190476190476
"cg17446583",2,9.52380952380952
"cg17447466",1,4.76190476190476
"cg17447856",2,9.52380952380952
"cg17448954",9,42.8571428571429
"cg17450620",3,14.2857142857143
"cg17455208",4,19.047619047619
"cg17456583",1,4.76190476190476
"cg17461886",2,9.52380952380952
"cg17462551",16,76.1904761904762
"cg17465178",16,76.1904761904762
"cg17466178",2,9.52380952380952
"cg17466279",1,4.76190476190476
"cg17467670",3,14.2857142857143
"cg17468333",2,9.52380952380952
"cg17468665",2,9.52380952380952
"cg17472483",1,4.76190476190476
"cg17473041",6,28.5714285714286
"cg17473786",1,4.76190476190476
"cg17474601",1,4.76190476190476
"cg17478193",2,9.52380952380952
"cg17479576",3,14.2857142857143
"cg17479757",3,14.2857142857143
"cg17480442",2,9.52380952380952
"cg17480741",6,28.5714285714286
"cg17482114",1,4.76190476190476
"cg17487957",1,4.76190476190476
"cg17489112",10,47.6190476190476
"cg17489610",6,28.5714285714286
"cg17493759",1,4.76190476190476
"cg17495529",1,4.76190476190476
"cg17495876",19,90.4761904761905
"cg17496142",1,4.76190476190476
"cg17502575",1,4.76190476190476
"cg17503995",1,4.76190476190476
"cg17507646",4,19.047619047619
"cg17507721",1,4.76190476190476
"cg17508667",1,4.76190476190476
"cg17511575",2,9.52380952380952
"cg17511936",2,9.52380952380952
"cg17512712",2,9.52380952380952
"cg17513708",2,9.52380952380952
"cg17523840",1,4.76190476190476
"cg17524525",7,33.3333333333333
"cg17527589",1,4.76190476190476
"cg17528257",1,4.76190476190476
"cg17529447",1,4.76190476190476
"cg17530026",2,9.52380952380952
"cg17531668",14,66.6666666666667
"cg17532418",1,4.76190476190476
"cg17532812",4,19.047619047619
"cg17532945",8,38.0952380952381
"cg17533290",1,4.76190476190476
"cg17534034",1,4.76190476190476
"cg17535609",1,4.76190476190476
"cg17535670",1,4.76190476190476
"cg17541903",2,9.52380952380952
"cg17542154",5,23.8095238095238
"cg17542795",12,57.1428571428571
"cg17544762",1,4.76190476190476
"cg17544920",3,14.2857142857143
"cg17545441",2,9.52380952380952
"cg17546126",6,28.5714285714286
"cg17546160",1,4.76190476190476
"cg17546521",1,4.76190476190476
"cg17550100",2,9.52380952380952
"cg17555074",2,9.52380952380952
"cg17557172",2,9.52380952380952
"cg17560699",5,23.8095238095238
"cg17563268",10,47.6190476190476
"cg17566607",2,9.52380952380952
"cg17567562",1,4.76190476190476
"cg17570153",6,28.5714285714286
"cg17571733",2,9.52380952380952
"cg17572942",1,4.76190476190476
"cg17573540",1,4.76190476190476
"cg17575050",2,9.52380952380952
"cg17577947",5,23.8095238095238
"cg17578275",6,28.5714285714286
"cg17578847",3,14.2857142857143
"cg17580004",1,4.76190476190476
"cg17582400",1,4.76190476190476
"cg17583425",2,9.52380952380952
"cg17585208",6,28.5714285714286
"cg17585528",2,9.52380952380952
"cg17589977",1,4.76190476190476
"cg17591000",2,9.52380952380952
"cg17591474",1,4.76190476190476
"cg17594408",1,4.76190476190476
"cg17595116",1,4.76190476190476
"cg17595725",1,4.76190476190476
"cg17596316",3,14.2857142857143
"cg17596434",17,80.9523809523809
"cg17599110",1,4.76190476190476
"cg17599295",1,4.76190476190476
"cg17600231",1,4.76190476190476
"cg17600863",1,4.76190476190476
"cg17602409",2,9.52380952380952
"cg17603313",5,23.8095238095238
"cg17606634",1,4.76190476190476
"cg17609073",1,4.76190476190476
"cg17610751",1,4.76190476190476
"cg17612725",1,4.76190476190476
"cg17615421",1,4.76190476190476
"cg17618119",4,19.047619047619
"cg17618902",3,14.2857142857143
"cg17621701",7,33.3333333333333
"cg17622905",1,4.76190476190476
"cg17624673",1,4.76190476190476
"cg17626776",1,4.76190476190476
"cg17626965",1,4.76190476190476
"cg17627461",1,4.76190476190476
"cg17630079",19,90.4761904761905
"cg17635494",8,38.0952380952381
"cg17639466",1,4.76190476190476
"cg17642897",3,14.2857142857143
"cg17643286",3,14.2857142857143
"cg17644350",2,9.52380952380952
"cg17645978",1,4.76190476190476
"cg17646176",1,4.76190476190476
"cg17651864",1,4.76190476190476
"cg17651890",3,14.2857142857143
"cg17651935",6,28.5714285714286
"cg17654734",2,9.52380952380952
"cg17660627",4,19.047619047619
"cg17661045",3,14.2857142857143
"cg17661265",16,76.1904761904762
"cg17664582",1,4.76190476190476
"cg17665716",1,4.76190476190476
"cg17671035",1,4.76190476190476
"cg17671982",1,4.76190476190476
"cg17673617",1,4.76190476190476
"cg17676029",12,57.1428571428571
"cg17678322",9,42.8571428571429
"cg17682952",1,4.76190476190476
"cg17686722",1,4.76190476190476
"cg17687700",2,9.52380952380952
"cg17687883",5,23.8095238095238
"cg17690048",1,4.76190476190476
"cg17691263",2,9.52380952380952
"cg17691838",2,9.52380952380952
"cg17694726",1,4.76190476190476
"cg17696777",3,14.2857142857143
"cg17697004",1,4.76190476190476
"cg17697159",4,19.047619047619
"cg17697247",1,4.76190476190476
"cg17699032",13,61.9047619047619
"cg17700363",2,9.52380952380952
"cg17700513",1,4.76190476190476
"cg17704549",16,76.1904761904762
"cg17705053",2,9.52380952380952
"cg17706188",1,4.76190476190476
"cg17709076",1,4.76190476190476
"cg17709077",1,4.76190476190476
"cg17709639",1,4.76190476190476
"cg17710081",1,4.76190476190476
"cg17710139",1,4.76190476190476
"cg17714987",2,9.52380952380952
"cg17722441",5,23.8095238095238
"cg17723264",2,9.52380952380952
"cg17723489",1,4.76190476190476
"cg17731973",2,9.52380952380952
"cg17732130",13,61.9047619047619
"cg17732822",1,4.76190476190476
"cg17733966",18,85.7142857142857
"cg17737903",10,47.6190476190476
"cg17738101",2,9.52380952380952
"cg17738124",5,23.8095238095238
"cg17738236",1,4.76190476190476
"cg17738629",4,19.047619047619
"cg17739345",4,19.047619047619
"cg17740850",1,4.76190476190476
"cg17741448",8,38.0952380952381
"cg17743850",3,14.2857142857143
"cg17745639",1,4.76190476190476
"cg17746408",3,14.2857142857143
"cg17747924",1,4.76190476190476
"cg17748367",3,14.2857142857143
"cg17750401",1,4.76190476190476
"cg17751414",1,4.76190476190476
"cg17753292",4,19.047619047619
"cg17755752",18,85.7142857142857
"cg17756398",1,4.76190476190476
"cg17758808",1,4.76190476190476
"cg17758992",7,33.3333333333333
"cg17762896",3,14.2857142857143
"cg17763493",1,4.76190476190476
"cg17763950",1,4.76190476190476
"cg17763994",1,4.76190476190476
"cg17764057",2,9.52380952380952
"cg17764141",1,4.76190476190476
"cg17764322",1,4.76190476190476
"cg17765633",1,4.76190476190476
"cg17766942",7,33.3333333333333
"cg17767820",1,4.76190476190476
"cg17768647",4,19.047619047619
"cg17768731",4,19.047619047619
"cg17769199",3,14.2857142857143
"cg17770622",5,23.8095238095238
"cg17771322",5,23.8095238095238
"cg17773808",4,19.047619047619
"cg17775283",1,4.76190476190476
"cg17775812",1,4.76190476190476
"cg17775868",9,42.8571428571429
"cg17775965",2,9.52380952380952
"cg17776680",1,4.76190476190476
"cg17776881",5,23.8095238095238
"cg17777998",1,4.76190476190476
"cg17782696",1,4.76190476190476
"cg17783330",10,47.6190476190476
"cg17784876",5,23.8095238095238
"cg17785651",2,9.52380952380952
"cg17786993",2,9.52380952380952
"cg17788327",13,61.9047619047619
"cg17788626",12,57.1428571428571
"cg17788881",8,38.0952380952381
"cg17789193",3,14.2857142857143
"cg17789716",11,52.3809523809524
"cg17791506",14,66.6666666666667
"cg17793002",4,19.047619047619
"cg17793549",1,4.76190476190476
"cg17796534",1,4.76190476190476
"cg17796599",6,28.5714285714286
"cg17796836",1,4.76190476190476
"cg17804770",1,4.76190476190476
"cg17806112",2,9.52380952380952
"cg17806377",19,90.4761904761905
"cg17806461",1,4.76190476190476
"cg17806882",1,4.76190476190476
"cg17808132",1,4.76190476190476
"cg17808422",5,23.8095238095238
"cg17808821",4,19.047619047619
"cg17810516",1,4.76190476190476
"cg17811022",3,14.2857142857143
"cg17814958",4,19.047619047619
"cg17815694",1,4.76190476190476
"cg17816615",7,33.3333333333333
"cg17817175",1,4.76190476190476
"cg17821276",1,4.76190476190476
"cg17821483",3,14.2857142857143
"cg17822633",1,4.76190476190476
"cg17824835",2,9.52380952380952
"cg17825846",1,4.76190476190476
"cg17827843",1,4.76190476190476
"cg17831144",1,4.76190476190476
"cg17831170",3,14.2857142857143
"cg17831359",8,38.0952380952381
"cg17831718",3,14.2857142857143
"cg17833022",1,4.76190476190476
"cg17833299",1,4.76190476190476
"cg17835106",1,4.76190476190476
"cg17842016",1,4.76190476190476
"cg17845508",1,4.76190476190476
"cg17845912",4,19.047619047619
"cg17845923",15,71.4285714285714
"cg17846185",1,4.76190476190476
"cg17848900",1,4.76190476190476
"cg17850273",7,33.3333333333333
"cg17850547",1,4.76190476190476
"cg17850617",2,9.52380952380952
"cg17851250",8,38.0952380952381
"cg17851342",13,61.9047619047619
"cg17852635",5,23.8095238095238
"cg17857264",17,80.9523809523809
"cg17859627",1,4.76190476190476
"cg17861999",1,4.76190476190476
"cg17863177",1,4.76190476190476
"cg17863427",2,9.52380952380952
"cg17868609",1,4.76190476190476
"cg17872796",3,14.2857142857143
"cg17872979",1,4.76190476190476
"cg17874814",3,14.2857142857143
"cg17877119",1,4.76190476190476
"cg17878199",2,9.52380952380952
"cg17880013",2,9.52380952380952
"cg17880166",2,9.52380952380952
"cg17882745",14,66.6666666666667
"cg17883552",1,4.76190476190476
"cg17885536",1,4.76190476190476
"cg17888004",6,28.5714285714286
"cg17891397",12,57.1428571428571
"cg17892892",1,4.76190476190476
"cg17894436",4,19.047619047619
"cg17895463",6,28.5714285714286
"cg17895788",14,66.6666666666667
"cg17896102",2,9.52380952380952
"cg17902030",1,4.76190476190476
"cg17903499",3,14.2857142857143
"cg17904704",10,47.6190476190476
"cg17906759",1,4.76190476190476
"cg17913709",3,14.2857142857143
"cg17915331",1,4.76190476190476
"cg17918190",1,4.76190476190476
"cg17918970",4,19.047619047619
"cg17919307",2,9.52380952380952
"cg17919420",1,4.76190476190476
"cg17924475",9,42.8571428571429
"cg17927221",1,4.76190476190476
"cg17927933",4,19.047619047619
"cg17933047",1,4.76190476190476
"cg17933600",1,4.76190476190476
"cg17933807",4,19.047619047619
"cg17935708",8,38.0952380952381
"cg17936433",1,4.76190476190476
"cg17936925",1,4.76190476190476
"cg17940462",1,4.76190476190476
"cg17941149",6,28.5714285714286
"cg17945238",3,14.2857142857143
"cg17946432",1,4.76190476190476
"cg17946433",3,14.2857142857143
"cg17946490",4,19.047619047619
"cg17946904",1,4.76190476190476
"cg17950905",5,23.8095238095238
"cg17952679",3,14.2857142857143
"cg17953970",2,9.52380952380952
"cg17953972",1,4.76190476190476
"cg17955312",3,14.2857142857143
"cg17959161",2,9.52380952380952
"cg17960957",1,4.76190476190476
"cg17964759",1,4.76190476190476
"cg17965882",1,4.76190476190476
"cg17966245",4,19.047619047619
"cg17968214",1,4.76190476190476
"cg17971836",1,4.76190476190476
"cg17976890",8,38.0952380952381
"cg17981596",5,23.8095238095238
"cg17983647",8,38.0952380952381
"cg17985658",15,71.4285714285714
"cg17987666",2,9.52380952380952
"cg17990422",1,4.76190476190476
"cg17992070",9,42.8571428571429
"cg17994962",12,57.1428571428571
"cg17997285",2,9.52380952380952
"cg17998172",2,9.52380952380952
"cg17999642",1,4.76190476190476
"cg18000586",2,9.52380952380952
"cg18002794",1,4.76190476190476
"cg18003176",3,14.2857142857143
"cg18003211",4,19.047619047619
"cg18007007",1,4.76190476190476
"cg18008112",7,33.3333333333333
"cg18008416",12,57.1428571428571
"cg18011898",2,9.52380952380952
"cg18012674",8,38.0952380952381
"cg18014931",2,9.52380952380952
"cg18015339",5,23.8095238095238
"cg18016414",6,28.5714285714286
"cg18019042",1,4.76190476190476
"cg18019451",12,57.1428571428571
"cg18019938",1,4.76190476190476
"cg18021902",4,19.047619047619
"cg18025315",3,14.2857142857143
"cg18026227",2,9.52380952380952
"cg18026995",2,9.52380952380952
"cg18029202",15,71.4285714285714
"cg18029619",1,4.76190476190476
"cg18029737",4,19.047619047619
"cg18030799",1,4.76190476190476
"cg18032798",3,14.2857142857143
"cg18035413",1,4.76190476190476
"cg18036241",3,14.2857142857143
"cg18036268",3,14.2857142857143
"cg18036824",1,4.76190476190476
"cg18038005",14,66.6666666666667
"cg18039095",1,4.76190476190476
"cg18040683",7,33.3333333333333
"cg18042612",12,57.1428571428571
"cg18043089",1,4.76190476190476
"cg18044627",1,4.76190476190476
"cg18044793",1,4.76190476190476
"cg18045540",1,4.76190476190476
"cg18047032",1,4.76190476190476
"cg18047914",1,4.76190476190476
"cg18050243",1,4.76190476190476
"cg18051676",1,4.76190476190476
"cg18052123",4,19.047619047619
"cg18054375",1,4.76190476190476
"cg18054408",1,4.76190476190476
"cg18055987",1,4.76190476190476
"cg18056934",1,4.76190476190476
"cg18059885",2,9.52380952380952
"cg18064385",13,61.9047619047619
"cg18065023",7,33.3333333333333
"cg18070955",1,4.76190476190476
"cg18073030",1,4.76190476190476
"cg18073374",1,4.76190476190476
"cg18073566",1,4.76190476190476
"cg18075287",1,4.76190476190476
"cg18075390",2,9.52380952380952
"cg18077436",6,28.5714285714286
"cg18078155",1,4.76190476190476
"cg18078926",1,4.76190476190476
"cg18080895",4,19.047619047619
"cg18084442",4,19.047619047619
"cg18085787",7,33.3333333333333
"cg18088111",1,4.76190476190476
"cg18088311",2,9.52380952380952
"cg18088652",1,4.76190476190476
"cg18095231",5,23.8095238095238
"cg18095280",5,23.8095238095238
"cg18097271",13,61.9047619047619
"cg18097953",9,42.8571428571429
"cg18100580",1,4.76190476190476
"cg18101917",1,4.76190476190476
"cg18103963",6,28.5714285714286
"cg18106045",4,19.047619047619
"cg18106839",1,4.76190476190476
"cg18107242",1,4.76190476190476
"cg18108865",1,4.76190476190476
"cg18109879",4,19.047619047619
"cg18110266",2,9.52380952380952
"cg18111266",13,61.9047619047619
"cg18112451",2,9.52380952380952
"cg18113332",2,9.52380952380952
"cg18116036",1,4.76190476190476
"cg18117367",1,4.76190476190476
"cg18118042",1,4.76190476190476
"cg18124900",1,4.76190476190476
"cg18125880",6,28.5714285714286
"cg18128357",1,4.76190476190476
"cg18129801",18,85.7142857142857
"cg18134148",2,9.52380952380952
"cg18134754",2,9.52380952380952
"cg18135894",1,4.76190476190476
"cg18137275",2,9.52380952380952
"cg18138031",1,4.76190476190476
"cg18139075",1,4.76190476190476
"cg18140075",1,4.76190476190476
"cg18142622",1,4.76190476190476
"cg18143140",2,9.52380952380952
"cg18145666",1,4.76190476190476
"cg18145795",3,14.2857142857143
"cg18146192",2,9.52380952380952
"cg18146667",7,33.3333333333333
"cg18149154",1,4.76190476190476
"cg18150100",1,4.76190476190476
"cg18151254",1,4.76190476190476
"cg18152167",1,4.76190476190476
"cg18153250",5,23.8095238095238
"cg18157505",3,14.2857142857143
"cg18158470",2,9.52380952380952
"cg18158846",7,33.3333333333333
"cg18162541",5,23.8095238095238
"cg18162549",1,4.76190476190476
"cg18163889",17,80.9523809523809
"cg18165761",9,42.8571428571429
"cg18166979",10,47.6190476190476
"cg18167638",12,57.1428571428571
"cg18168924",7,33.3333333333333
"cg18170648",4,19.047619047619
"cg18173112",1,4.76190476190476
"cg18175291",3,14.2857142857143
"cg18180199",1,4.76190476190476
"cg18180710",2,9.52380952380952
"cg18181571",4,19.047619047619
"cg18184895",5,23.8095238095238
"cg18185391",3,14.2857142857143
"cg18185855",2,9.52380952380952
"cg18187703",3,14.2857142857143
"cg18188392",2,9.52380952380952
"cg18189236",3,14.2857142857143
"cg18190353",1,4.76190476190476
"cg18191270",9,42.8571428571429
"cg18192986",9,42.8571428571429
"cg18200430",4,19.047619047619
"cg18202167",1,4.76190476190476
"cg18203749",2,9.52380952380952
"cg18204732",10,47.6190476190476
"cg18208171",1,4.76190476190476
"cg18209272",10,47.6190476190476
"cg18211003",1,4.76190476190476
"cg18211258",1,4.76190476190476
"cg18214315",5,23.8095238095238
"cg18217049",2,9.52380952380952
"cg18221754",5,23.8095238095238
"cg18223159",1,4.76190476190476
"cg18224080",3,14.2857142857143
"cg18224401",4,19.047619047619
"cg18226513",15,71.4285714285714
"cg18226599",1,4.76190476190476
"cg18226630",5,23.8095238095238
"cg18227026",1,4.76190476190476
"cg18228738",3,14.2857142857143
"cg18230049",1,4.76190476190476
"cg18232089",1,4.76190476190476
"cg18232284",2,9.52380952380952
"cg18233867",1,4.76190476190476
"cg18234988",9,42.8571428571429
"cg18241767",1,4.76190476190476
"cg18242235",1,4.76190476190476
"cg18242749",1,4.76190476190476
"cg18245961",4,19.047619047619
"cg18246686",2,9.52380952380952
"cg18247764",5,23.8095238095238
"cg18249819",1,4.76190476190476
"cg18251859",2,9.52380952380952
"cg18254784",1,4.76190476190476
"cg18256008",1,4.76190476190476
"cg18264060",5,23.8095238095238
"cg18270328",1,4.76190476190476
"cg18271544",1,4.76190476190476
"cg18274765",1,4.76190476190476
"cg18278603",6,28.5714285714286
"cg18278790",1,4.76190476190476
"cg18280591",4,19.047619047619
"cg18285462",1,4.76190476190476
"cg18285636",2,9.52380952380952
"cg18286937",5,23.8095238095238
"cg18286995",1,4.76190476190476
"cg18288337",1,4.76190476190476
"cg18291151",1,4.76190476190476
"cg18292576",1,4.76190476190476
"cg18294348",1,4.76190476190476
"cg18296770",1,4.76190476190476
"cg18300027",1,4.76190476190476
"cg18303864",3,14.2857142857143
"cg18306115",1,4.76190476190476
"cg18306630",11,52.3809523809524
"cg18310072",2,9.52380952380952
"cg18315788",17,80.9523809523809
"cg18315976",1,4.76190476190476
"cg18316192",1,4.76190476190476
"cg18317398",5,23.8095238095238
"cg18322070",16,76.1904761904762
"cg18328981",2,9.52380952380952
"cg18329660",1,4.76190476190476
"cg18330120",2,9.52380952380952
"cg18332093",6,28.5714285714286
"cg18333653",1,4.76190476190476
"cg18334799",5,23.8095238095238
"cg18336825",1,4.76190476190476
"cg18338581",1,4.76190476190476
"cg18338985",6,28.5714285714286
"cg18340250",3,14.2857142857143
"cg18344168",1,4.76190476190476
"cg18348616",4,19.047619047619
"cg18348858",2,9.52380952380952
"cg18349747",2,9.52380952380952
"cg18350953",11,52.3809523809524
"cg18352730",1,4.76190476190476
"cg18356448",1,4.76190476190476
"cg18359347",1,4.76190476190476
"cg18360809",1,4.76190476190476
"cg18361704",9,42.8571428571429
"cg18361781",3,14.2857142857143
"cg18363176",4,19.047619047619
"cg18369115",1,4.76190476190476
"cg18371275",1,4.76190476190476
"cg18378649",1,4.76190476190476
"cg18378875",18,85.7142857142857
"cg18379332",1,4.76190476190476
"cg18379676",1,4.76190476190476
"cg18379824",2,9.52380952380952
"cg18381525",12,57.1428571428571
"cg18383594",3,14.2857142857143
"cg18385852",2,9.52380952380952
"cg18385968",1,4.76190476190476
"cg18388833",3,14.2857142857143
"cg18389283",1,4.76190476190476
"cg18389729",1,4.76190476190476
"cg18390203",1,4.76190476190476
"cg18390659",3,14.2857142857143
"cg18393249",1,4.76190476190476
"cg18395335",1,4.76190476190476
"cg18396213",2,9.52380952380952
"cg18397994",4,19.047619047619
"cg18401103",1,4.76190476190476
"cg18402690",1,4.76190476190476
"cg18407491",1,4.76190476190476
"cg18408988",2,9.52380952380952
"cg18409327",5,23.8095238095238
"cg18409782",1,4.76190476190476
"cg18410249",6,28.5714285714286
"cg18412780",2,9.52380952380952
"cg18416823",1,4.76190476190476
"cg18417063",2,9.52380952380952
"cg18417313",2,9.52380952380952
"cg18417966",1,4.76190476190476
"cg18422853",1,4.76190476190476
"cg18426912",1,4.76190476190476
"cg18427006",1,4.76190476190476
"cg18427377",4,19.047619047619
"cg18431935",1,4.76190476190476
"cg18433519",4,19.047619047619
"cg18433943",7,33.3333333333333
"cg18437368",4,19.047619047619
"cg18442282",14,66.6666666666667
"cg18453720",4,19.047619047619
"cg18455081",2,9.52380952380952
"cg18455992",1,4.76190476190476
"cg18456640",1,4.76190476190476
"cg18457540",1,4.76190476190476
"cg18457590",1,4.76190476190476
"cg18458153",2,9.52380952380952
"cg18462549",1,4.76190476190476
"cg18462701",2,9.52380952380952
"cg18464706",1,4.76190476190476
"cg18464903",4,19.047619047619
"cg18465030",1,4.76190476190476
"cg18465749",13,61.9047619047619
"cg18469289",10,47.6190476190476
"cg18471200",4,19.047619047619
"cg18471285",1,4.76190476190476
"cg18474443",3,14.2857142857143
"cg18475449",1,4.76190476190476
"cg18475720",1,4.76190476190476
"cg18476040",2,9.52380952380952
"cg18476596",1,4.76190476190476
"cg18477299",1,4.76190476190476
"cg18477535",1,4.76190476190476
"cg18481246",2,9.52380952380952
"cg18481884",7,33.3333333333333
"cg18482979",3,14.2857142857143
"cg18486725",4,19.047619047619
"cg18489304",1,4.76190476190476
"cg18494421",1,4.76190476190476
"cg18497639",2,9.52380952380952
"cg18498440",1,4.76190476190476
"cg18499068",2,9.52380952380952
"cg18501380",2,9.52380952380952
"cg18502698",1,4.76190476190476
"cg18504335",1,4.76190476190476
"cg18504834",1,4.76190476190476
"cg18505253",15,71.4285714285714
"cg18510933",5,23.8095238095238
"cg18517407",11,52.3809523809524
"cg18519267",7,33.3333333333333
"cg18519644",2,9.52380952380952
"cg18522412",1,4.76190476190476
"cg18524185",1,4.76190476190476
"cg18527410",20,95.2380952380952
"cg18529321",9,42.8571428571429
"cg18532182",9,42.8571428571429
"cg18533023",1,4.76190476190476
"cg18534659",1,4.76190476190476
"cg18534729",7,33.3333333333333
"cg18535881",8,38.0952380952381
"cg18536498",1,4.76190476190476
"cg18537979",2,9.52380952380952
"cg18538924",7,33.3333333333333
"cg18541395",1,4.76190476190476
"cg18542842",2,9.52380952380952
"cg18543189",2,9.52380952380952
"cg18549270",2,9.52380952380952
"cg18551922",4,19.047619047619
"cg18552495",10,47.6190476190476
"cg18553312",1,4.76190476190476
"cg18553692",2,9.52380952380952
"cg18555404",2,9.52380952380952
"cg18555895",1,4.76190476190476
"cg18562373",3,14.2857142857143
"cg18563713",1,4.76190476190476
"cg18563852",5,23.8095238095238
"cg18564868",1,4.76190476190476
"cg18564928",3,14.2857142857143
"cg18568349",1,4.76190476190476
"cg18571324",1,4.76190476190476
"cg18576210",2,9.52380952380952
"cg18576604",1,4.76190476190476
"cg18582689",1,4.76190476190476
"cg18582766",4,19.047619047619
"cg18584830",10,47.6190476190476
"cg18586669",3,14.2857142857143
"cg18589111",4,19.047619047619
"cg18590996",2,9.52380952380952
"cg18591761",1,4.76190476190476
"cg18591999",1,4.76190476190476
"cg18592082",1,4.76190476190476
"cg18592197",1,4.76190476190476
"cg18594695",2,9.52380952380952
"cg18598942",2,9.52380952380952
"cg18601682",1,4.76190476190476
"cg18601920",1,4.76190476190476
"cg18602848",2,9.52380952380952
"cg18605642",7,33.3333333333333
"cg18608151",1,4.76190476190476
"cg18610624",8,38.0952380952381
"cg18613136",9,42.8571428571429
"cg18613194",1,4.76190476190476
"cg18613196",1,4.76190476190476
"cg18613768",1,4.76190476190476
"cg18613831",1,4.76190476190476
"cg18615399",4,19.047619047619
"cg18616505",2,9.52380952380952
"cg18617569",2,9.52380952380952
"cg18622982",6,28.5714285714286
"cg18628655",19,90.4761904761905
"cg18629442",6,28.5714285714286
"cg18631379",1,4.76190476190476
"cg18631716",7,33.3333333333333
"cg18633134",8,38.0952380952381
"cg18633561",1,4.76190476190476
"cg18637626",2,9.52380952380952
"cg18639504",3,14.2857142857143
"cg18639729",1,4.76190476190476
"cg18641842",6,28.5714285714286
"cg18643364",1,4.76190476190476
"cg18643416",18,85.7142857142857
"cg18645068",2,9.52380952380952
"cg18646546",5,23.8095238095238
"cg18648752",7,33.3333333333333
"cg18652035",1,4.76190476190476
"cg18656776",1,4.76190476190476
"cg18657125",1,4.76190476190476
"cg18658860",1,4.76190476190476
"cg18659290",1,4.76190476190476
"cg18659719",1,4.76190476190476
"cg18660106",3,14.2857142857143
"cg18660753",1,4.76190476190476
"cg18661413",1,4.76190476190476
"cg18663886",1,4.76190476190476
"cg18664128",13,61.9047619047619
"cg18665209",2,9.52380952380952
"cg18670876",3,14.2857142857143
"cg18670877",5,23.8095238095238
"cg18672638",1,4.76190476190476
"cg18672919",1,4.76190476190476
"cg18673334",1,4.76190476190476
"cg18676931",6,28.5714285714286
"cg18677021",1,4.76190476190476
"cg18677330",2,9.52380952380952
"cg18677699",2,9.52380952380952
"cg18679733",2,9.52380952380952
"cg18679734",7,33.3333333333333
"cg18680182",8,38.0952380952381
"cg18682481",12,57.1428571428571
"cg18683586",1,4.76190476190476
"cg18685724",3,14.2857142857143
"cg18687734",3,14.2857142857143
"cg18689998",1,4.76190476190476
"cg18690389",1,4.76190476190476
"cg18693841",1,4.76190476190476
"cg18694480",9,42.8571428571429
"cg18695054",1,4.76190476190476
"cg18696979",6,28.5714285714286
"cg18697348",1,4.76190476190476
"cg18702196",1,4.76190476190476
"cg18702500",1,4.76190476190476
"cg18702575",8,38.0952380952381
"cg18705203",1,4.76190476190476
"cg18707365",2,9.52380952380952
"cg18710214",8,38.0952380952381
"cg18710587",1,4.76190476190476
"cg18711270",1,4.76190476190476
"cg18714204",1,4.76190476190476
"cg18716872",9,42.8571428571429
"cg18717567",1,4.76190476190476
"cg18718138",8,38.0952380952381
"cg18718843",8,38.0952380952381
"cg18718926",1,4.76190476190476
"cg18718927",6,28.5714285714286
"cg18719414",2,9.52380952380952
"cg18719523",3,14.2857142857143
"cg18719562",14,66.6666666666667
"cg18721807",1,4.76190476190476
"cg18723148",4,19.047619047619
"cg18723172",19,90.4761904761905
"cg18723453",14,66.6666666666667
"cg18723623",1,4.76190476190476
"cg18724091",5,23.8095238095238
"cg18730782",1,4.76190476190476
"cg18731202",2,9.52380952380952
"cg18731703",1,4.76190476190476
"cg18732458",6,28.5714285714286
"cg18732892",2,9.52380952380952
"cg18733537",4,19.047619047619
"cg18737806",1,4.76190476190476
"cg18737909",1,4.76190476190476
"cg18739694",1,4.76190476190476
"cg18743951",2,9.52380952380952
"cg18745035",2,9.52380952380952
"cg18750909",1,4.76190476190476
"cg18751155",2,9.52380952380952
"cg18753337",1,4.76190476190476
"cg18755020",1,4.76190476190476
"cg18755350",1,4.76190476190476
"cg18763194",7,33.3333333333333
"cg18766029",2,9.52380952380952
"cg18767612",1,4.76190476190476
"cg18771816",1,4.76190476190476
"cg18774107",1,4.76190476190476
"cg18774611",8,38.0952380952381
"cg18778188",9,42.8571428571429
"cg18779078",2,9.52380952380952
"cg18782088",3,14.2857142857143
"cg18782286",2,9.52380952380952
"cg18784409",6,28.5714285714286
"cg18786012",8,38.0952380952381
"cg18787018",3,14.2857142857143
"cg18790061",1,4.76190476190476
"cg18791391",1,4.76190476190476
"cg18792536",5,23.8095238095238
"cg18795251",2,9.52380952380952
"cg18802541",1,4.76190476190476
"cg18802615",2,9.52380952380952
"cg18802677",14,66.6666666666667
"cg18806815",2,9.52380952380952
"cg18807944",1,4.76190476190476
"cg18808765",3,14.2857142857143
"cg18809343",1,4.76190476190476
"cg18810479",1,4.76190476190476
"cg18813233",5,23.8095238095238
"cg18813560",5,23.8095238095238
"cg18813963",1,4.76190476190476
"cg18815363",11,52.3809523809524
"cg18816603",4,19.047619047619
"cg18818030",7,33.3333333333333
"cg18818774",3,14.2857142857143
"cg18822389",8,38.0952380952381
"cg18824162",6,28.5714285714286
"cg18825513",1,4.76190476190476
"cg18828297",5,23.8095238095238
"cg18834512",1,4.76190476190476
"cg18837867",3,14.2857142857143
"cg18838103",4,19.047619047619
"cg18841136",13,61.9047619047619
"cg18845814",7,33.3333333333333
"cg18848528",1,4.76190476190476
"cg18849363",1,4.76190476190476
"cg18849583",1,4.76190476190476
"cg18851393",1,4.76190476190476
"cg18852604",3,14.2857142857143
"cg18855570",2,9.52380952380952
"cg18860522",1,4.76190476190476
"cg18860931",5,23.8095238095238
"cg18862120",16,76.1904761904762
"cg18867000",1,4.76190476190476
"cg18867119",5,23.8095238095238
"cg18869957",5,23.8095238095238
"cg18870841",18,85.7142857142857
"cg18870995",1,4.76190476190476
"cg18871092",1,4.76190476190476
"cg18871512",3,14.2857142857143
"cg18872655",1,4.76190476190476
"cg18874789",1,4.76190476190476
"cg18874852",7,33.3333333333333
"cg18874861",5,23.8095238095238
"cg18874862",5,23.8095238095238
"cg18875074",1,4.76190476190476
"cg18882082",2,9.52380952380952
"cg18882706",5,23.8095238095238
"cg18883670",1,4.76190476190476
"cg18885321",2,9.52380952380952
"cg18887429",1,4.76190476190476
"cg18891909",1,4.76190476190476
"cg18894631",2,9.52380952380952
"cg18901143",5,23.8095238095238
"cg18905132",1,4.76190476190476
"cg18906435",5,23.8095238095238
"cg18906756",14,66.6666666666667
"cg18910494",1,4.76190476190476
"cg18912406",6,28.5714285714286
"cg18915467",1,4.76190476190476
"cg18918235",2,9.52380952380952
"cg18919462",1,4.76190476190476
"cg18921206",1,4.76190476190476
"cg18923227",3,14.2857142857143
"cg18924965",1,4.76190476190476
"cg18928511",15,71.4285714285714
"cg18930027",3,14.2857142857143
"cg18936536",1,4.76190476190476
"cg18936642",2,9.52380952380952
"cg18938560",1,4.76190476190476
"cg18938700",17,80.9523809523809
"cg18941174",3,14.2857142857143
"cg18944274",1,4.76190476190476
"cg18945299",1,4.76190476190476
"cg18946357",8,38.0952380952381
"cg18947400",1,4.76190476190476
"cg18947463",1,4.76190476190476
"cg18952015",1,4.76190476190476
"cg18956356",2,9.52380952380952
"cg18958948",1,4.76190476190476
"cg18958984",1,4.76190476190476
"cg18961366",1,4.76190476190476
"cg18967185",1,4.76190476190476
"cg18968737",1,4.76190476190476
"cg18969004",1,4.76190476190476
"cg18969175",1,4.76190476190476
"cg18970775",1,4.76190476190476
"cg18974212",1,4.76190476190476
"cg18974903",1,4.76190476190476
"cg18978584",17,80.9523809523809
"cg18980371",3,14.2857142857143
"cg18980711",5,23.8095238095238
"cg18983456",1,4.76190476190476
"cg18984650",1,4.76190476190476
"cg18986048",1,4.76190476190476
"cg18986160",1,4.76190476190476
"cg18989896",17,80.9523809523809
"cg18991427",1,4.76190476190476
"cg18991874",1,4.76190476190476
"cg18991911",1,4.76190476190476
"cg18993732",1,4.76190476190476
"cg18994632",3,14.2857142857143
"cg18995884",2,9.52380952380952
"cg18996095",6,28.5714285714286
"cg18996355",1,4.76190476190476
"cg18998287",2,9.52380952380952
"cg19001435",1,4.76190476190476
"cg19004913",2,9.52380952380952
"cg19008697",5,23.8095238095238
"cg19009385",1,4.76190476190476
"cg19010136",1,4.76190476190476
"cg19010846",1,4.76190476190476
"cg19011384",1,4.76190476190476
"cg19014374",1,4.76190476190476
"cg19015987",5,23.8095238095238
"cg19016419",1,4.76190476190476
"cg19017629",1,4.76190476190476
"cg19018577",1,4.76190476190476
"cg19019083",2,9.52380952380952
"cg19025042",8,38.0952380952381
"cg19025091",1,4.76190476190476
"cg19027889",1,4.76190476190476
"cg19030403",7,33.3333333333333
"cg19030815",5,23.8095238095238
"cg19034208",1,4.76190476190476
"cg19034282",1,4.76190476190476
"cg19034925",1,4.76190476190476
"cg19037691",2,9.52380952380952
"cg19039536",3,14.2857142857143
"cg19041462",1,4.76190476190476
"cg19045183",1,4.76190476190476
"cg19045415",6,28.5714285714286
"cg19046050",3,14.2857142857143
"cg19046554",1,4.76190476190476
"cg19047265",3,14.2857142857143
"cg19047333",8,38.0952380952381
"cg19048327",16,76.1904761904762
"cg19049574",2,9.52380952380952
"cg19049964",1,4.76190476190476
"cg19050836",2,9.52380952380952
"cg19054002",1,4.76190476190476
"cg19057825",4,19.047619047619
"cg19058526",1,4.76190476190476
"cg19059735",9,42.8571428571429
"cg19059890",13,61.9047619047619
"cg19061957",1,4.76190476190476
"cg19066756",3,14.2857142857143
"cg19066897",2,9.52380952380952
"cg19067256",8,38.0952380952381
"cg19070118",1,4.76190476190476
"cg19070688",1,4.76190476190476
"cg19072059",8,38.0952380952381
"cg19072376",1,4.76190476190476
"cg19072378",1,4.76190476190476
"cg19073795",1,4.76190476190476
"cg19074254",1,4.76190476190476
"cg19074890",1,4.76190476190476
"cg19075266",1,4.76190476190476
"cg19075991",1,4.76190476190476
"cg19076160",2,9.52380952380952
"cg19076172",1,4.76190476190476
"cg19077722",1,4.76190476190476
"cg19078696",11,52.3809523809524
"cg19080522",1,4.76190476190476
"cg19081359",4,19.047619047619
"cg19082111",2,9.52380952380952
"cg19087265",3,14.2857142857143
"cg19087807",15,71.4285714285714
"cg19090364",5,23.8095238095238
"cg19091291",1,4.76190476190476
"cg19097573",19,90.4761904761905
"cg19098556",1,4.76190476190476
"cg19100002",13,61.9047619047619
"cg19102118",4,19.047619047619
"cg19107647",1,4.76190476190476
"cg19109619",18,85.7142857142857
"cg19110327",5,23.8095238095238
"cg19111910",9,42.8571428571429
"cg19112807",1,4.76190476190476
"cg19114006",4,19.047619047619
"cg19115927",3,14.2857142857143
"cg19122030",14,66.6666666666667
"cg19122275",6,28.5714285714286
"cg19124121",1,4.76190476190476
"cg19125268",3,14.2857142857143
"cg19127835",2,9.52380952380952
"cg19129779",2,9.52380952380952
"cg19130180",3,14.2857142857143
"cg19138252",1,4.76190476190476
"cg19139566",1,4.76190476190476
"cg19140954",2,9.52380952380952
"cg19142683",4,19.047619047619
"cg19144185",1,4.76190476190476
"cg19144539",1,4.76190476190476
"cg19145344",3,14.2857142857143
"cg19148032",1,4.76190476190476
"cg19148124",4,19.047619047619
"cg19151397",2,9.52380952380952
"cg19152915",1,4.76190476190476
"cg19153028",9,42.8571428571429
"cg19153077",4,19.047619047619
"cg19156138",5,23.8095238095238
"cg19157311",1,4.76190476190476
"cg19158181",13,61.9047619047619
"cg19159682",4,19.047619047619
"cg19160087",2,9.52380952380952
"cg19160380",3,14.2857142857143
"cg19169465",6,28.5714285714286
"cg19171375",2,9.52380952380952
"cg19172309",1,4.76190476190476
"cg19173974",3,14.2857142857143
"cg19174396",3,14.2857142857143
"cg19179053",2,9.52380952380952
"cg19182680",9,42.8571428571429
"cg19185907",1,4.76190476190476
"cg19187155",1,4.76190476190476
"cg19188228",1,4.76190476190476
"cg19188779",2,9.52380952380952
"cg19189010",1,4.76190476190476
"cg19194608",13,61.9047619047619
"cg19196258",2,9.52380952380952
"cg19196749",9,42.8571428571429
"cg19197530",1,4.76190476190476
"cg19197922",3,14.2857142857143
"cg19199204",2,9.52380952380952
"cg19204179",9,42.8571428571429
"cg19205789",1,4.76190476190476
"cg19209597",1,4.76190476190476
"cg19211899",3,14.2857142857143
"cg19212497",3,14.2857142857143
"cg19215206",1,4.76190476190476
"cg19217890",3,14.2857142857143
"cg19222104",1,4.76190476190476
"cg19223276",4,19.047619047619
"cg19224808",1,4.76190476190476
"cg19225503",13,61.9047619047619
"cg19225688",3,14.2857142857143
"cg19227617",1,4.76190476190476
"cg19232079",1,4.76190476190476
"cg19233790",1,4.76190476190476
"cg19235801",7,33.3333333333333
"cg19238654",1,4.76190476190476
"cg19244032",7,33.3333333333333
"cg19244722",1,4.76190476190476
"cg19246545",8,38.0952380952381
"cg19248263",4,19.047619047619
"cg19255241",3,14.2857142857143
"cg19258348",1,4.76190476190476
"cg19262433",3,14.2857142857143
"cg19263036",10,47.6190476190476
"cg19264028",6,28.5714285714286
"cg19266431",1,4.76190476190476
"cg19267880",8,38.0952380952381
"cg19268947",1,4.76190476190476
"cg19270255",1,4.76190476190476
"cg19273883",1,4.76190476190476
"cg19279842",14,66.6666666666667
"cg19281706",3,14.2857142857143
"cg19284023",2,9.52380952380952
"cg19287179",1,4.76190476190476
"cg19289607",1,4.76190476190476
"cg19290326",8,38.0952380952381
"cg19290700",9,42.8571428571429
"cg19292164",3,14.2857142857143
"cg19292351",3,14.2857142857143
"cg19293650",3,14.2857142857143
"cg19294457",3,14.2857142857143
"cg19296215",2,9.52380952380952
"cg19299344",12,57.1428571428571
"cg19302183",1,4.76190476190476
"cg19303530",1,4.76190476190476
"cg19303691",1,4.76190476190476
"cg19304311",1,4.76190476190476
"cg19306317",2,9.52380952380952
"cg19308363",2,9.52380952380952
"cg19309067",2,9.52380952380952
"cg19315838",12,57.1428571428571
"cg19318707",10,47.6190476190476
"cg19318945",2,9.52380952380952
"cg19319445",1,4.76190476190476
"cg19320193",1,4.76190476190476
"cg19320967",1,4.76190476190476
"cg19321615",1,4.76190476190476
"cg19324996",7,33.3333333333333
"cg19325036",7,33.3333333333333
"cg19327976",2,9.52380952380952
"cg19329842",2,9.52380952380952
"cg19330204",1,4.76190476190476
"cg19330292",1,4.76190476190476
"cg19331076",7,33.3333333333333
"cg19334831",6,28.5714285714286
"cg19336011",1,4.76190476190476
"cg19336287",1,4.76190476190476
"cg19338594",1,4.76190476190476
"cg19339334",6,28.5714285714286
"cg19339428",3,14.2857142857143
"cg19340272",2,9.52380952380952
"cg19345562",15,71.4285714285714
"cg19348445",2,9.52380952380952
"cg19348708",5,23.8095238095238
"cg19349185",4,19.047619047619
"cg19350536",3,14.2857142857143
"cg19352481",2,9.52380952380952
"cg19352786",1,4.76190476190476
"cg19353469",7,33.3333333333333
"cg19353593",1,4.76190476190476
"cg19359802",5,23.8095238095238
"cg19363850",4,19.047619047619
"cg19364260",18,85.7142857142857
"cg19366183",1,4.76190476190476
"cg19366512",1,4.76190476190476
"cg19367254",1,4.76190476190476
"cg19367323",2,9.52380952380952
"cg19367402",4,19.047619047619
"cg19368798",6,28.5714285714286
"cg19372759",10,47.6190476190476
"cg19374586",1,4.76190476190476
"cg19376844",1,4.76190476190476
"cg19379443",5,23.8095238095238
"cg19382448",1,4.76190476190476
"cg19383211",8,38.0952380952381
"cg19385767",6,28.5714285714286
"cg19387053",2,9.52380952380952
"cg19387570",1,4.76190476190476
"cg19388805",2,9.52380952380952
"cg19389401",1,4.76190476190476
"cg19395942",13,61.9047619047619
"cg19396186",3,14.2857142857143
"cg19396187",3,14.2857142857143
"cg19398306",2,9.52380952380952
"cg19398487",1,4.76190476190476
"cg19398589",14,66.6666666666667
"cg19398862",6,28.5714285714286
"cg19399009",5,23.8095238095238
"cg19399805",1,4.76190476190476
"cg19400512",1,4.76190476190476
"cg19404215",1,4.76190476190476
"cg19404774",3,14.2857142857143
"cg19405931",1,4.76190476190476
"cg19408632",1,4.76190476190476
"cg19409015",1,4.76190476190476
"cg19409174",1,4.76190476190476
"cg19411998",1,4.76190476190476
"cg19417031",2,9.52380952380952
"cg19417889",1,4.76190476190476
"cg19418162",4,19.047619047619
"cg19419054",2,9.52380952380952
"cg19419776",1,4.76190476190476
"cg19420482",1,4.76190476190476
"cg19424094",13,61.9047619047619
"cg19424533",1,4.76190476190476
"cg19424724",3,14.2857142857143
"cg19426128",2,9.52380952380952
"cg19435621",1,4.76190476190476
"cg19440460",1,4.76190476190476
"cg19441342",9,42.8571428571429
"cg19445178",1,4.76190476190476
"cg19450610",9,42.8571428571429
"cg19451011",1,4.76190476190476
"cg19451584",2,9.52380952380952
"cg19455034",8,38.0952380952381
"cg19456318",3,14.2857142857143
"cg19457829",1,4.76190476190476
"cg19463594",1,4.76190476190476
"cg19465823",14,66.6666666666667
"cg19466594",1,4.76190476190476
"cg19466822",1,4.76190476190476
"cg19472358",3,14.2857142857143
"cg19474517",1,4.76190476190476
"cg19474725",1,4.76190476190476
"cg19476312",1,4.76190476190476
"cg19477642",1,4.76190476190476
"cg19479548",2,9.52380952380952
"cg19479687",3,14.2857142857143
"cg19481954",1,4.76190476190476
"cg19483237",1,4.76190476190476
"cg19485406",13,61.9047619047619
"cg19488287",6,28.5714285714286
"cg19491961",2,9.52380952380952
"cg19499194",1,4.76190476190476
"cg19503143",1,4.76190476190476
"cg19504063",2,9.52380952380952
"cg19506290",1,4.76190476190476
"cg19508200",1,4.76190476190476
"cg19510756",1,4.76190476190476
"cg19511229",1,4.76190476190476
"cg19515751",4,19.047619047619
"cg19515798",1,4.76190476190476
"cg19516184",9,42.8571428571429
"cg19517402",3,14.2857142857143
"cg19518925",4,19.047619047619
"cg19520855",1,4.76190476190476
"cg19523166",6,28.5714285714286
"cg19523639",1,4.76190476190476
"cg19524041",2,9.52380952380952
"cg19525281",1,4.76190476190476
"cg19526495",1,4.76190476190476
"cg19526981",1,4.76190476190476
"cg19528810",1,4.76190476190476
"cg19532132",1,4.76190476190476
"cg19534754",1,4.76190476190476
"cg19536164",2,9.52380952380952
"cg19536918",9,42.8571428571429
"cg19537932",1,4.76190476190476
"cg19539975",7,33.3333333333333
"cg19540425",1,4.76190476190476
"cg19542674",1,4.76190476190476
"cg19543552",1,4.76190476190476
"cg19544326",1,4.76190476190476
"cg19544509",1,4.76190476190476
"cg19544914",1,4.76190476190476
"cg19547333",2,9.52380952380952
"cg19547630",6,28.5714285714286
"cg19549910",1,4.76190476190476
"cg19554283",5,23.8095238095238
"cg19555215",1,4.76190476190476
"cg19558197",9,42.8571428571429
"cg19558614",9,42.8571428571429
"cg19559975",3,14.2857142857143
"cg19561299",1,4.76190476190476
"cg19563976",1,4.76190476190476
"cg19571849",2,9.52380952380952
"cg19571937",1,4.76190476190476
"cg19572950",1,4.76190476190476
"cg19574541",1,4.76190476190476
"cg19575701",8,38.0952380952381
"cg19576076",1,4.76190476190476
"cg19580166",1,4.76190476190476
"cg19580417",1,4.76190476190476
"cg19581775",1,4.76190476190476
"cg19581822",1,4.76190476190476
"cg19583982",16,76.1904761904762
"cg19587435",4,19.047619047619
"cg19588948",8,38.0952380952381
"cg19589584",6,28.5714285714286
"cg19592072",19,90.4761904761905
"cg19596609",4,19.047619047619
"cg19596695",11,52.3809523809524
"cg19597580",2,9.52380952380952
"cg19599372",1,4.76190476190476
"cg19600987",1,4.76190476190476
"cg19601309",1,4.76190476190476
"cg19602844",1,4.76190476190476
"cg19606643",3,14.2857142857143
"cg19609024",3,14.2857142857143
"cg19612934",1,4.76190476190476
"cg19612935",1,4.76190476190476
"cg19616188",1,4.76190476190476
"cg19616499",2,9.52380952380952
"cg19625397",6,28.5714285714286
"cg19625921",1,4.76190476190476
"cg19632822",2,9.52380952380952
"cg19632853",2,9.52380952380952
"cg19638036",1,4.76190476190476
"cg19640299",1,4.76190476190476
"cg19641557",1,4.76190476190476
"cg19645974",7,33.3333333333333
"cg19647370",2,9.52380952380952
"cg19651767",2,9.52380952380952
"cg19654399",4,19.047619047619
"cg19655142",8,38.0952380952381
"cg19655613",1,4.76190476190476
"cg19656900",7,33.3333333333333
"cg19657844",18,85.7142857142857
"cg19661429",2,9.52380952380952
"cg19663653",6,28.5714285714286
"cg19666391",1,4.76190476190476
"cg19672854",15,71.4285714285714
"cg19677314",1,4.76190476190476
"cg19677320",1,4.76190476190476
"cg19678937",2,9.52380952380952
"cg19679067",2,9.52380952380952
"cg19686059",7,33.3333333333333
"cg19688022",2,9.52380952380952
"cg19688575",5,23.8095238095238
"cg19688576",5,23.8095238095238
"cg19688844",8,38.0952380952381
"cg19689077",1,4.76190476190476
"cg19690148",2,9.52380952380952
"cg19692289",6,28.5714285714286
"cg19693801",2,9.52380952380952
"cg19693972",1,4.76190476190476
"cg19694461",1,4.76190476190476
"cg19694482",16,76.1904761904762
"cg19700380",1,4.76190476190476
"cg19701195",2,9.52380952380952
"cg19702472",3,14.2857142857143
"cg19703204",2,9.52380952380952
"cg19703205",4,19.047619047619
"cg19705938",3,14.2857142857143
"cg19707834",2,9.52380952380952
"cg19709166",16,76.1904761904762
"cg19710671",3,14.2857142857143
"cg19711916",7,33.3333333333333
"cg19712094",2,9.52380952380952
"cg19723926",2,9.52380952380952
"cg19725374",1,4.76190476190476
"cg19726803",3,14.2857142857143
"cg19728394",9,42.8571428571429
"cg19731250",1,4.76190476190476
"cg19734514",1,4.76190476190476
"cg19734747",6,28.5714285714286
"cg19735514",2,9.52380952380952
"cg19738233",5,23.8095238095238
"cg19738332",10,47.6190476190476
"cg19740984",2,9.52380952380952
"cg19741800",20,95.2380952380952
"cg19746667",1,4.76190476190476
"cg19750991",8,38.0952380952381
"cg19751213",4,19.047619047619
"cg19751670",2,9.52380952380952
"cg19751990",2,9.52380952380952
"cg19753871",1,4.76190476190476
"cg19754308",1,4.76190476190476
"cg19755272",1,4.76190476190476
"cg19757033",6,28.5714285714286
"cg19759212",5,23.8095238095238
"cg19760590",1,4.76190476190476
"cg19764513",1,4.76190476190476
"cg19768229",1,4.76190476190476
"cg19769557",1,4.76190476190476
"cg19769877",5,23.8095238095238
"cg19773385",1,4.76190476190476
"cg19773547",5,23.8095238095238
"cg19774402",1,4.76190476190476
"cg19776055",2,9.52380952380952
"cg19777906",1,4.76190476190476
"cg19778146",7,33.3333333333333
"cg19778737",1,4.76190476190476
"cg19778813",2,9.52380952380952
"cg19782374",1,4.76190476190476
"cg19782772",1,4.76190476190476
"cg19787678",4,19.047619047619
"cg19792621",1,4.76190476190476
"cg19797536",1,4.76190476190476
"cg19800897",3,14.2857142857143
"cg19801145",1,4.76190476190476
"cg19801747",4,19.047619047619
"cg19802924",3,14.2857142857143
"cg19804008",3,14.2857142857143
"cg19804911",1,4.76190476190476
"cg19805434",2,9.52380952380952
"cg19807476",8,38.0952380952381
"cg19809237",6,28.5714285714286
"cg19809575",9,42.8571428571429
"cg19816180",6,28.5714285714286
"cg19816618",5,23.8095238095238
"cg19825714",4,19.047619047619
"cg19827372",1,4.76190476190476
"cg19829058",1,4.76190476190476
"cg19829276",4,19.047619047619
"cg19830309",1,4.76190476190476
"cg19830845",5,23.8095238095238
"cg19831893",1,4.76190476190476
"cg19836592",3,14.2857142857143
"cg19837139",4,19.047619047619
"cg19837786",1,4.76190476190476
"cg19838036",2,9.52380952380952
"cg19838037",1,4.76190476190476
"cg19838136",1,4.76190476190476
"cg19838586",1,4.76190476190476
"cg19839895",2,9.52380952380952
"cg19840924",1,4.76190476190476
"cg19842958",6,28.5714285714286
"cg19850149",2,9.52380952380952
"cg19851351",1,4.76190476190476
"cg19851529",1,4.76190476190476
"cg19851560",1,4.76190476190476
"cg19853143",1,4.76190476190476
"cg19854376",1,4.76190476190476
"cg19854787",1,4.76190476190476
"cg19854879",1,4.76190476190476
"cg19855037",1,4.76190476190476
"cg19855556",3,14.2857142857143
"cg19860067",14,66.6666666666667
"cg19863691",3,14.2857142857143
"cg19867115",10,47.6190476190476
"cg19869212",7,33.3333333333333
"cg19873149",2,9.52380952380952
"cg19875535",1,4.76190476190476
"cg19877272",1,4.76190476190476
"cg19880004",1,4.76190476190476
"cg19883396",1,4.76190476190476
"cg19884111",3,14.2857142857143
"cg19886184",1,4.76190476190476
"cg19890321",1,4.76190476190476
"cg19893549",4,19.047619047619
"cg19894279",4,19.047619047619
"cg19894350",15,71.4285714285714
"cg19895291",2,9.52380952380952
"cg19895487",1,4.76190476190476
"cg19895491",1,4.76190476190476
"cg19895584",1,4.76190476190476
"cg19896997",2,9.52380952380952
"cg19897729",3,14.2857142857143
"cg19900041",1,4.76190476190476
"cg19901035",1,4.76190476190476
"cg19901940",1,4.76190476190476
"cg19906853",1,4.76190476190476
"cg19909054",1,4.76190476190476
"cg19915167",9,42.8571428571429
"cg19915181",1,4.76190476190476
"cg19915745",2,9.52380952380952
"cg19924544",2,9.52380952380952
"cg19925256",1,4.76190476190476
"cg19927926",4,19.047619047619
"cg19931055",1,4.76190476190476
"cg19932993",1,4.76190476190476
"cg19935199",1,4.76190476190476
"cg19936382",4,19.047619047619
"cg19943010",2,9.52380952380952
"cg19944162",4,19.047619047619
"cg19948457",1,4.76190476190476
"cg19949142",4,19.047619047619
"cg19953253",5,23.8095238095238
"cg19954363",2,9.52380952380952
"cg19954427",2,9.52380952380952
"cg19956402",3,14.2857142857143
"cg19958010",14,66.6666666666667
"cg19966146",1,4.76190476190476
"cg19966595",14,66.6666666666667
"cg19968884",2,9.52380952380952
"cg19969166",2,9.52380952380952
"cg19973340",15,71.4285714285714
"cg19974636",1,4.76190476190476
"cg19978136",1,4.76190476190476
"cg19979388",11,52.3809523809524
"cg19982031",1,4.76190476190476
"cg19984574",3,14.2857142857143
"cg19984726",11,52.3809523809524
"cg19985923",1,4.76190476190476
"cg19988026",4,19.047619047619
"cg19989243",10,47.6190476190476
"cg19989989",2,9.52380952380952
"cg19990038",7,33.3333333333333
"cg19993961",6,28.5714285714286
"cg20000539",1,4.76190476190476
"cg20000764",1,4.76190476190476
"cg20002326",1,4.76190476190476
"cg20003668",4,19.047619047619
"cg20004380",4,19.047619047619
"cg20005344",4,19.047619047619
"cg20007498",2,9.52380952380952
"cg20007702",1,4.76190476190476
"cg20008870",5,23.8095238095238
"cg20011188",1,4.76190476190476
"cg20014598",1,4.76190476190476
"cg20014687",6,28.5714285714286
"cg20014926",1,4.76190476190476
"cg20015773",4,19.047619047619
"cg20016490",2,9.52380952380952
"cg20016905",4,19.047619047619
"cg20020139",2,9.52380952380952
"cg20021491",13,61.9047619047619
"cg20025871",2,9.52380952380952
"cg20030852",1,4.76190476190476
"cg20040142",1,4.76190476190476
"cg20040626",2,9.52380952380952
"cg20040979",6,28.5714285714286
"cg20043196",1,4.76190476190476
"cg20043747",7,33.3333333333333
"cg20048186",7,33.3333333333333
"cg20049721",1,4.76190476190476
"cg20050420",1,4.76190476190476
"cg20051358",2,9.52380952380952
"cg20053366",3,14.2857142857143
"cg20053627",1,4.76190476190476
"cg20055664",1,4.76190476190476
"cg20058308",2,9.52380952380952
"cg20062978",1,4.76190476190476
"cg20063257",1,4.76190476190476
"cg20074271",1,4.76190476190476
"cg20075517",14,66.6666666666667
"cg20075528",1,4.76190476190476
"cg20075831",18,85.7142857142857
"cg20076297",19,90.4761904761905
"cg20078262",6,28.5714285714286
"cg20080590",8,38.0952380952381
"cg20081082",2,9.52380952380952
"cg20083297",11,52.3809523809524
"cg20083839",5,23.8095238095238
"cg20084552",2,9.52380952380952
"cg20085603",6,28.5714285714286
"cg20087125",7,33.3333333333333
"cg20088477",1,4.76190476190476
"cg20089531",1,4.76190476190476
"cg20090096",5,23.8095238095238
"cg20096507",1,4.76190476190476
"cg20097397",9,42.8571428571429
"cg20097403",1,4.76190476190476
"cg20098883",2,9.52380952380952
"cg20100745",1,4.76190476190476
"cg20104195",2,9.52380952380952
"cg20104384",10,47.6190476190476
"cg20105717",9,42.8571428571429
"cg20111163",1,4.76190476190476
"cg20111269",1,4.76190476190476
"cg20116011",1,4.76190476190476
"cg20118596",4,19.047619047619
"cg20122021",3,14.2857142857143
"cg20125706",8,38.0952380952381
"cg20130098",1,4.76190476190476
"cg20140865",2,9.52380952380952
"cg20144469",2,9.52380952380952
"cg20149255",1,4.76190476190476
"cg20152415",2,9.52380952380952
"cg20156329",4,19.047619047619
"cg20157873",2,9.52380952380952
"cg20164358",1,4.76190476190476
"cg20172332",1,4.76190476190476
"cg20172468",1,4.76190476190476
"cg20174535",1,4.76190476190476
"cg20177477",1,4.76190476190476
"cg20177800",7,33.3333333333333
"cg20181151",1,4.76190476190476
"cg20183705",1,4.76190476190476
"cg20184856",1,4.76190476190476
"cg20187220",6,28.5714285714286
"cg20190597",1,4.76190476190476
"cg20193300",1,4.76190476190476
"cg20194668",5,23.8095238095238
"cg20196537",1,4.76190476190476
"cg20197252",1,4.76190476190476
"cg20198512",2,9.52380952380952
"cg20202267",7,33.3333333333333
"cg20202874",1,4.76190476190476
"cg20203562",14,66.6666666666667
"cg20206671",1,4.76190476190476
"cg20208322",4,19.047619047619
"cg20208643",4,19.047619047619
"cg20208787",1,4.76190476190476
"cg20210000",2,9.52380952380952
"cg20210641",1,4.76190476190476
"cg20215029",11,52.3809523809524
"cg20215725",4,19.047619047619
"cg20216961",4,19.047619047619
"cg20216983",6,28.5714285714286
"cg20219641",3,14.2857142857143
"cg20220034",1,4.76190476190476
"cg20220518",2,9.52380952380952
"cg20222595",13,61.9047619047619
"cg20223340",6,28.5714285714286
"cg20223994",6,28.5714285714286
"cg20226170",1,4.76190476190476
"cg20229848",3,14.2857142857143
"cg20230440",1,4.76190476190476
"cg20231025",1,4.76190476190476
"cg20232673",1,4.76190476190476
"cg20233694",1,4.76190476190476
"cg20233729",7,33.3333333333333
"cg20234172",1,4.76190476190476
"cg20235573",1,4.76190476190476
"cg20236952",16,76.1904761904762
"cg20238626",9,42.8571428571429
"cg20240435",1,4.76190476190476
"cg20244401",1,4.76190476190476
"cg20245641",1,4.76190476190476
"cg20246030",4,19.047619047619
"cg20248972",1,4.76190476190476
"cg20250487",8,38.0952380952381
"cg20250700",10,47.6190476190476
"cg20254265",1,4.76190476190476
"cg20255085",1,4.76190476190476
"cg20255319",1,4.76190476190476
"cg20255597",5,23.8095238095238
"cg20257947",7,33.3333333333333
"cg20260904",2,9.52380952380952
"cg20263349",13,61.9047619047619
"cg20264491",1,4.76190476190476
"cg20265307",1,4.76190476190476
"cg20267469",13,61.9047619047619
"cg20269141",1,4.76190476190476
"cg20269458",2,9.52380952380952
"cg20273660",6,28.5714285714286
"cg20274190",1,4.76190476190476
"cg20281583",5,23.8095238095238
"cg20285274",1,4.76190476190476
"cg20287328",12,57.1428571428571
"cg20287640",1,4.76190476190476
"cg20290100",15,71.4285714285714
"cg20300549",1,4.76190476190476
"cg20303301",1,4.76190476190476
"cg20303572",3,14.2857142857143
"cg20304423",1,4.76190476190476
"cg20304912",1,4.76190476190476
"cg20306285",2,9.52380952380952
"cg20307885",2,9.52380952380952
"cg20310842",7,33.3333333333333
"cg20311092",1,4.76190476190476
"cg20311843",2,9.52380952380952
"cg20313807",1,4.76190476190476
"cg20315807",4,19.047619047619
"cg20322299",1,4.76190476190476
"cg20324207",1,4.76190476190476
"cg20327324",1,4.76190476190476
"cg20327389",1,4.76190476190476
"cg20328572",20,95.2380952380952
"cg20332756",3,14.2857142857143
"cg20332907",1,4.76190476190476
"cg20334194",2,9.52380952380952
"cg20336068",1,4.76190476190476
"cg20336352",1,4.76190476190476
"cg20338066",7,33.3333333333333
"cg20338461",4,19.047619047619
"cg20339715",1,4.76190476190476
"cg20341408",9,42.8571428571429
"cg20342859",5,23.8095238095238
"cg20346580",2,9.52380952380952
"cg20346751",3,14.2857142857143
"cg20349333",2,9.52380952380952
"cg20350612",1,4.76190476190476
"cg20350937",1,4.76190476190476
"cg20353881",1,4.76190476190476
"cg20355559",1,4.76190476190476
"cg20355924",1,4.76190476190476
"cg20356272",1,4.76190476190476
"cg20358034",1,4.76190476190476
"cg20365257",8,38.0952380952381
"cg20367539",1,4.76190476190476
"cg20367541",1,4.76190476190476
"cg20368463",1,4.76190476190476
"cg20369724",4,19.047619047619
"cg20373474",1,4.76190476190476
"cg20373475",5,23.8095238095238
"cg20379319",2,9.52380952380952
"cg20382172",1,4.76190476190476
"cg20384075",1,4.76190476190476
"cg20385248",2,9.52380952380952
"cg20388590",1,4.76190476190476
"cg20396111",18,85.7142857142857
"cg20399091",3,14.2857142857143
"cg20399475",1,4.76190476190476
"cg20399606",1,4.76190476190476
"cg20401323",1,4.76190476190476
"cg20401549",3,14.2857142857143
"cg20406474",8,38.0952380952381
"cg20407003",2,9.52380952380952
"cg20411884",1,4.76190476190476
"cg20414484",6,28.5714285714286
"cg20415435",2,9.52380952380952
"cg20415697",4,19.047619047619
"cg20415960",8,38.0952380952381
"cg20416335",3,14.2857142857143
"cg20417855",5,23.8095238095238
"cg20418101",3,14.2857142857143
"cg20421317",1,4.76190476190476
"cg20422467",15,71.4285714285714
"cg20423064",1,4.76190476190476
"cg20423093",8,38.0952380952381
"cg20424346",1,4.76190476190476
"cg20424974",4,19.047619047619
"cg20425382",7,33.3333333333333
"cg20425652",2,9.52380952380952
"cg20426806",1,4.76190476190476
"cg20429714",4,19.047619047619
"cg20431785",3,14.2857142857143
"cg20432420",2,9.52380952380952
"cg20432810",4,19.047619047619
"cg20433261",19,90.4761904761905
"cg20433305",12,57.1428571428571
"cg20433385",1,4.76190476190476
"cg20433702",1,4.76190476190476
"cg20434604",3,14.2857142857143
"cg20435267",2,9.52380952380952
"cg20440624",7,33.3333333333333
"cg20441661",10,47.6190476190476
"cg20443758",3,14.2857142857143
"cg20447485",4,19.047619047619
"cg20449313",11,52.3809523809524
"cg20450412",1,4.76190476190476
"cg20451059",1,4.76190476190476
"cg20451904",2,9.52380952380952
"cg20452453",5,23.8095238095238
"cg20454066",1,4.76190476190476
"cg20454429",1,4.76190476190476
"cg20455967",20,95.2380952380952
"cg20459022",1,4.76190476190476
"cg20460566",1,4.76190476190476
"cg20461691",2,9.52380952380952
"cg20463750",1,4.76190476190476
"cg20466383",1,4.76190476190476
"cg20468026",1,4.76190476190476
"cg20474604",2,9.52380952380952
"cg20475085",3,14.2857142857143
"cg20478592",1,4.76190476190476
"cg20478934",2,9.52380952380952
"cg20480364",2,9.52380952380952
"cg20480918",2,9.52380952380952
"cg20481642",3,14.2857142857143
"cg20488226",1,4.76190476190476
"cg20489234",15,71.4285714285714
"cg20489804",1,4.76190476190476
"cg20491223",2,9.52380952380952
"cg20494442",3,14.2857142857143
"cg20495164",5,23.8095238095238
"cg20496695",1,4.76190476190476
"cg20497183",5,23.8095238095238
"cg20499663",8,38.0952380952381
"cg20500783",18,85.7142857142857
"cg20500854",1,4.76190476190476
"cg20501018",3,14.2857142857143
"cg20505203",1,4.76190476190476
"cg20505338",3,14.2857142857143
"cg20512925",4,19.047619047619
"cg20519770",1,4.76190476190476
"cg20521128",9,42.8571428571429
"cg20522042",1,4.76190476190476
"cg20523100",1,4.76190476190476
"cg20527714",1,4.76190476190476
"cg20530576",1,4.76190476190476
"cg20533663",1,4.76190476190476
"cg20541346",1,4.76190476190476
"cg20541522",1,4.76190476190476
"cg20543198",1,4.76190476190476
"cg20546404",16,76.1904761904762
"cg20546464",3,14.2857142857143
"cg20550149",18,85.7142857142857
"cg20550193",1,4.76190476190476
"cg20551172",15,71.4285714285714
"cg20551230",1,4.76190476190476
"cg20552882",3,14.2857142857143
"cg20553024",2,9.52380952380952
"cg20553277",1,4.76190476190476
"cg20555413",1,4.76190476190476
"cg20556598",1,4.76190476190476
"cg20559819",1,4.76190476190476
"cg20560317",1,4.76190476190476
"cg20560714",2,9.52380952380952
"cg20561941",2,9.52380952380952
"cg20564105",12,57.1428571428571
"cg20565684",10,47.6190476190476
"cg20565946",1,4.76190476190476
"cg20567570",1,4.76190476190476
"cg20570867",1,4.76190476190476
"cg20571213",1,4.76190476190476
"cg20572796",4,19.047619047619
"cg20575003",1,4.76190476190476
"cg20578657",1,4.76190476190476
"cg20579118",1,4.76190476190476
"cg20583942",1,4.76190476190476
"cg20584815",9,42.8571428571429
"cg20584989",1,4.76190476190476
"cg20586169",1,4.76190476190476
"cg20594841",2,9.52380952380952
"cg20595271",17,80.9523809523809
"cg20596771",5,23.8095238095238
"cg20597640",4,19.047619047619
"cg20598235",3,14.2857142857143
"cg20598843",1,4.76190476190476
"cg20600038",2,9.52380952380952
"cg20603003",3,14.2857142857143
"cg20604957",2,9.52380952380952
"cg20607416",3,14.2857142857143
"cg20608322",2,9.52380952380952
"cg20608423",1,4.76190476190476
"cg20609513",15,71.4285714285714
"cg20610798",3,14.2857142857143
"cg20611115",7,33.3333333333333
"cg20611230",1,4.76190476190476
"cg20618706",1,4.76190476190476
"cg20620756",1,4.76190476190476
"cg20623342",8,38.0952380952381
"cg20623702",1,4.76190476190476
"cg20624042",1,4.76190476190476
"cg20625767",1,4.76190476190476
"cg20626339",2,9.52380952380952
"cg20627834",1,4.76190476190476
"cg20630239",1,4.76190476190476
"cg20630356",1,4.76190476190476
"cg20630386",1,4.76190476190476
"cg20631344",1,4.76190476190476
"cg20632814",5,23.8095238095238
"cg20633995",1,4.76190476190476
"cg20636138",2,9.52380952380952
"cg20637568",1,4.76190476190476
"cg20642457",1,4.76190476190476
"cg20642580",11,52.3809523809524
"cg20642756",4,19.047619047619
"cg20648871",2,9.52380952380952
"cg20652030",2,9.52380952380952
"cg20652441",9,42.8571428571429
"cg20652733",1,4.76190476190476
"cg20652923",9,42.8571428571429
"cg20653311",12,57.1428571428571
"cg20656245",3,14.2857142857143
"cg20659428",2,9.52380952380952
"cg20662018",2,9.52380952380952
"cg20663692",1,4.76190476190476
"cg20667168",2,9.52380952380952
"cg20667794",2,9.52380952380952
"cg20672999",2,9.52380952380952
"cg20675401",2,9.52380952380952
"cg20676255",1,4.76190476190476
"cg20676896",1,4.76190476190476
"cg20677320",3,14.2857142857143
"cg20678165",2,9.52380952380952
"cg20678438",2,9.52380952380952
"cg20679767",1,4.76190476190476
"cg20683250",2,9.52380952380952
"cg20685870",1,4.76190476190476
"cg20692218",1,4.76190476190476
"cg20692861",1,4.76190476190476
"cg20694962",1,4.76190476190476
"cg20695993",1,4.76190476190476
"cg20696765",1,4.76190476190476
"cg20700164",1,4.76190476190476
"cg20700762",1,4.76190476190476
"cg20700869",4,19.047619047619
"cg20701987",6,28.5714285714286
"cg20703682",1,4.76190476190476
"cg20704685",1,4.76190476190476
"cg20704957",4,19.047619047619
"cg20708610",1,4.76190476190476
"cg20714478",2,9.52380952380952
"cg20714971",3,14.2857142857143
"cg20719228",1,4.76190476190476
"cg20721322",1,4.76190476190476
"cg20726360",1,4.76190476190476
"cg20727321",1,4.76190476190476
"cg20729910",4,19.047619047619
"cg20737582",3,14.2857142857143
"cg20738895",3,14.2857142857143
"cg20739576",12,57.1428571428571
"cg20746459",1,4.76190476190476
"cg20751619",2,9.52380952380952
"cg20753394",1,4.76190476190476
"cg20753702",2,9.52380952380952
"cg20758988",1,4.76190476190476
"cg20760873",6,28.5714285714286
"cg20763786",1,4.76190476190476
"cg20764275",6,28.5714285714286
"cg20773012",2,9.52380952380952
"cg20773224",9,42.8571428571429
"cg20773708",1,4.76190476190476
"cg20773945",1,4.76190476190476
"cg20775007",1,4.76190476190476
"cg20775731",11,52.3809523809524
"cg20776619",1,4.76190476190476
"cg20779955",1,4.76190476190476
"cg20780945",1,4.76190476190476
"cg20785150",1,4.76190476190476
"cg20787639",1,4.76190476190476
"cg20787893",2,9.52380952380952
"cg20788890",8,38.0952380952381
"cg20793459",14,66.6666666666667
"cg20793559",1,4.76190476190476
"cg20793560",4,19.047619047619
"cg20796029",3,14.2857142857143
"cg20796556",13,61.9047619047619
"cg20799269",1,4.76190476190476
"cg20801739",1,4.76190476190476
"cg20802511",1,4.76190476190476
"cg20805605",16,76.1904761904762
"cg20810124",17,80.9523809523809
"cg20810558",1,4.76190476190476
"cg20815394",18,85.7142857142857
"cg20815588",1,4.76190476190476
"cg20816204",1,4.76190476190476
"cg20818873",2,9.52380952380952
"cg20818925",2,9.52380952380952
"cg20821566",1,4.76190476190476
"cg20821713",1,4.76190476190476
"cg20822509",8,38.0952380952381
"cg20823187",6,28.5714285714286
"cg20824134",5,23.8095238095238
"cg20828149",5,23.8095238095238
"cg20830941",5,23.8095238095238
"cg20832064",10,47.6190476190476
"cg20836917",2,9.52380952380952
"cg20837474",1,4.76190476190476
"cg20839512",2,9.52380952380952
"cg20841180",8,38.0952380952381
"cg20841603",1,4.76190476190476
"cg20843809",4,19.047619047619
"cg20843816",8,38.0952380952381
"cg20845461",7,33.3333333333333
"cg20846311",1,4.76190476190476
"cg20847165",1,4.76190476190476
"cg20850174",9,42.8571428571429
"cg20850687",1,4.76190476190476
"cg20852041",1,4.76190476190476
"cg20852554",2,9.52380952380952
"cg20854018",1,4.76190476190476
"cg20854760",1,4.76190476190476
"cg20855044",5,23.8095238095238
"cg20857421",6,28.5714285714286
"cg20859127",1,4.76190476190476
"cg20860230",1,4.76190476190476
"cg20860425",2,9.52380952380952
"cg20862022",1,4.76190476190476
"cg20863789",2,9.52380952380952
"cg20864678",5,23.8095238095238
"cg20867896",9,42.8571428571429
"cg20867938",2,9.52380952380952
"cg20873641",1,4.76190476190476
"cg20873884",1,4.76190476190476
"cg20881575",11,52.3809523809524
"cg20883406",5,23.8095238095238
"cg20884203",13,61.9047619047619
"cg20886104",3,14.2857142857143
"cg20886194",3,14.2857142857143
"cg20888494",1,4.76190476190476
"cg20894569",1,4.76190476190476
"cg20895089",1,4.76190476190476
"cg20895722",1,4.76190476190476
"cg20900466",6,28.5714285714286
"cg20904375",1,4.76190476190476
"cg20907586",2,9.52380952380952
"cg20909280",1,4.76190476190476
"cg20910361",1,4.76190476190476
"cg20910935",2,9.52380952380952
"cg20911675",4,19.047619047619
"cg20911986",4,19.047619047619
"cg20916362",2,9.52380952380952
"cg20920033",1,4.76190476190476
"cg20922285",3,14.2857142857143
"cg20924006",3,14.2857142857143
"cg20932268",7,33.3333333333333
"cg20934650",7,33.3333333333333
"cg20937230",1,4.76190476190476
"cg20939301",5,23.8095238095238
"cg20939322",2,9.52380952380952
"cg20942304",2,9.52380952380952
"cg20944390",5,23.8095238095238
"cg20945531",3,14.2857142857143
"cg20946904",1,4.76190476190476
"cg20948956",1,4.76190476190476
"cg20951645",3,14.2857142857143
"cg20957637",5,23.8095238095238
"cg20963261",1,4.76190476190476
"cg20963646",8,38.0952380952381
"cg20964263",3,14.2857142857143
"cg20965051",1,4.76190476190476
"cg20965748",2,9.52380952380952
"cg20965962",3,14.2857142857143
"cg20968200",1,4.76190476190476
"cg20969965",5,23.8095238095238
"cg20971158",1,4.76190476190476
"cg20975593",2,9.52380952380952
"cg20975802",2,9.52380952380952
"cg20977169",1,4.76190476190476
"cg20977853",2,9.52380952380952
"cg20978680",2,9.52380952380952
"cg20979897",1,4.76190476190476
"cg20981403",2,9.52380952380952
"cg20987964",20,95.2380952380952
"cg20991686",4,19.047619047619
"cg20994372",3,14.2857142857143
"cg20999911",1,4.76190476190476
"cg21000919",1,4.76190476190476
"cg21001906",2,9.52380952380952
"cg21002242",1,4.76190476190476
"cg21002958",1,4.76190476190476
"cg21005589",3,14.2857142857143
"cg21006470",2,9.52380952380952
"cg21011320",2,9.52380952380952
"cg21012312",9,42.8571428571429
"cg21014267",1,4.76190476190476
"cg21017065",1,4.76190476190476
"cg21017348",1,4.76190476190476
"cg21027076",4,19.047619047619
"cg21029705",1,4.76190476190476
"cg21031375",2,9.52380952380952
"cg21032136",1,4.76190476190476
"cg21032750",8,38.0952380952381
"cg21033973",1,4.76190476190476
"cg21035002",3,14.2857142857143
"cg21037109",1,4.76190476190476
"cg21037446",3,14.2857142857143
"cg21038220",2,9.52380952380952
"cg21045643",7,33.3333333333333
"cg21047303",3,14.2857142857143
"cg21048965",1,4.76190476190476
"cg21052958",1,4.76190476190476
"cg21053224",2,9.52380952380952
"cg21053388",3,14.2857142857143
"cg21053763",1,4.76190476190476
"cg21056326",1,4.76190476190476
"cg21058921",1,4.76190476190476
"cg21060691",1,4.76190476190476
"cg21064229",1,4.76190476190476
"cg21064451",1,4.76190476190476
"cg21066127",16,76.1904761904762
"cg21066599",2,9.52380952380952
"cg21066768",2,9.52380952380952
"cg21069258",1,4.76190476190476
"cg21072260",4,19.047619047619
"cg21074015",1,4.76190476190476
"cg21077720",1,4.76190476190476
"cg21081962",3,14.2857142857143
"cg21089394",1,4.76190476190476
"cg21093670",5,23.8095238095238
"cg21099361",4,19.047619047619
"cg21099802",1,4.76190476190476
"cg21099839",1,4.76190476190476
"cg21105875",1,4.76190476190476
"cg21106136",4,19.047619047619
"cg21106446",6,28.5714285714286
"cg21108506",12,57.1428571428571
"cg21109515",1,4.76190476190476
"cg21110028",1,4.76190476190476
"cg21111121",1,4.76190476190476
"cg21112147",2,9.52380952380952
"cg21114725",1,4.76190476190476
"cg21114806",1,4.76190476190476
"cg21120391",1,4.76190476190476
"cg21123002",12,57.1428571428571
"cg21123573",1,4.76190476190476
"cg21125009",1,4.76190476190476
"cg21125179",3,14.2857142857143
"cg21125614",1,4.76190476190476
"cg21126969",1,4.76190476190476
"cg21127878",7,33.3333333333333
"cg21128656",1,4.76190476190476
"cg21131402",1,4.76190476190476
"cg21134168",3,14.2857142857143
"cg21138201",1,4.76190476190476
"cg21141144",1,4.76190476190476
"cg21143157",1,4.76190476190476
"cg21143188",2,9.52380952380952
"cg21143551",1,4.76190476190476
"cg21144872",2,9.52380952380952
"cg21146991",2,9.52380952380952
"cg21147778",14,66.6666666666667
"cg21148115",2,9.52380952380952
"cg21150347",2,9.52380952380952
"cg21150892",19,90.4761904761905
"cg21153342",2,9.52380952380952
"cg21155284",1,4.76190476190476
"cg21161590",11,52.3809523809524
"cg21162864",1,4.76190476190476
"cg21164675",2,9.52380952380952
"cg21167587",2,9.52380952380952
"cg21168918",1,4.76190476190476
"cg21169049",3,14.2857142857143
"cg21169140",3,14.2857142857143
"cg21175505",1,4.76190476190476
"cg21178202",1,4.76190476190476
"cg21180010",5,23.8095238095238
"cg21180234",2,9.52380952380952
"cg21180839",6,28.5714285714286
"cg21181363",1,4.76190476190476
"cg21182464",2,9.52380952380952
"cg21183070",2,9.52380952380952
"cg21185075",3,14.2857142857143
"cg21187007",3,14.2857142857143
"cg21187312",1,4.76190476190476
"cg21189273",1,4.76190476190476
"cg21192158",8,38.0952380952381
"cg21194356",2,9.52380952380952
"cg21194548",2,9.52380952380952
"cg21196209",1,4.76190476190476
"cg21197271",1,4.76190476190476
"cg21199754",12,57.1428571428571
"cg21202464",3,14.2857142857143
"cg21202824",1,4.76190476190476
"cg21207819",1,4.76190476190476
"cg21211453",1,4.76190476190476
"cg21211941",1,4.76190476190476
"cg21213074",1,4.76190476190476
"cg21214753",1,4.76190476190476
"cg21217780",2,9.52380952380952
"cg21219396",3,14.2857142857143
"cg21219745",6,28.5714285714286
"cg21220753",2,9.52380952380952
"cg21221206",16,76.1904761904762
"cg21222185",1,4.76190476190476
"cg21224629",1,4.76190476190476
"cg21226074",1,4.76190476190476
"cg21229219",6,28.5714285714286
"cg21232273",6,28.5714285714286
"cg21232609",6,28.5714285714286
"cg21236003",9,42.8571428571429
"cg21236770",6,28.5714285714286
"cg21236970",1,4.76190476190476
"cg21238253",4,19.047619047619
"cg21238473",1,4.76190476190476
"cg21238876",1,4.76190476190476
"cg21239597",3,14.2857142857143
"cg21243339",3,14.2857142857143
"cg21244684",15,71.4285714285714
"cg21245511",9,42.8571428571429
"cg21245521",2,9.52380952380952
"cg21245522",1,4.76190476190476
"cg21246096",1,4.76190476190476
"cg21247263",3,14.2857142857143
"cg21247666",15,71.4285714285714
"cg21252888",1,4.76190476190476
"cg21253560",1,4.76190476190476
"cg21255583",10,47.6190476190476
"cg21255796",1,4.76190476190476
"cg21255987",7,33.3333333333333
"cg21257090",2,9.52380952380952
"cg21257181",1,4.76190476190476
"cg21258529",4,19.047619047619
"cg21260082",4,19.047619047619
"cg21263965",11,52.3809523809524
"cg21264903",1,4.76190476190476
"cg21275849",1,4.76190476190476
"cg21276620",6,28.5714285714286
"cg21277945",1,4.76190476190476
"cg21284743",1,4.76190476190476
"cg21287757",4,19.047619047619
"cg21288325",1,4.76190476190476
"cg21289620",1,4.76190476190476
"cg21291477",1,4.76190476190476
"cg21292201",2,9.52380952380952
"cg21298667",1,4.76190476190476
"cg21300634",5,23.8095238095238
"cg21301992",1,4.76190476190476
"cg21302876",7,33.3333333333333
"cg21304285",2,9.52380952380952
"cg21305631",5,23.8095238095238
"cg21307640",6,28.5714285714286
"cg21310790",1,4.76190476190476
"cg21311392",7,33.3333333333333
"cg21316771",2,9.52380952380952
"cg21317529",1,4.76190476190476
"cg21317733",1,4.76190476190476
"cg21317815",5,23.8095238095238
"cg21327413",1,4.76190476190476
"cg21327997",4,19.047619047619
"cg21329660",3,14.2857142857143
"cg21329873",1,4.76190476190476
"cg21330326",1,4.76190476190476
"cg21331055",3,14.2857142857143
"cg21337411",13,61.9047619047619
"cg21340024",3,14.2857142857143
"cg21342536",3,14.2857142857143
"cg21343734",1,4.76190476190476
"cg21344680",2,9.52380952380952
"cg21348357",1,4.76190476190476
"cg21353034",2,9.52380952380952
"cg21362413",1,4.76190476190476
"cg21363934",1,4.76190476190476
"cg21365495",11,52.3809523809524
"cg21365947",2,9.52380952380952
"cg21371220",15,71.4285714285714
"cg21371222",11,52.3809523809524
"cg21371986",2,9.52380952380952
"cg21373150",11,52.3809523809524
"cg21385621",1,4.76190476190476
"cg21385707",3,14.2857142857143
"cg21385978",1,4.76190476190476
"cg21386933",8,38.0952380952381
"cg21391582",5,23.8095238095238
"cg21392220",3,14.2857142857143
"cg21395252",8,38.0952380952381
"cg21398186",3,14.2857142857143
"cg21400640",1,4.76190476190476
"cg21402062",1,4.76190476190476
"cg21402749",2,9.52380952380952
"cg21407844",1,4.76190476190476
"cg21408351",1,4.76190476190476
"cg21408445",2,9.52380952380952
"cg21408822",1,4.76190476190476
"cg21411331",1,4.76190476190476
"cg21415745",5,23.8095238095238
"cg21422584",3,14.2857142857143
"cg21426200",1,4.76190476190476
"cg21426667",10,47.6190476190476
"cg21427227",1,4.76190476190476
"cg21428318",1,4.76190476190476
"cg21433192",13,61.9047619047619
"cg21445204",1,4.76190476190476
"cg21447644",1,4.76190476190476
"cg21449902",2,9.52380952380952
"cg21450708",1,4.76190476190476
"cg21451117",3,14.2857142857143
"cg21455929",2,9.52380952380952
"cg21459774",3,14.2857142857143
"cg21461091",3,14.2857142857143
"cg21464353",1,4.76190476190476
"cg21469278",1,4.76190476190476
"cg21472731",1,4.76190476190476
"cg21474379",11,52.3809523809524
"cg21479076",1,4.76190476190476
"cg21479923",2,9.52380952380952
"cg21480211",13,61.9047619047619
"cg21480698",1,4.76190476190476
"cg21484863",5,23.8095238095238
"cg21485920",1,4.76190476190476
"cg21486205",1,4.76190476190476
"cg21486411",1,4.76190476190476
"cg21488144",2,9.52380952380952
"cg21489881",1,4.76190476190476
"cg21494073",16,76.1904761904762
"cg21498120",3,14.2857142857143
"cg21498511",2,9.52380952380952
"cg21499486",4,19.047619047619
"cg21504345",1,4.76190476190476
"cg21505251",1,4.76190476190476
"cg21507371",1,4.76190476190476
"cg21510704",1,4.76190476190476
"cg21511731",1,4.76190476190476
"cg21511734",11,52.3809523809524
"cg21512216",1,4.76190476190476
"cg21514523",3,14.2857142857143
"cg21520985",1,4.76190476190476
"cg21522218",1,4.76190476190476
"cg21524529",11,52.3809523809524
"cg21526826",1,4.76190476190476
"cg21540406",1,4.76190476190476
"cg21542599",5,23.8095238095238
"cg21546984",1,4.76190476190476
"cg21547437",15,71.4285714285714
"cg21547498",14,66.6666666666667
"cg21548846",4,19.047619047619
"cg21548849",1,4.76190476190476
"cg21550535",1,4.76190476190476
"cg21554289",8,38.0952380952381
"cg21556998",2,9.52380952380952
"cg21560722",1,4.76190476190476
"cg21562423",1,4.76190476190476
"cg21565299",3,14.2857142857143
"cg21571070",8,38.0952380952381
"cg21575235",9,42.8571428571429
"cg21576350",1,4.76190476190476
"cg21578207",1,4.76190476190476
"cg21580594",3,14.2857142857143
"cg21585845",1,4.76190476190476
"cg21585975",2,9.52380952380952
"cg21595813",3,14.2857142857143
"cg21595920",4,19.047619047619
"cg21598067",2,9.52380952380952
"cg21601328",1,4.76190476190476
"cg21602318",6,28.5714285714286
"cg21602846",1,4.76190476190476
"cg21604100",1,4.76190476190476
"cg21607748",4,19.047619047619
"cg21614762",4,19.047619047619
"cg21624697",3,14.2857142857143
"cg21627759",4,19.047619047619
"cg21627799",1,4.76190476190476
"cg21627980",3,14.2857142857143
"cg21633620",13,61.9047619047619
"cg21637568",9,42.8571428571429
"cg21639000",1,4.76190476190476
"cg21640106",12,57.1428571428571
"cg21642649",1,4.76190476190476
"cg21645620",1,4.76190476190476
"cg21646921",1,4.76190476190476
"cg21647498",3,14.2857142857143
"cg21649277",1,4.76190476190476
"cg21649668",3,14.2857142857143
"cg21653646",3,14.2857142857143
"cg21655233",1,4.76190476190476
"cg21657334",2,9.52380952380952
"cg21659100",1,4.76190476190476
"cg21664909",2,9.52380952380952
"cg21665814",1,4.76190476190476
"cg21666926",6,28.5714285714286
"cg21669120",12,57.1428571428571
"cg21669438",1,4.76190476190476
"cg21669640",2,9.52380952380952
"cg21670103",12,57.1428571428571
"cg21674595",1,4.76190476190476
"cg21677767",1,4.76190476190476
"cg21679876",4,19.047619047619
"cg21685048",1,4.76190476190476
"cg21686978",4,19.047619047619
"cg21690383",7,33.3333333333333
"cg21693354",1,4.76190476190476
"cg21699317",7,33.3333333333333
"cg21701501",2,9.52380952380952
"cg21701692",10,47.6190476190476
"cg21702557",2,9.52380952380952
"cg21702820",1,4.76190476190476
"cg21703926",8,38.0952380952381
"cg21704660",4,19.047619047619
"cg21705219",1,4.76190476190476
"cg21709662",1,4.76190476190476
"cg21709740",2,9.52380952380952
"cg21711966",3,14.2857142857143
"cg21719469",2,9.52380952380952
"cg21720941",2,9.52380952380952
"cg21721910",5,23.8095238095238
"cg21728490",1,4.76190476190476
"cg21731721",3,14.2857142857143
"cg21734651",1,4.76190476190476
"cg21736378",1,4.76190476190476
"cg21737619",1,4.76190476190476
"cg21738464",2,9.52380952380952
"cg21738819",3,14.2857142857143
"cg21739866",8,38.0952380952381
"cg21743479",1,4.76190476190476
"cg21746633",2,9.52380952380952
"cg21746891",1,4.76190476190476
"cg21751047",1,4.76190476190476
"cg21758850",10,47.6190476190476
"cg21760496",8,38.0952380952381
"cg21762808",1,4.76190476190476
"cg21763653",2,9.52380952380952
"cg21770206",1,4.76190476190476
"cg21770758",4,19.047619047619
"cg21771367",6,28.5714285714286
"cg21771682",1,4.76190476190476
"cg21771896",4,19.047619047619
"cg21772582",2,9.52380952380952
"cg21774804",1,4.76190476190476
"cg21776010",2,9.52380952380952
"cg21777304",1,4.76190476190476
"cg21777827",2,9.52380952380952
"cg21782554",3,14.2857142857143
"cg21791322",1,4.76190476190476
"cg21792806",1,4.76190476190476
"cg21797422",1,4.76190476190476
"cg21797762",12,57.1428571428571
"cg21802528",1,4.76190476190476
"cg21803112",4,19.047619047619
"cg21806743",1,4.76190476190476
"cg21806810",1,4.76190476190476
"cg21809579",1,4.76190476190476
"cg21810411",1,4.76190476190476
"cg21810531",5,23.8095238095238
"cg21813567",4,19.047619047619
"cg21818042",1,4.76190476190476
"cg21818525",4,19.047619047619
"cg21821368",12,57.1428571428571
"cg21821887",1,4.76190476190476
"cg21822977",3,14.2857142857143
"cg21825944",1,4.76190476190476
"cg21826606",7,33.3333333333333
"cg21827683",1,4.76190476190476
"cg21836903",2,9.52380952380952
"cg21837816",2,9.52380952380952
"cg21838851",5,23.8095238095238
"cg21838981",1,4.76190476190476
"cg21842063",2,9.52380952380952
"cg21842842",1,4.76190476190476
"cg21847848",1,4.76190476190476
"cg21849835",1,4.76190476190476
"cg21850735",1,4.76190476190476
"cg21851186",6,28.5714285714286
"cg21854228",4,19.047619047619
"cg21855257",7,33.3333333333333
"cg21857346",1,4.76190476190476
"cg21857502",18,85.7142857142857
"cg21859292",5,23.8095238095238
"cg21859406",9,42.8571428571429
"cg21866524",5,23.8095238095238
"cg21869865",1,4.76190476190476
"cg21872428",1,4.76190476190476
"cg21872559",17,80.9523809523809
"cg21873524",2,9.52380952380952
"cg21878015",2,9.52380952380952
"cg21879272",1,4.76190476190476
"cg21880712",1,4.76190476190476
"cg21881101",17,80.9523809523809
"cg21881452",1,4.76190476190476
"cg21882228",1,4.76190476190476
"cg21882899",1,4.76190476190476
"cg21883740",8,38.0952380952381
"cg21885848",1,4.76190476190476
"cg21886196",1,4.76190476190476
"cg21886348",6,28.5714285714286
"cg21886743",1,4.76190476190476
"cg21893059",1,4.76190476190476
"cg21893737",1,4.76190476190476
"cg21896357",7,33.3333333333333
"cg21897108",1,4.76190476190476
"cg21898755",5,23.8095238095238
"cg21898787",1,4.76190476190476
"cg21901928",2,9.52380952380952
"cg21905390",1,4.76190476190476
"cg21908056",4,19.047619047619
"cg21908084",1,4.76190476190476
"cg21908507",4,19.047619047619
"cg21908829",1,4.76190476190476
"cg21909102",20,95.2380952380952
"cg21913997",7,33.3333333333333
"cg21915523",1,4.76190476190476
"cg21923672",1,4.76190476190476
"cg21924617",1,4.76190476190476
"cg21927122",4,19.047619047619
"cg21927913",5,23.8095238095238
"cg21930788",1,4.76190476190476
"cg21932286",1,4.76190476190476
"cg21934353",5,23.8095238095238
"cg21940302",1,4.76190476190476
"cg21941877",1,4.76190476190476
"cg21949471",1,4.76190476190476
"cg21950208",2,9.52380952380952
"cg21950277",1,4.76190476190476
"cg21952258",12,57.1428571428571
"cg21954085",1,4.76190476190476
"cg21954277",1,4.76190476190476
"cg21955274",1,4.76190476190476
"cg21960506",7,33.3333333333333
"cg21963023",2,9.52380952380952
"cg21965016",3,14.2857142857143
"cg21965302",7,33.3333333333333
"cg21970604",1,4.76190476190476
"cg21972222",1,4.76190476190476
"cg21983255",1,4.76190476190476
"cg21999948",4,19.047619047619
"cg22000472",2,9.52380952380952
"cg22001761",5,23.8095238095238
"cg22004547",6,28.5714285714286
"cg22009052",1,4.76190476190476
"cg22009376",11,52.3809523809524
"cg22010271",1,4.76190476190476
"cg22015108",4,19.047619047619
"cg22015585",1,4.76190476190476
"cg22017631",1,4.76190476190476
"cg22017903",1,4.76190476190476
"cg22018926",1,4.76190476190476
"cg22020396",8,38.0952380952381
"cg22020399",2,9.52380952380952
"cg22027887",7,33.3333333333333
"cg22030445",1,4.76190476190476
"cg22032017",9,42.8571428571429
"cg22034054",1,4.76190476190476
"cg22034892",1,4.76190476190476
"cg22035583",3,14.2857142857143
"cg22039699",1,4.76190476190476
"cg22041803",1,4.76190476190476
"cg22042316",9,42.8571428571429
"cg22045518",3,14.2857142857143
"cg22046151",8,38.0952380952381
"cg22046508",4,19.047619047619
"cg22048601",8,38.0952380952381
"cg22049718",5,23.8095238095238
"cg22051537",1,4.76190476190476
"cg22051798",2,9.52380952380952
"cg22052395",4,19.047619047619
"cg22052583",1,4.76190476190476
"cg22053257",1,4.76190476190476
"cg22056816",1,4.76190476190476
"cg22057519",1,4.76190476190476
"cg22060844",1,4.76190476190476
"cg22063035",1,4.76190476190476
"cg22064721",9,42.8571428571429
"cg22067481",3,14.2857142857143
"cg22068879",1,4.76190476190476
"cg22071258",1,4.76190476190476
"cg22073636",2,9.52380952380952
"cg22076126",1,4.76190476190476
"cg22077592",3,14.2857142857143
"cg22081327",10,47.6190476190476
"cg22081805",1,4.76190476190476
"cg22081930",1,4.76190476190476
"cg22082879",1,4.76190476190476
"cg22083449",1,4.76190476190476
"cg22084806",1,4.76190476190476
"cg22084841",1,4.76190476190476
"cg22085122",4,19.047619047619
"cg22088506",11,52.3809523809524
"cg22089735",1,4.76190476190476
"cg22090544",4,19.047619047619
"cg22098143",6,28.5714285714286
"cg22098240",2,9.52380952380952
"cg22103257",1,4.76190476190476
"cg22104894",1,4.76190476190476
"cg22107417",1,4.76190476190476
"cg22108024",1,4.76190476190476
"cg22109748",1,4.76190476190476
"cg22113306",1,4.76190476190476
"cg22115787",3,14.2857142857143
"cg22117009",1,4.76190476190476
"cg22117124",2,9.52380952380952
"cg22119716",3,14.2857142857143
"cg22121680",2,9.52380952380952
"cg22121705",2,9.52380952380952
"cg22123267",6,28.5714285714286
"cg22129188",3,14.2857142857143
"cg22130090",5,23.8095238095238
"cg22133889",13,61.9047619047619
"cg22134370",1,4.76190476190476
"cg22134401",8,38.0952380952381
"cg22134413",1,4.76190476190476
"cg22136765",1,4.76190476190476
"cg22144284",2,9.52380952380952
"cg22144766",2,9.52380952380952
"cg22146642",5,23.8095238095238
"cg22148283",6,28.5714285714286
"cg22149964",9,42.8571428571429
"cg22150797",6,28.5714285714286
"cg22151366",1,4.76190476190476
"cg22159475",1,4.76190476190476
"cg22160502",1,4.76190476190476
"cg22160863",1,4.76190476190476
"cg22165593",11,52.3809523809524
"cg22165876",1,4.76190476190476
"cg22166914",3,14.2857142857143
"cg22169467",10,47.6190476190476
"cg22172558",14,66.6666666666667
"cg22173373",9,42.8571428571429
"cg22173637",1,4.76190476190476
"cg22177175",1,4.76190476190476
"cg22177976",4,19.047619047619
"cg22179042",4,19.047619047619
"cg22184042",4,19.047619047619
"cg22184153",1,4.76190476190476
"cg22186155",1,4.76190476190476
"cg22187251",1,4.76190476190476
"cg22188451",1,4.76190476190476
"cg22189333",1,4.76190476190476
"cg22192138",1,4.76190476190476
"cg22195209",2,9.52380952380952
"cg22196946",3,14.2857142857143
"cg22200270",1,4.76190476190476
"cg22202057",3,14.2857142857143
"cg22202600",1,4.76190476190476
"cg22205137",4,19.047619047619
"cg22205811",1,4.76190476190476
"cg22206078",3,14.2857142857143
"cg22207373",2,9.52380952380952
"cg22210905",3,14.2857142857143
"cg22211437",1,4.76190476190476
"cg22215512",1,4.76190476190476
"cg22217471",1,4.76190476190476
"cg22218051",3,14.2857142857143
"cg22223182",1,4.76190476190476
"cg22228448",13,61.9047619047619
"cg22229496",2,9.52380952380952
"cg22229960",7,33.3333333333333
"cg22232915",5,23.8095238095238
"cg22234154",1,4.76190476190476
"cg22234943",2,9.52380952380952
"cg22234950",3,14.2857142857143
"cg22235387",1,4.76190476190476
"cg22235926",2,9.52380952380952
"cg22243530",13,61.9047619047619
"cg22243606",1,4.76190476190476
"cg22244427",2,9.52380952380952
"cg22244815",1,4.76190476190476
"cg22247231",5,23.8095238095238
"cg22247531",1,4.76190476190476
"cg22250332",1,4.76190476190476
"cg22251614",1,4.76190476190476
"cg22255799",1,4.76190476190476
"cg22256082",6,28.5714285714286
"cg22256471",2,9.52380952380952
"cg22264641",5,23.8095238095238
"cg22269304",6,28.5714285714286
"cg22271879",4,19.047619047619
"cg22272592",1,4.76190476190476
"cg22273589",1,4.76190476190476
"cg22275446",13,61.9047619047619
"cg22277695",1,4.76190476190476
"cg22277966",1,4.76190476190476
"cg22279959",1,4.76190476190476
"cg22280402",1,4.76190476190476
"cg22281697",1,4.76190476190476
"cg22282428",2,9.52380952380952
"cg22286521",7,33.3333333333333
"cg22286760",6,28.5714285714286
"cg22290048",1,4.76190476190476
"cg22291694",1,4.76190476190476
"cg22292151",1,4.76190476190476
"cg22292554",15,71.4285714285714
"cg22294671",1,4.76190476190476
"cg22294945",1,4.76190476190476
"cg22299620",1,4.76190476190476
"cg22302341",3,14.2857142857143
"cg22303192",1,4.76190476190476
"cg22303248",1,4.76190476190476
"cg22304901",1,4.76190476190476
"cg22305639",1,4.76190476190476
"cg22313380",3,14.2857142857143
"cg22315683",1,4.76190476190476
"cg22317255",1,4.76190476190476
"cg22317649",2,9.52380952380952
"cg22323132",6,28.5714285714286
"cg22323751",1,4.76190476190476
"cg22329438",2,9.52380952380952
"cg22331699",7,33.3333333333333
"cg22335366",2,9.52380952380952
"cg22336206",1,4.76190476190476
"cg22338152",2,9.52380952380952
"cg22338443",3,14.2857142857143
"cg22348008",17,80.9523809523809
"cg22350027",1,4.76190476190476
"cg22351390",6,28.5714285714286
"cg22354068",18,85.7142857142857
"cg22354456",12,57.1428571428571
"cg22355811",1,4.76190476190476
"cg22359031",9,42.8571428571429
"cg22359356",2,9.52380952380952
"cg22360292",1,4.76190476190476
"cg22362505",6,28.5714285714286
"cg22363330",1,4.76190476190476
"cg22365757",1,4.76190476190476
"cg22366385",1,4.76190476190476
"cg22367645",1,4.76190476190476
"cg22368976",2,9.52380952380952
"cg22369203",1,4.76190476190476
"cg22374544",1,4.76190476190476
"cg22375347",1,4.76190476190476
"cg22378856",6,28.5714285714286
"cg22378924",2,9.52380952380952
"cg22379635",14,66.6666666666667
"cg22386324",7,33.3333333333333
"cg22386945",9,42.8571428571429
"cg22392399",1,4.76190476190476
"cg22396985",3,14.2857142857143
"cg22398624",2,9.52380952380952
"cg22399490",15,71.4285714285714
"cg22403534",4,19.047619047619
"cg22405602",1,4.76190476190476
"cg22405820",2,9.52380952380952
"cg22406941",3,14.2857142857143
"cg22408183",1,4.76190476190476
"cg22408350",6,28.5714285714286
"cg22408517",5,23.8095238095238
"cg22409089",2,9.52380952380952
"cg22409101",1,4.76190476190476
"cg22410743",1,4.76190476190476
"cg22411731",7,33.3333333333333
"cg22414759",2,9.52380952380952
"cg22418427",1,4.76190476190476
"cg22418456",1,4.76190476190476
"cg22421813",6,28.5714285714286
"cg22422273",1,4.76190476190476
"cg22423267",3,14.2857142857143
"cg22423520",15,71.4285714285714
"cg22426729",3,14.2857142857143
"cg22426995",2,9.52380952380952
"cg22427411",2,9.52380952380952
"cg22428975",1,4.76190476190476
"cg22430607",1,4.76190476190476
"cg22433256",1,4.76190476190476
"cg22435764",3,14.2857142857143
"cg22435875",15,71.4285714285714
"cg22439794",8,38.0952380952381
"cg22442051",4,19.047619047619
"cg22442745",4,19.047619047619
"cg22445149",13,61.9047619047619
"cg22445601",3,14.2857142857143
"cg22447989",1,4.76190476190476
"cg22449592",1,4.76190476190476
"cg22449854",1,4.76190476190476
"cg22450574",17,80.9523809523809
"cg22453381",4,19.047619047619
"cg22456465",1,4.76190476190476
"cg22456809",3,14.2857142857143
"cg22458939",3,14.2857142857143
"cg22459936",10,47.6190476190476
"cg22461637",3,14.2857142857143
"cg22461799",9,42.8571428571429
"cg22462396",1,4.76190476190476
"cg22467871",7,33.3333333333333
"cg22467902",11,52.3809523809524
"cg22468974",2,9.52380952380952
"cg22472608",5,23.8095238095238
"cg22474401",1,4.76190476190476
"cg22475741",1,4.76190476190476
"cg22476534",1,4.76190476190476
"cg22477338",5,23.8095238095238
"cg22477419",6,28.5714285714286
"cg22479292",1,4.76190476190476
"cg22480538",2,9.52380952380952
"cg22480773",2,9.52380952380952
"cg22481241",1,4.76190476190476
"cg22485926",12,57.1428571428571
"cg22487198",3,14.2857142857143
"cg22488130",1,4.76190476190476
"cg22490045",11,52.3809523809524
"cg22492745",7,33.3333333333333
"cg22494263",1,4.76190476190476
"cg22494492",3,14.2857142857143
"cg22495488",2,9.52380952380952
"cg22499342",5,23.8095238095238
"cg22502160",5,23.8095238095238
"cg22502827",1,4.76190476190476
"cg22504837",5,23.8095238095238
"cg22506586",3,14.2857142857143
"cg22510215",3,14.2857142857143
"cg22510961",1,4.76190476190476
"cg22513058",13,61.9047619047619
"cg22513428",2,9.52380952380952
"cg22515639",5,23.8095238095238
"cg22518785",1,4.76190476190476
"cg22519480",1,4.76190476190476
"cg22520289",7,33.3333333333333
"cg22520922",2,9.52380952380952
"cg22523619",1,4.76190476190476
"cg22524170",1,4.76190476190476
"cg22524513",1,4.76190476190476
"cg22525308",1,4.76190476190476
"cg22526299",2,9.52380952380952
"cg22530157",4,19.047619047619
"cg22530567",1,4.76190476190476
"cg22530767",1,4.76190476190476
"cg22532335",4,19.047619047619
"cg22533356",1,4.76190476190476
"cg22533882",1,4.76190476190476
"cg22536032",1,4.76190476190476
"cg22537859",1,4.76190476190476
"cg22538115",2,9.52380952380952
"cg22538895",1,4.76190476190476
"cg22539900",1,4.76190476190476
"cg22542268",11,52.3809523809524
"cg22542413",1,4.76190476190476
"cg22542618",1,4.76190476190476
"cg22544032",1,4.76190476190476
"cg22548804",3,14.2857142857143
"cg22549437",1,4.76190476190476
"cg22550084",2,9.52380952380952
"cg22550255",4,19.047619047619
"cg22550378",1,4.76190476190476
"cg22551433",1,4.76190476190476
"cg22552986",1,4.76190476190476
"cg22554913",1,4.76190476190476
"cg22556943",3,14.2857142857143
"cg22557012",1,4.76190476190476
"cg22561430",1,4.76190476190476
"cg22561672",11,52.3809523809524
"cg22562063",1,4.76190476190476
"cg22563010",2,9.52380952380952
"cg22563704",3,14.2857142857143
"cg22570226",8,38.0952380952381
"cg22571336",1,4.76190476190476
"cg22573047",2,9.52380952380952
"cg22584218",1,4.76190476190476
"cg22584305",2,9.52380952380952
"cg22585758",1,4.76190476190476
"cg22589073",3,14.2857142857143
"cg22598183",1,4.76190476190476
"cg22599717",1,4.76190476190476
"cg22601808",2,9.52380952380952
"cg22608848",1,4.76190476190476
"cg22610549",6,28.5714285714286
"cg22613685",12,57.1428571428571
"cg22613769",1,4.76190476190476
"cg22616909",8,38.0952380952381
"cg22616935",8,38.0952380952381
"cg22617152",1,4.76190476190476
"cg22617363",6,28.5714285714286
"cg22617364",1,4.76190476190476
"cg22617505",4,19.047619047619
"cg22617570",5,23.8095238095238
"cg22617616",8,38.0952380952381
"cg22617636",1,4.76190476190476
"cg22617719",5,23.8095238095238
"cg22625568",1,4.76190476190476
"cg22627029",2,9.52380952380952
"cg22627350",1,4.76190476190476
"cg22630754",1,4.76190476190476
"cg22631443",1,4.76190476190476
"cg22633912",1,4.76190476190476
"cg22634337",1,4.76190476190476
"cg22635523",3,14.2857142857143
"cg22635555",1,4.76190476190476
"cg22636150",1,4.76190476190476
"cg22638976",3,14.2857142857143
"cg22639802",1,4.76190476190476
"cg22640638",1,4.76190476190476
"cg22641072",2,9.52380952380952
"cg22650065",1,4.76190476190476
"cg22650099",1,4.76190476190476
"cg22650260",8,38.0952380952381
"cg22651669",3,14.2857142857143
"cg22652747",1,4.76190476190476
"cg22653149",1,4.76190476190476
"cg22653620",4,19.047619047619
"cg22653982",1,4.76190476190476
"cg22661701",1,4.76190476190476
"cg22661966",2,9.52380952380952
"cg22662397",11,52.3809523809524
"cg22669123",4,19.047619047619
"cg22669854",4,19.047619047619
"cg22671970",1,4.76190476190476
"cg22674467",1,4.76190476190476
"cg22674789",1,4.76190476190476
"cg22674963",1,4.76190476190476
"cg22681495",1,4.76190476190476
"cg22682682",1,4.76190476190476
"cg22683377",1,4.76190476190476
"cg22685370",1,4.76190476190476
"cg22687078",1,4.76190476190476
"cg22687685",1,4.76190476190476
"cg22689316",10,47.6190476190476
"cg22696210",4,19.047619047619
"cg22696546",1,4.76190476190476
"cg22697555",2,9.52380952380952
"cg22706227",4,19.047619047619
"cg22706541",1,4.76190476190476
"cg22707396",1,4.76190476190476
"cg22707563",1,4.76190476190476
"cg22708188",1,4.76190476190476
"cg22709100",1,4.76190476190476
"cg22710189",2,9.52380952380952
"cg22712861",3,14.2857142857143
"cg22715252",9,42.8571428571429
"cg22715321",1,4.76190476190476
"cg22715398",6,28.5714285714286
"cg22715629",6,28.5714285714286
"cg22717525",2,9.52380952380952
"cg22718773",1,4.76190476190476
"cg22720356",1,4.76190476190476
"cg22723276",4,19.047619047619
"cg22723876",2,9.52380952380952
"cg22724333",1,4.76190476190476
"cg22725303",1,4.76190476190476
"cg22727565",3,14.2857142857143
"cg22729280",5,23.8095238095238
"cg22729310",2,9.52380952380952
"cg22730334",19,90.4761904761905
"cg22731237",1,4.76190476190476
"cg22734034",4,19.047619047619
"cg22734849",6,28.5714285714286
"cg22736335",3,14.2857142857143
"cg22739849",3,14.2857142857143
"cg22740662",1,4.76190476190476
"cg22741743",13,61.9047619047619
"cg22742043",2,9.52380952380952
"cg22742747",1,4.76190476190476
"cg22747027",1,4.76190476190476
"cg22747141",1,4.76190476190476
"cg22747207",1,4.76190476190476
"cg22748556",3,14.2857142857143
"cg22748819",1,4.76190476190476
"cg22748852",3,14.2857142857143
"cg22758714",3,14.2857142857143
"cg22759558",2,9.52380952380952
"cg22762092",9,42.8571428571429
"cg22771303",3,14.2857142857143
"cg22772151",13,61.9047619047619
"cg22773662",3,14.2857142857143
"cg22776933",1,4.76190476190476
"cg22778624",1,4.76190476190476
"cg22781921",1,4.76190476190476
"cg22782227",3,14.2857142857143
"cg22783006",3,14.2857142857143
"cg22784247",2,9.52380952380952
"cg22786154",2,9.52380952380952
"cg22789068",1,4.76190476190476
"cg22789237",1,4.76190476190476
"cg22791643",1,4.76190476190476
"cg22792485",1,4.76190476190476
"cg22794772",1,4.76190476190476
"cg22794887",11,52.3809523809524
"cg22794998",1,4.76190476190476
"cg22795059",1,4.76190476190476
"cg22798174",2,9.52380952380952
"cg22800445",2,9.52380952380952
"cg22801860",8,38.0952380952381
"cg22803214",1,4.76190476190476
"cg22803821",2,9.52380952380952
"cg22807227",1,4.76190476190476
"cg22807585",1,4.76190476190476
"cg22808178",1,4.76190476190476
"cg22809603",16,76.1904761904762
"cg22813237",1,4.76190476190476
"cg22819685",5,23.8095238095238
"cg22820460",16,76.1904761904762
"cg22824109",4,19.047619047619
"cg22826016",4,19.047619047619
"cg22829190",12,57.1428571428571
"cg22829303",8,38.0952380952381
"cg22830633",6,28.5714285714286
"cg22831101",1,4.76190476190476
"cg22839417",18,85.7142857142857
"cg22840069",11,52.3809523809524
"cg22846692",4,19.047619047619
"cg22851356",3,14.2857142857143
"cg22854710",1,4.76190476190476
"cg22855923",1,4.76190476190476
"cg22856578",5,23.8095238095238
"cg22861473",6,28.5714285714286
"cg22862619",1,4.76190476190476
"cg22862846",1,4.76190476190476
"cg22863600",2,9.52380952380952
"cg22864452",2,9.52380952380952
"cg22865494",4,19.047619047619
"cg22867070",3,14.2857142857143
"cg22868983",2,9.52380952380952
"cg22870572",8,38.0952380952381
"cg22871229",3,14.2857142857143
"cg22871732",1,4.76190476190476
"cg22873063",2,9.52380952380952
"cg22874918",1,4.76190476190476
"cg22875345",7,33.3333333333333
"cg22877605",7,33.3333333333333
"cg22881075",1,4.76190476190476
"cg22882563",7,33.3333333333333
"cg22882732",3,14.2857142857143
"cg22885153",10,47.6190476190476
"cg22887963",3,14.2857142857143
"cg22888958",2,9.52380952380952
"cg22890093",1,4.76190476190476
"cg22890262",4,19.047619047619
"cg22894343",1,4.76190476190476
"cg22896071",1,4.76190476190476
"cg22899789",1,4.76190476190476
"cg22900572",1,4.76190476190476
"cg22901090",5,23.8095238095238
"cg22901361",1,4.76190476190476
"cg22901555",1,4.76190476190476
"cg22902342",1,4.76190476190476
"cg22904629",1,4.76190476190476
"cg22907030",2,9.52380952380952
"cg22912317",1,4.76190476190476
"cg22912535",1,4.76190476190476
"cg22915752",1,4.76190476190476
"cg22916109",1,4.76190476190476
"cg22918152",1,4.76190476190476
"cg22918183",1,4.76190476190476
"cg22919149",10,47.6190476190476
"cg22919173",1,4.76190476190476
"cg22920866",1,4.76190476190476
"cg22920932",1,4.76190476190476
"cg22921970",7,33.3333333333333
"cg22921990",1,4.76190476190476
"cg22923758",1,4.76190476190476
"cg22925694",2,9.52380952380952
"cg22926960",2,9.52380952380952
"cg22927009",1,4.76190476190476
"cg22933252",1,4.76190476190476
"cg22936552",5,23.8095238095238
"cg22939563",3,14.2857142857143
"cg22939988",9,42.8571428571429
"cg22940655",8,38.0952380952381
"cg22941494",3,14.2857142857143
"cg22943115",3,14.2857142857143
"cg22949599",3,14.2857142857143
"cg22951222",1,4.76190476190476
"cg22954460",2,9.52380952380952
"cg22954894",2,9.52380952380952
"cg22956764",4,19.047619047619
"cg22958766",1,4.76190476190476
"cg22959717",4,19.047619047619
"cg22961265",1,4.76190476190476
"cg22964146",1,4.76190476190476
"cg22964466",2,9.52380952380952
"cg22974630",2,9.52380952380952
"cg22974789",11,52.3809523809524
"cg22978117",5,23.8095238095238
"cg22978904",1,4.76190476190476
"cg22979237",2,9.52380952380952
"cg22980898",1,4.76190476190476
"cg22982654",1,4.76190476190476
"cg22983429",4,19.047619047619
"cg22984212",1,4.76190476190476
"cg22984417",1,4.76190476190476
"cg22985856",1,4.76190476190476
"cg22986299",1,4.76190476190476
"cg22996780",2,9.52380952380952
"cg22998101",2,9.52380952380952
"cg23006906",1,4.76190476190476
"cg23008076",4,19.047619047619
"cg23008182",2,9.52380952380952
"cg23009230",1,4.76190476190476
"cg23017293",1,4.76190476190476
"cg23017594",1,4.76190476190476
"cg23023199",2,9.52380952380952
"cg23024343",1,4.76190476190476
"cg23029474",2,9.52380952380952
"cg23029491",14,66.6666666666667
"cg23036697",10,47.6190476190476
"cg23039425",1,4.76190476190476
"cg23039439",14,66.6666666666667
"cg23039549",3,14.2857142857143
"cg23042549",1,4.76190476190476
"cg23043514",3,14.2857142857143
"cg23050219",3,14.2857142857143
"cg23051269",15,71.4285714285714
"cg23052520",1,4.76190476190476
"cg23054542",9,42.8571428571429
"cg23057621",1,4.76190476190476
"cg23057870",1,4.76190476190476
"cg23061725",1,4.76190476190476
"cg23064669",13,61.9047619047619
"cg23065699",4,19.047619047619
"cg23066436",13,61.9047619047619
"cg23066559",8,38.0952380952381
"cg23069010",1,4.76190476190476
"cg23070085",1,4.76190476190476
"cg23071164",5,23.8095238095238
"cg23075494",3,14.2857142857143
"cg23076688",1,4.76190476190476
"cg23078254",2,9.52380952380952
"cg23078267",5,23.8095238095238
"cg23078678",5,23.8095238095238
"cg23080845",1,4.76190476190476
"cg23083366",1,4.76190476190476
"cg23087288",16,76.1904761904762
"cg23088600",1,4.76190476190476
"cg23090195",1,4.76190476190476
"cg23091820",1,4.76190476190476
"cg23091821",1,4.76190476190476
"cg23092409",1,4.76190476190476
"cg23097527",1,4.76190476190476
"cg23105869",10,47.6190476190476
"cg23106447",5,23.8095238095238
"cg23114971",2,9.52380952380952
"cg23116707",1,4.76190476190476
"cg23117497",2,9.52380952380952
"cg23120275",11,52.3809523809524
"cg23121447",17,80.9523809523809
"cg23128715",1,4.76190476190476
"cg23130368",2,9.52380952380952
"cg23135533",2,9.52380952380952
"cg23137006",1,4.76190476190476
"cg23137007",2,9.52380952380952
"cg23138147",1,4.76190476190476
"cg23138149",2,9.52380952380952
"cg23138468",18,85.7142857142857
"cg23142152",4,19.047619047619
"cg23144216",1,4.76190476190476
"cg23145293",1,4.76190476190476
"cg23146699",4,19.047619047619
"cg23147615",2,9.52380952380952
"cg23148605",1,4.76190476190476
"cg23149885",2,9.52380952380952
"cg23153052",1,4.76190476190476
"cg23155173",1,4.76190476190476
"cg23156568",2,9.52380952380952
"cg23158942",10,47.6190476190476
"cg23160584",1,4.76190476190476
"cg23162245",1,4.76190476190476
"cg23163482",5,23.8095238095238
"cg23166181",3,14.2857142857143
"cg23167307",1,4.76190476190476
"cg23168566",2,9.52380952380952
"cg23169275",1,4.76190476190476
"cg23172061",6,28.5714285714286
"cg23172317",3,14.2857142857143
"cg23172487",1,4.76190476190476
"cg23172525",6,28.5714285714286
"cg23173777",3,14.2857142857143
"cg23174502",12,57.1428571428571
"cg23177176",14,66.6666666666667
"cg23178782",12,57.1428571428571
"cg23179610",1,4.76190476190476
"cg23180879",3,14.2857142857143
"cg23183057",1,4.76190476190476
"cg23186252",2,9.52380952380952
"cg23186333",3,14.2857142857143
"cg23186374",1,4.76190476190476
"cg23187735",2,9.52380952380952
"cg23191485",1,4.76190476190476
"cg23192436",5,23.8095238095238
"cg23192801",1,4.76190476190476
"cg23195171",8,38.0952380952381
"cg23199815",1,4.76190476190476
"cg23203809",1,4.76190476190476
"cg23204250",1,4.76190476190476
"cg23204757",1,4.76190476190476
"cg23205575",2,9.52380952380952
"cg23206482",4,19.047619047619
"cg23207954",1,4.76190476190476
"cg23209955",2,9.52380952380952
"cg23211276",2,9.52380952380952
"cg23212759",1,4.76190476190476
"cg23219436",9,42.8571428571429
"cg23219462",8,38.0952380952381
"cg23222435",1,4.76190476190476
"cg23225415",3,14.2857142857143
"cg23225740",3,14.2857142857143
"cg23226170",1,4.76190476190476
"cg23229344",2,9.52380952380952
"cg23231852",2,9.52380952380952
"cg23232844",2,9.52380952380952
"cg23235381",2,9.52380952380952
"cg23239675",1,4.76190476190476
"cg23243948",2,9.52380952380952
"cg23244675",4,19.047619047619
"cg23245898",1,4.76190476190476
"cg23246939",2,9.52380952380952
"cg23248885",1,4.76190476190476
"cg23250715",5,23.8095238095238
"cg23251286",2,9.52380952380952
"cg23251824",19,90.4761904761905
"cg23251888",1,4.76190476190476
"cg23254806",4,19.047619047619
"cg23255628",7,33.3333333333333
"cg23257694",1,4.76190476190476
"cg23259252",1,4.76190476190476
"cg23259794",4,19.047619047619
"cg23260111",1,4.76190476190476
"cg23262420",1,4.76190476190476
"cg23264351",17,80.9523809523809
"cg23267594",1,4.76190476190476
"cg23269671",2,9.52380952380952
"cg23271234",2,9.52380952380952
"cg23271724",8,38.0952380952381
"cg23276941",1,4.76190476190476
"cg23279317",1,4.76190476190476
"cg23284144",2,9.52380952380952
"cg23285437",1,4.76190476190476
"cg23286079",1,4.76190476190476
"cg23286138",10,47.6190476190476
"cg23286160",3,14.2857142857143
"cg23286972",1,4.76190476190476
"cg23287894",1,4.76190476190476
"cg23289954",1,4.76190476190476
"cg23291269",1,4.76190476190476
"cg23295257",1,4.76190476190476
"cg23301972",12,57.1428571428571
"cg23305991",5,23.8095238095238
"cg23310540",1,4.76190476190476
"cg23311137",2,9.52380952380952
"cg23313073",2,9.52380952380952
"cg23314071",1,4.76190476190476
"cg23318138",1,4.76190476190476
"cg23318676",1,4.76190476190476
"cg23319289",1,4.76190476190476
"cg23320312",8,38.0952380952381
"cg23320464",12,57.1428571428571
"cg23321751",1,4.76190476190476
"cg23322676",4,19.047619047619
"cg23325355",1,4.76190476190476
"cg23327276",4,19.047619047619
"cg23328556",1,4.76190476190476
"cg23331411",1,4.76190476190476
"cg23331664",7,33.3333333333333
"cg23332710",1,4.76190476190476
"cg23332817",2,9.52380952380952
"cg23334507",2,9.52380952380952
"cg23335586",1,4.76190476190476
"cg23335877",1,4.76190476190476
"cg23336023",1,4.76190476190476
"cg23340935",2,9.52380952380952
"cg23344905",3,14.2857142857143
"cg23348107",1,4.76190476190476
"cg23348793",1,4.76190476190476
"cg23348979",1,4.76190476190476
"cg23349354",4,19.047619047619
"cg23353828",10,47.6190476190476
"cg23362769",11,52.3809523809524
"cg23363481",3,14.2857142857143
"cg23363595",1,4.76190476190476
"cg23364401",5,23.8095238095238
"cg23364541",3,14.2857142857143
"cg23368104",2,9.52380952380952
"cg23368159",1,4.76190476190476
"cg23368410",1,4.76190476190476
"cg23369325",2,9.52380952380952
"cg23369455",11,52.3809523809524
"cg23372016",3,14.2857142857143
"cg23374890",14,66.6666666666667
"cg23376416",1,4.76190476190476
"cg23379040",3,14.2857142857143
"cg23380274",1,4.76190476190476
"cg23383929",6,28.5714285714286
"cg23386635",8,38.0952380952381
"cg23392978",5,23.8095238095238
"cg23393046",1,4.76190476190476
"cg23393895",1,4.76190476190476
"cg23394681",17,80.9523809523809
"cg23395702",2,9.52380952380952
"cg23396842",16,76.1904761904762
"cg23397377",2,9.52380952380952
"cg23398028",6,28.5714285714286
"cg23399334",2,9.52380952380952
"cg23399347",9,42.8571428571429
"cg23400413",1,4.76190476190476
"cg23400580",1,4.76190476190476
"cg23400889",6,28.5714285714286
"cg23400978",3,14.2857142857143
"cg23401436",1,4.76190476190476
"cg23401541",2,9.52380952380952
"cg23403117",1,4.76190476190476
"cg23404351",1,4.76190476190476
"cg23404858",7,33.3333333333333
"cg23407366",2,9.52380952380952
"cg23407997",2,9.52380952380952
"cg23408037",2,9.52380952380952
"cg23408372",2,9.52380952380952
"cg23410980",1,4.76190476190476
"cg23411426",1,4.76190476190476
"cg23411604",10,47.6190476190476
"cg23411885",9,42.8571428571429
"cg23414180",8,38.0952380952381
"cg23415847",11,52.3809523809524
"cg23416417",1,4.76190476190476
"cg23420988",1,4.76190476190476
"cg23421251",10,47.6190476190476
"cg23422152",1,4.76190476190476
"cg23424535",2,9.52380952380952
"cg23424800",1,4.76190476190476
"cg23425664",1,4.76190476190476
"cg23426537",1,4.76190476190476
"cg23427080",2,9.52380952380952
"cg23427909",4,19.047619047619
"cg23429014",2,9.52380952380952
"cg23429094",2,9.52380952380952
"cg23432274",1,4.76190476190476
"cg23433307",1,4.76190476190476
"cg23434956",1,4.76190476190476
"cg23436396",1,4.76190476190476
"cg23437993",2,9.52380952380952
"cg23438384",3,14.2857142857143
"cg23440638",1,4.76190476190476
"cg23441529",1,4.76190476190476
"cg23443066",1,4.76190476190476
"cg23456619",1,4.76190476190476
"cg23456664",5,23.8095238095238
"cg23460535",2,9.52380952380952
"cg23468507",2,9.52380952380952
"cg23472595",1,4.76190476190476
"cg23479323",1,4.76190476190476
"cg23480434",1,4.76190476190476
"cg23481251",2,9.52380952380952
"cg23481905",1,4.76190476190476
"cg23488430",1,4.76190476190476
"cg23490698",1,4.76190476190476
"cg23491848",3,14.2857142857143
"cg23491974",2,9.52380952380952
"cg23497396",5,23.8095238095238
"cg23500533",7,33.3333333333333
"cg23502386",1,4.76190476190476
"cg23502848",2,9.52380952380952
"cg23503584",1,4.76190476190476
"cg23509850",4,19.047619047619
"cg23512402",3,14.2857142857143
"cg23518034",1,4.76190476190476
"cg23518483",10,47.6190476190476
"cg23519175",1,4.76190476190476
"cg23522166",16,76.1904761904762
"cg23523480",1,4.76190476190476
"cg23523755",1,4.76190476190476
"cg23526337",2,9.52380952380952
"cg23527194",1,4.76190476190476
"cg23527621",1,4.76190476190476
"cg23531799",1,4.76190476190476
"cg23531822",4,19.047619047619
"cg23534241",2,9.52380952380952
"cg23534455",1,4.76190476190476
"cg23537654",2,9.52380952380952
"cg23538882",12,57.1428571428571
"cg23541484",1,4.76190476190476
"cg23545391",3,14.2857142857143
"cg23546626",1,4.76190476190476
"cg23548536",6,28.5714285714286
"cg23550750",1,4.76190476190476
"cg23552257",1,4.76190476190476
"cg23555496",1,4.76190476190476
"cg23557106",1,4.76190476190476
"cg23560439",1,4.76190476190476
"cg23560934",1,4.76190476190476
"cg23562590",1,4.76190476190476
"cg23564455",1,4.76190476190476
"cg23569235",1,4.76190476190476
"cg23569740",10,47.6190476190476
"cg23570496",1,4.76190476190476
"cg23570776",2,9.52380952380952
"cg23572371",3,14.2857142857143
"cg23575810",3,14.2857142857143
"cg23575868",1,4.76190476190476
"cg23576250",2,9.52380952380952
"cg23577671",2,9.52380952380952
"cg23578580",2,9.52380952380952
"cg23579533",1,4.76190476190476
"cg23580231",2,9.52380952380952
"cg23583585",1,4.76190476190476
"cg23586172",1,4.76190476190476
"cg23593055",2,9.52380952380952
"cg23594984",5,23.8095238095238
"cg23596471",1,4.76190476190476
"cg23600759",1,4.76190476190476
"cg23601384",1,4.76190476190476
"cg23601496",2,9.52380952380952
"cg23603273",1,4.76190476190476
"cg23604104",2,9.52380952380952
"cg23606274",3,14.2857142857143
"cg23606989",14,66.6666666666667
"cg23608905",1,4.76190476190476
"cg23612044",1,4.76190476190476
"cg23612787",4,19.047619047619
"cg23613626",2,9.52380952380952
"cg23613706",1,4.76190476190476
"cg23613766",13,61.9047619047619
"cg23613768",1,4.76190476190476
"cg23614217",5,23.8095238095238
"cg23614428",2,9.52380952380952
"cg23616258",1,4.76190476190476
"cg23618005",1,4.76190476190476
"cg23619808",1,4.76190476190476
"cg23619970",1,4.76190476190476
"cg23620712",1,4.76190476190476
"cg23621601",1,4.76190476190476
"cg23624621",1,4.76190476190476
"cg23625390",1,4.76190476190476
"cg23626046",10,47.6190476190476
"cg23627990",1,4.76190476190476
"cg23629366",1,4.76190476190476
"cg23629929",2,9.52380952380952
"cg23630655",1,4.76190476190476
"cg23631909",1,4.76190476190476
"cg23633700",6,28.5714285714286
"cg23639964",4,19.047619047619
"cg23642613",4,19.047619047619
"cg23644541",1,4.76190476190476
"cg23646894",1,4.76190476190476
"cg23648942",1,4.76190476190476
"cg23649130",2,9.52380952380952
"cg23649326",3,14.2857142857143
"cg23651322",20,95.2380952380952
"cg23654764",3,14.2857142857143
"cg23654927",1,4.76190476190476
"cg23655155",3,14.2857142857143
"cg23655162",8,38.0952380952381
"cg23655594",1,4.76190476190476
"cg23656010",4,19.047619047619
"cg23660721",15,71.4285714285714
"cg23664664",2,9.52380952380952
"cg23665034",1,4.76190476190476
"cg23665089",12,57.1428571428571
"cg23666553",2,9.52380952380952
"cg23666991",1,4.76190476190476
"cg23668544",1,4.76190476190476
"cg23673861",9,42.8571428571429
"cg23674106",2,9.52380952380952
"cg23674806",2,9.52380952380952
"cg23676767",3,14.2857142857143
"cg23678090",1,4.76190476190476
"cg23681060",1,4.76190476190476
"cg23682214",4,19.047619047619
"cg23683779",1,4.76190476190476
"cg23688819",9,42.8571428571429
"cg23689531",1,4.76190476190476
"cg23689697",5,23.8095238095238
"cg23690053",9,42.8571428571429
"cg23691040",1,4.76190476190476
"cg23691754",15,71.4285714285714
"cg23692755",12,57.1428571428571
"cg23700267",1,4.76190476190476
"cg23700804",1,4.76190476190476
"cg23709506",6,28.5714285714286
"cg23715938",1,4.76190476190476
"cg23722960",4,19.047619047619
"cg23730463",2,9.52380952380952
"cg23731668",1,4.76190476190476
"cg23732978",3,14.2857142857143
"cg23733857",8,38.0952380952381
"cg23734372",4,19.047619047619
"cg23734453",1,4.76190476190476
"cg23736855",6,28.5714285714286
"cg23739708",1,4.76190476190476
"cg23740067",4,19.047619047619
"cg23741734",1,4.76190476190476
"cg23745767",1,4.76190476190476
"cg23746283",2,9.52380952380952
"cg23751928",1,4.76190476190476
"cg23754242",7,33.3333333333333
"cg23754408",8,38.0952380952381
"cg23757455",6,28.5714285714286
"cg23759367",10,47.6190476190476
"cg23759400",11,52.3809523809524
"cg23760300",1,4.76190476190476
"cg23761421",9,42.8571428571429
"cg23764016",1,4.76190476190476
"cg23765566",1,4.76190476190476
"cg23767334",14,66.6666666666667
"cg23773384",1,4.76190476190476
"cg23773812",4,19.047619047619
"cg23778144",1,4.76190476190476
"cg23785321",1,4.76190476190476
"cg23785456",5,23.8095238095238
"cg23790478",1,4.76190476190476
"cg23791026",2,9.52380952380952
"cg23794727",1,4.76190476190476
"cg23797405",1,4.76190476190476
"cg23797409",1,4.76190476190476
"cg23799853",9,42.8571428571429
"cg23800415",1,4.76190476190476
"cg23804099",1,4.76190476190476
"cg23806500",11,52.3809523809524
"cg23810370",3,14.2857142857143
"cg23810434",2,9.52380952380952
"cg23813292",16,76.1904761904762
"cg23813732",3,14.2857142857143
"cg23816481",1,4.76190476190476
"cg23816620",2,9.52380952380952
"cg23817866",1,4.76190476190476
"cg23827421",2,9.52380952380952
"cg23830205",1,4.76190476190476
"cg23830281",1,4.76190476190476
"cg23834181",6,28.5714285714286
"cg23837307",1,4.76190476190476
"cg23838069",2,9.52380952380952
"cg23843951",1,4.76190476190476
"cg23845545",2,9.52380952380952
"cg23846000",10,47.6190476190476
"cg23847901",1,4.76190476190476
"cg23849184",7,33.3333333333333
"cg23849410",2,9.52380952380952
"cg23849677",1,4.76190476190476
"cg23850317",2,9.52380952380952
"cg23850339",1,4.76190476190476
"cg23854042",2,9.52380952380952
"cg23854219",3,14.2857142857143
"cg23856452",2,9.52380952380952
"cg23864448",5,23.8095238095238
"cg23866255",1,4.76190476190476
"cg23866866",1,4.76190476190476
"cg23868571",3,14.2857142857143
"cg23873145",1,4.76190476190476
"cg23874515",2,9.52380952380952
"cg23878776",1,4.76190476190476
"cg23881728",11,52.3809523809524
"cg23888024",11,52.3809523809524
"cg23888321",3,14.2857142857143
"cg23891633",1,4.76190476190476
"cg23893009",1,4.76190476190476
"cg23897589",2,9.52380952380952
"cg23906935",1,4.76190476190476
"cg23907355",1,4.76190476190476
"cg23911675",2,9.52380952380952
"cg23912098",1,4.76190476190476
"cg23914444",1,4.76190476190476
"cg23914694",1,4.76190476190476
"cg23916451",1,4.76190476190476
"cg23918616",2,9.52380952380952
"cg23923357",6,28.5714285714286
"cg23927415",1,4.76190476190476
"cg23930572",1,4.76190476190476
"cg23931088",3,14.2857142857143
"cg23935255",1,4.76190476190476
"cg23935630",5,23.8095238095238
"cg23937844",7,33.3333333333333
"cg23944902",12,57.1428571428571
"cg23945170",1,4.76190476190476
"cg23948736",3,14.2857142857143
"cg23951395",1,4.76190476190476
"cg23954524",1,4.76190476190476
"cg23957735",5,23.8095238095238
"cg23957763",1,4.76190476190476
"cg23962789",8,38.0952380952381
"cg23963590",1,4.76190476190476
"cg23966720",9,42.8571428571429
"cg23967605",3,14.2857142857143
"cg23969005",1,4.76190476190476
"cg23969389",3,14.2857142857143
"cg23970458",2,9.52380952380952
"cg23970630",1,4.76190476190476
"cg23971828",1,4.76190476190476
"cg23972772",2,9.52380952380952
"cg23974271",1,4.76190476190476
"cg23974734",5,23.8095238095238
"cg23975687",1,4.76190476190476
"cg23978315",1,4.76190476190476
"cg23980651",3,14.2857142857143
"cg23986315",1,4.76190476190476
"cg23987156",4,19.047619047619
"cg23988572",1,4.76190476190476
"cg23995459",1,4.76190476190476
"cg23998537",4,19.047619047619
"cg24000535",1,4.76190476190476
"cg24007086",1,4.76190476190476
"cg24007206",3,14.2857142857143
"cg24010371",7,33.3333333333333
"cg24010392",2,9.52380952380952
"cg24013293",3,14.2857142857143
"cg24017056",2,9.52380952380952
"cg24017453",2,9.52380952380952
"cg24019631",2,9.52380952380952
"cg24020440",3,14.2857142857143
"cg24024511",1,4.76190476190476
"cg24024752",1,4.76190476190476
"cg24027858",2,9.52380952380952
"cg24031336",1,4.76190476190476
"cg24032890",3,14.2857142857143
"cg24034258",1,4.76190476190476
"cg24034332",8,38.0952380952381
"cg24034552",1,4.76190476190476
"cg24036317",13,61.9047619047619
"cg24044884",1,4.76190476190476
"cg24045551",1,4.76190476190476
"cg24049703",3,14.2857142857143
"cg24051135",1,4.76190476190476
"cg24051915",2,9.52380952380952
"cg24055896",1,4.76190476190476
"cg24059708",1,4.76190476190476
"cg24061223",1,4.76190476190476
"cg24064325",1,4.76190476190476
"cg24065584",4,19.047619047619
"cg24065817",13,61.9047619047619
"cg24066883",1,4.76190476190476
"cg24070673",1,4.76190476190476
"cg24072140",6,28.5714285714286
"cg24074981",5,23.8095238095238
"cg24078653",8,38.0952380952381
"cg24085171",4,19.047619047619
"cg24087145",1,4.76190476190476
"cg24093582",1,4.76190476190476
"cg24096977",2,9.52380952380952
"cg24097024",1,4.76190476190476
"cg24100629",5,23.8095238095238
"cg24101790",3,14.2857142857143
"cg24106365",12,57.1428571428571
"cg24106793",5,23.8095238095238
"cg24114458",1,4.76190476190476
"cg24115205",1,4.76190476190476
"cg24116844",1,4.76190476190476
"cg24119516",7,33.3333333333333
"cg24122597",1,4.76190476190476
"cg24124245",2,9.52380952380952
"cg24126531",1,4.76190476190476
"cg24126931",1,4.76190476190476
"cg24129291",2,9.52380952380952
"cg24129996",6,28.5714285714286
"cg24130425",1,4.76190476190476
"cg24131848",1,4.76190476190476
"cg24136648",7,33.3333333333333
"cg24139417",1,4.76190476190476
"cg24148337",1,4.76190476190476
"cg24153200",1,4.76190476190476
"cg24154675",1,4.76190476190476
"cg24156229",1,4.76190476190476
"cg24156331",1,4.76190476190476
"cg24158916",1,4.76190476190476
"cg24161287",2,9.52380952380952
"cg24161486",1,4.76190476190476
"cg24163360",1,4.76190476190476
"cg24165375",5,23.8095238095238
"cg24166281",4,19.047619047619
"cg24167473",1,4.76190476190476
"cg24173621",10,47.6190476190476
"cg24175137",1,4.76190476190476
"cg24178435",4,19.047619047619
"cg24179559",1,4.76190476190476
"cg24181914",1,4.76190476190476
"cg24185941",1,4.76190476190476
"cg24186104",1,4.76190476190476
"cg24186179",10,47.6190476190476
"cg24189977",1,4.76190476190476
"cg24197935",1,4.76190476190476
"cg24198864",1,4.76190476190476
"cg24199098",6,28.5714285714286
"cg24199132",2,9.52380952380952
"cg24199724",2,9.52380952380952
"cg24199805",2,9.52380952380952
"cg24204178",3,14.2857142857143
"cg24205048",1,4.76190476190476
"cg24205429",3,14.2857142857143
"cg24207904",6,28.5714285714286
"cg24211391",2,9.52380952380952
"cg24211476",18,85.7142857142857
"cg24214585",1,4.76190476190476
"cg24214644",1,4.76190476190476
"cg24214699",2,9.52380952380952
"cg24218911",4,19.047619047619
"cg24220996",1,4.76190476190476
"cg24222165",1,4.76190476190476
"cg24223470",3,14.2857142857143
"cg24232214",1,4.76190476190476
"cg24233264",13,61.9047619047619
"cg24237420",6,28.5714285714286
"cg24238499",1,4.76190476190476
"cg24240501",3,14.2857142857143
"cg24244747",5,23.8095238095238
"cg24252153",3,14.2857142857143
"cg24254658",1,4.76190476190476
"cg24256039",1,4.76190476190476
"cg24259052",6,28.5714285714286
"cg24263309",1,4.76190476190476
"cg24266368",5,23.8095238095238
"cg24269009",8,38.0952380952381
"cg24270082",8,38.0952380952381
"cg24270157",6,28.5714285714286
"cg24270660",1,4.76190476190476
"cg24271163",9,42.8571428571429
"cg24272309",1,4.76190476190476
"cg24275910",1,4.76190476190476
"cg24276541",2,9.52380952380952
"cg24278996",1,4.76190476190476
"cg24279140",6,28.5714285714286
"cg24279445",2,9.52380952380952
"cg24285292",1,4.76190476190476
"cg24287888",1,4.76190476190476
"cg24295186",1,4.76190476190476
"cg24298539",1,4.76190476190476
"cg24301705",5,23.8095238095238
"cg24302146",1,4.76190476190476
"cg24305122",1,4.76190476190476
"cg24306414",17,80.9523809523809
"cg24306670",5,23.8095238095238
"cg24309011",13,61.9047619047619
"cg24312480",1,4.76190476190476
"cg24312680",1,4.76190476190476
"cg24313420",4,19.047619047619
"cg24314608",1,4.76190476190476
"cg24315241",7,33.3333333333333
"cg24319766",1,4.76190476190476
"cg24320292",17,80.9523809523809
"cg24321706",1,4.76190476190476
"cg24322282",8,38.0952380952381
"cg24322535",1,4.76190476190476
"cg24323042",1,4.76190476190476
"cg24324777",5,23.8095238095238
"cg24326782",1,4.76190476190476
"cg24333782",3,14.2857142857143
"cg24334148",2,9.52380952380952
"cg24334528",1,4.76190476190476
"cg24335252",1,4.76190476190476
"cg24336234",15,71.4285714285714
"cg24338228",1,4.76190476190476
"cg24338770",7,33.3333333333333
"cg24339010",1,4.76190476190476
"cg24340935",1,4.76190476190476
"cg24341452",1,4.76190476190476
"cg24343147",4,19.047619047619
"cg24345543",16,76.1904761904762
"cg24345725",2,9.52380952380952
"cg24348289",7,33.3333333333333
"cg24348855",2,9.52380952380952
"cg24351451",3,14.2857142857143
"cg24354784",1,4.76190476190476
"cg24355550",1,4.76190476190476
"cg24356626",2,9.52380952380952
"cg24363673",5,23.8095238095238
"cg24365903",1,4.76190476190476
"cg24367474",2,9.52380952380952
"cg24367777",1,4.76190476190476
"cg24370499",8,38.0952380952381
"cg24370837",19,90.4761904761905
"cg24372185",4,19.047619047619
"cg24374260",2,9.52380952380952
"cg24375748",1,4.76190476190476
"cg24377204",6,28.5714285714286
"cg24383382",2,9.52380952380952
"cg24384181",1,4.76190476190476
"cg24384830",5,23.8095238095238
"cg24386407",1,4.76190476190476
"cg24387312",11,52.3809523809524
"cg24392936",2,9.52380952380952
"cg24393184",6,28.5714285714286
"cg24395262",5,23.8095238095238
"cg24395913",9,42.8571428571429
"cg24397155",7,33.3333333333333
"cg24402303",1,4.76190476190476
"cg24411238",12,57.1428571428571
"cg24411296",1,4.76190476190476
"cg24413819",2,9.52380952380952
"cg24417482",12,57.1428571428571
"cg24419602",3,14.2857142857143
"cg24419993",1,4.76190476190476
"cg24421822",2,9.52380952380952
"cg24422171",1,4.76190476190476
"cg24425213",5,23.8095238095238
"cg24426797",2,9.52380952380952
"cg24429175",1,4.76190476190476
"cg24430081",1,4.76190476190476
"cg24442849",3,14.2857142857143
"cg24446329",1,4.76190476190476
"cg24453911",5,23.8095238095238
"cg24456616",2,9.52380952380952
"cg24460045",15,71.4285714285714
"cg24460343",1,4.76190476190476
"cg24460351",6,28.5714285714286
"cg24461742",1,4.76190476190476
"cg24464067",1,4.76190476190476
"cg24464516",3,14.2857142857143
"cg24466219",5,23.8095238095238
"cg24467452",14,66.6666666666667
"cg24467590",1,4.76190476190476
"cg24471070",1,4.76190476190476
"cg24471726",2,9.52380952380952
"cg24473240",7,33.3333333333333
"cg24475990",1,4.76190476190476
"cg24476365",4,19.047619047619
"cg24477891",6,28.5714285714286
"cg24478129",1,4.76190476190476
"cg24479317",1,4.76190476190476
"cg24480735",1,4.76190476190476
"cg24481207",8,38.0952380952381
"cg24481440",1,4.76190476190476
"cg24490154",3,14.2857142857143
"cg24492304",2,9.52380952380952
"cg24494142",1,4.76190476190476
"cg24499688",1,4.76190476190476
"cg24499994",8,38.0952380952381
"cg24500161",1,4.76190476190476
"cg24500222",12,57.1428571428571
"cg24500398",1,4.76190476190476
"cg24503083",8,38.0952380952381
"cg24504252",2,9.52380952380952
"cg24506782",2,9.52380952380952
"cg24507840",1,4.76190476190476
"cg24508466",1,4.76190476190476
"cg24508530",14,66.6666666666667
"cg24509070",9,42.8571428571429
"cg24509482",1,4.76190476190476
"cg24510548",2,9.52380952380952
"cg24512794",2,9.52380952380952
"cg24513067",1,4.76190476190476
"cg24513405",1,4.76190476190476
"cg24515136",5,23.8095238095238
"cg24523306",4,19.047619047619
"cg24524716",2,9.52380952380952
"cg24527700",1,4.76190476190476
"cg24529535",2,9.52380952380952
"cg24533202",1,4.76190476190476
"cg24534756",1,4.76190476190476
"cg24536703",1,4.76190476190476
"cg24538813",12,57.1428571428571
"cg24538816",2,9.52380952380952
"cg24541871",1,4.76190476190476
"cg24543140",12,57.1428571428571
"cg24549158",1,4.76190476190476
"cg24550641",2,9.52380952380952
"cg24551003",15,71.4285714285714
"cg24554346",3,14.2857142857143
"cg24564603",1,4.76190476190476
"cg24565461",1,4.76190476190476
"cg24570732",3,14.2857142857143
"cg24573423",1,4.76190476190476
"cg24576201",1,4.76190476190476
"cg24580382",1,4.76190476190476
"cg24584349",1,4.76190476190476
"cg24585729",2,9.52380952380952
"cg24586071",1,4.76190476190476
"cg24586582",1,4.76190476190476
"cg24589064",1,4.76190476190476
"cg24591457",8,38.0952380952381
"cg24594370",2,9.52380952380952
"cg24598635",1,4.76190476190476
"cg24606651",2,9.52380952380952
"cg24608754",1,4.76190476190476
"cg24611903",6,28.5714285714286
"cg24611985",5,23.8095238095238
"cg24620759",5,23.8095238095238
"cg24624779",1,4.76190476190476
"cg24625800",12,57.1428571428571
"cg24625838",1,4.76190476190476
"cg24626958",9,42.8571428571429
"cg24634560",1,4.76190476190476
"cg24635402",2,9.52380952380952
"cg24640325",1,4.76190476190476
"cg24642956",3,14.2857142857143
"cg24644672",1,4.76190476190476
"cg24645532",1,4.76190476190476
"cg24649109",2,9.52380952380952
"cg24650120",3,14.2857142857143
"cg24654389",2,9.52380952380952
"cg24659200",1,4.76190476190476
"cg24661375",1,4.76190476190476
"cg24664754",5,23.8095238095238
"cg24667547",1,4.76190476190476
"cg24669401",4,19.047619047619
"cg24669602",2,9.52380952380952
"cg24671090",8,38.0952380952381
"cg24671292",1,4.76190476190476
"cg24674628",1,4.76190476190476
"cg24678467",1,4.76190476190476
"cg24679099",5,23.8095238095238
"cg24679221",1,4.76190476190476
"cg24682482",1,4.76190476190476
"cg24685761",1,4.76190476190476
"cg24685928",1,4.76190476190476
"cg24692093",1,4.76190476190476
"cg24694758",2,9.52380952380952
"cg24700374",1,4.76190476190476
"cg24702066",1,4.76190476190476
"cg24702282",2,9.52380952380952
"cg24702873",1,4.76190476190476
"cg24708204",2,9.52380952380952
"cg24710191",1,4.76190476190476
"cg24711852",15,71.4285714285714
"cg24713494",18,85.7142857142857
"cg24713673",1,4.76190476190476
"cg24715467",9,42.8571428571429
"cg24715680",1,4.76190476190476
"cg24717262",17,80.9523809523809
"cg24719106",1,4.76190476190476
"cg24720446",1,4.76190476190476
"cg24723421",2,9.52380952380952
"cg24725934",10,47.6190476190476
"cg24727089",5,23.8095238095238
"cg24728878",1,4.76190476190476
"cg24728997",4,19.047619047619
"cg24729690",2,9.52380952380952
"cg24729699",9,42.8571428571429
"cg24732428",7,33.3333333333333
"cg24733065",6,28.5714285714286
"cg24741585",11,52.3809523809524
"cg24743842",1,4.76190476190476
"cg24746726",1,4.76190476190476
"cg24755993",1,4.76190476190476
"cg24759776",8,38.0952380952381
"cg24760425",2,9.52380952380952
"cg24762021",2,9.52380952380952
"cg24764011",1,4.76190476190476
"cg24764103",1,4.76190476190476
"cg24764961",1,4.76190476190476
"cg24765309",2,9.52380952380952
"cg24765354",1,4.76190476190476
"cg24765791",1,4.76190476190476
"cg24767317",1,4.76190476190476
"cg24769302",3,14.2857142857143
"cg24769641",1,4.76190476190476
"cg24776903",14,66.6666666666667
"cg24778217",4,19.047619047619
"cg24778286",2,9.52380952380952
"cg24779122",3,14.2857142857143
"cg24782526",1,4.76190476190476
"cg24783286",1,4.76190476190476
"cg24783308",1,4.76190476190476
"cg24785804",1,4.76190476190476
"cg24787800",4,19.047619047619
"cg24791283",1,4.76190476190476
"cg24792317",1,4.76190476190476
"cg24796870",1,4.76190476190476
"cg24798497",3,14.2857142857143
"cg24799932",2,9.52380952380952
"cg24803390",1,4.76190476190476
"cg24804117",1,4.76190476190476
"cg24804195",1,4.76190476190476
"cg24804197",5,23.8095238095238
"cg24807778",2,9.52380952380952
"cg24811777",1,4.76190476190476
"cg24812271",1,4.76190476190476
"cg24814612",1,4.76190476190476
"cg24815001",1,4.76190476190476
"cg24821903",1,4.76190476190476
"cg24824293",3,14.2857142857143
"cg24824483",2,9.52380952380952
"cg24825909",7,33.3333333333333
"cg24827876",1,4.76190476190476
"cg24827958",3,14.2857142857143
"cg24827964",2,9.52380952380952
"cg24832092",5,23.8095238095238
"cg24833775",2,9.52380952380952
"cg24834873",12,57.1428571428571
"cg24836506",1,4.76190476190476
"cg24837623",5,23.8095238095238
"cg24838253",1,4.76190476190476
"cg24841310",1,4.76190476190476
"cg24849133",1,4.76190476190476
"cg24853868",1,4.76190476190476
"cg24854764",1,4.76190476190476
"cg24855744",5,23.8095238095238
"cg24859854",1,4.76190476190476
"cg24863074",3,14.2857142857143
"cg24864881",1,4.76190476190476
"cg24865757",1,4.76190476190476
"cg24866686",3,14.2857142857143
"cg24867109",3,14.2857142857143
"cg24867446",1,4.76190476190476
"cg24871015",1,4.76190476190476
"cg24871399",7,33.3333333333333
"cg24872885",3,14.2857142857143
"cg24875904",14,66.6666666666667
"cg24876314",1,4.76190476190476
"cg24880222",1,4.76190476190476
"cg24880460",12,57.1428571428571
"cg24880649",1,4.76190476190476
"cg24884167",2,9.52380952380952
"cg24886244",1,4.76190476190476
"cg24886558",1,4.76190476190476
"cg24888665",7,33.3333333333333
"cg24888833",2,9.52380952380952
"cg24891412",1,4.76190476190476
"cg24898877",1,4.76190476190476
"cg24900931",1,4.76190476190476
"cg24908802",1,4.76190476190476
"cg24909253",7,33.3333333333333
"cg24910743",5,23.8095238095238
"cg24912956",1,4.76190476190476
"cg24914644",8,38.0952380952381
"cg24916400",1,4.76190476190476
"cg24917037",1,4.76190476190476
"cg24918622",10,47.6190476190476
"cg24919899",1,4.76190476190476
"cg24923412",1,4.76190476190476
"cg24925463",1,4.76190476190476
"cg24926719",1,4.76190476190476
"cg24926954",1,4.76190476190476
"cg24927115",1,4.76190476190476
"cg24928631",4,19.047619047619
"cg24929249",3,14.2857142857143
"cg24935135",1,4.76190476190476
"cg24935223",4,19.047619047619
"cg24935629",1,4.76190476190476
"cg24935981",1,4.76190476190476
"cg24936154",4,19.047619047619
"cg24937901",9,42.8571428571429
"cg24938744",3,14.2857142857143
"cg24939056",1,4.76190476190476
"cg24940128",2,9.52380952380952
"cg24942391",1,4.76190476190476
"cg24942523",2,9.52380952380952
"cg24943000",1,4.76190476190476
"cg24943005",12,57.1428571428571
"cg24943805",1,4.76190476190476
"cg24944075",1,4.76190476190476
"cg24944109",1,4.76190476190476
"cg24945763",3,14.2857142857143
"cg24947683",1,4.76190476190476
"cg24948590",4,19.047619047619
"cg24948711",13,61.9047619047619
"cg24950764",4,19.047619047619
"cg24952179",1,4.76190476190476
"cg24958091",5,23.8095238095238
"cg24958368",1,4.76190476190476
"cg24961820",1,4.76190476190476
"cg24962528",2,9.52380952380952
"cg24963228",1,4.76190476190476
"cg24964457",2,9.52380952380952
"cg24965660",6,28.5714285714286
"cg24968288",16,76.1904761904762
"cg24970973",1,4.76190476190476
"cg24971554",1,4.76190476190476
"cg24972832",1,4.76190476190476
"cg24980481",1,4.76190476190476
"cg24980579",1,4.76190476190476
"cg24981196",1,4.76190476190476
"cg24981248",2,9.52380952380952
"cg24982207",1,4.76190476190476
"cg24982343",1,4.76190476190476
"cg24982344",1,4.76190476190476
"cg24987196",6,28.5714285714286
"cg24988511",1,4.76190476190476
"cg24988625",1,4.76190476190476
"cg24990023",10,47.6190476190476
"cg24991332",2,9.52380952380952
"cg24992375",1,4.76190476190476
"cg24993177",11,52.3809523809524
"cg24997941",1,4.76190476190476
"cg24998940",5,23.8095238095238
"cg25002540",1,4.76190476190476
"cg25004779",1,4.76190476190476
"cg25009422",1,4.76190476190476
"cg25010275",2,9.52380952380952
"cg25010797",1,4.76190476190476
"cg25010808",2,9.52380952380952
"cg25011666",6,28.5714285714286
"cg25013488",5,23.8095238095238
"cg25014159",5,23.8095238095238
"cg25014533",1,4.76190476190476
"cg25016143",2,9.52380952380952
"cg25017845",2,9.52380952380952
"cg25019383",5,23.8095238095238
"cg25023679",4,19.047619047619
"cg25023695",8,38.0952380952381
"cg25024355",4,19.047619047619
"cg25025355",1,4.76190476190476
"cg25026580",6,28.5714285714286
"cg25027698",1,4.76190476190476
"cg25028558",1,4.76190476190476
"cg25029696",1,4.76190476190476
"cg25032089",6,28.5714285714286
"cg25039033",1,4.76190476190476
"cg25039517",7,33.3333333333333
"cg25039547",1,4.76190476190476
"cg25039849",1,4.76190476190476
"cg25043205",1,4.76190476190476
"cg25046129",1,4.76190476190476
"cg25050403",7,33.3333333333333
"cg25051134",1,4.76190476190476
"cg25052020",1,4.76190476190476
"cg25052174",11,52.3809523809524
"cg25054435",16,76.1904761904762
"cg25055392",1,4.76190476190476
"cg25057234",1,4.76190476190476
"cg25059303",5,23.8095238095238
"cg25063097",1,4.76190476190476
"cg25063731",1,4.76190476190476
"cg25064031",1,4.76190476190476
"cg25066030",1,4.76190476190476
"cg25068726",3,14.2857142857143
"cg25070457",2,9.52380952380952
"cg25071121",2,9.52380952380952
"cg25071906",1,4.76190476190476
"cg25072611",1,4.76190476190476
"cg25077699",2,9.52380952380952
"cg25078079",8,38.0952380952381
"cg25079460",2,9.52380952380952
"cg25079651",1,4.76190476190476
"cg25083186",12,57.1428571428571
"cg25085297",9,42.8571428571429
"cg25085708",1,4.76190476190476
"cg25089895",1,4.76190476190476
"cg25090921",5,23.8095238095238
"cg25097273",1,4.76190476190476
"cg25098382",3,14.2857142857143
"cg25101462",2,9.52380952380952
"cg25104558",1,4.76190476190476
"cg25105060",9,42.8571428571429
"cg25106783",1,4.76190476190476
"cg25107984",2,9.52380952380952
"cg25112500",3,14.2857142857143
"cg25116191",5,23.8095238095238
"cg25116839",3,14.2857142857143
"cg25116973",2,9.52380952380952
"cg25119397",1,4.76190476190476
"cg25120325",2,9.52380952380952
"cg25125469",2,9.52380952380952
"cg25126854",3,14.2857142857143
"cg25127993",1,4.76190476190476
"cg25128304",6,28.5714285714286
"cg25131078",1,4.76190476190476
"cg25131259",3,14.2857142857143
"cg25135840",10,47.6190476190476
"cg25136415",3,14.2857142857143
"cg25139689",4,19.047619047619
"cg25140869",2,9.52380952380952
"cg25145160",1,4.76190476190476
"cg25150083",1,4.76190476190476
"cg25150293",3,14.2857142857143
"cg25152193",1,4.76190476190476
"cg25152925",6,28.5714285714286
"cg25160042",1,4.76190476190476
"cg25163036",3,14.2857142857143
"cg25164469",2,9.52380952380952
"cg25164484",1,4.76190476190476
"cg25169492",1,4.76190476190476
"cg25171399",4,19.047619047619
"cg25171730",1,4.76190476190476
"cg25172518",1,4.76190476190476
"cg25174478",2,9.52380952380952
"cg25177089",4,19.047619047619
"cg25180249",4,19.047619047619
"cg25182066",5,23.8095238095238
"cg25185057",1,4.76190476190476
"cg25185645",2,9.52380952380952
"cg25185787",1,4.76190476190476
"cg25189543",1,4.76190476190476
"cg25189981",3,14.2857142857143
"cg25190343",10,47.6190476190476
"cg25194479",1,4.76190476190476
"cg25196812",1,4.76190476190476
"cg25202446",9,42.8571428571429
"cg25203818",1,4.76190476190476
"cg25204200",3,14.2857142857143
"cg25208142",1,4.76190476190476
"cg25209555",1,4.76190476190476
"cg25209696",1,4.76190476190476
"cg25209959",16,76.1904761904762
"cg25216126",1,4.76190476190476
"cg25216589",3,14.2857142857143
"cg25217285",10,47.6190476190476
"cg25218104",1,4.76190476190476
"cg25219515",1,4.76190476190476
"cg25222335",1,4.76190476190476
"cg25224575",3,14.2857142857143
"cg25226066",1,4.76190476190476
"cg25228871",1,4.76190476190476
"cg25229198",1,4.76190476190476
"cg25230823",1,4.76190476190476
"cg25234123",6,28.5714285714286
"cg25235984",9,42.8571428571429
"cg25236500",1,4.76190476190476
"cg25237417",5,23.8095238095238
"cg25240944",3,14.2857142857143
"cg25241102",1,4.76190476190476
"cg25251370",2,9.52380952380952
"cg25251930",2,9.52380952380952
"cg25257044",4,19.047619047619
"cg25257698",1,4.76190476190476
"cg25258605",2,9.52380952380952
"cg25261423",2,9.52380952380952
"cg25261694",1,4.76190476190476
"cg25262680",1,4.76190476190476
"cg25270248",1,4.76190476190476
"cg25272314",1,4.76190476190476
"cg25272900",2,9.52380952380952
"cg25274184",6,28.5714285714286
"cg25277330",1,4.76190476190476
"cg25278175",1,4.76190476190476
"cg25280753",1,4.76190476190476
"cg25281144",4,19.047619047619
"cg25281671",6,28.5714285714286
"cg25281722",1,4.76190476190476
"cg25285494",4,19.047619047619
"cg25288085",1,4.76190476190476
"cg25289484",1,4.76190476190476
"cg25290010",1,4.76190476190476
"cg25291404",2,9.52380952380952
"cg25292285",2,9.52380952380952
"cg25293130",7,33.3333333333333
"cg25294539",1,4.76190476190476
"cg25295886",3,14.2857142857143
"cg25300132",1,4.76190476190476
"cg25301132",11,52.3809523809524
"cg25302946",4,19.047619047619
"cg25304150",1,4.76190476190476
"cg25308565",1,4.76190476190476
"cg25308636",11,52.3809523809524
"cg25311522",9,42.8571428571429
"cg25319055",1,4.76190476190476
"cg25320281",5,23.8095238095238
"cg25321406",7,33.3333333333333
"cg25325053",1,4.76190476190476
"cg25325612",1,4.76190476190476
"cg25327370",3,14.2857142857143
"cg25328450",6,28.5714285714286
"cg25329182",1,4.76190476190476
"cg25330599",2,9.52380952380952
"cg25331922",7,33.3333333333333
"cg25332326",8,38.0952380952381
"cg25332637",1,4.76190476190476
"cg25333046",3,14.2857142857143
"cg25333818",1,4.76190476190476
"cg25334253",6,28.5714285714286
"cg25335737",9,42.8571428571429
"cg25337323",2,9.52380952380952
"cg25337741",1,4.76190476190476
"cg25338308",1,4.76190476190476
"cg25339913",9,42.8571428571429
"cg25342213",2,9.52380952380952
"cg25346136",1,4.76190476190476
"cg25346873",15,71.4285714285714
"cg25347869",4,19.047619047619
"cg25348861",6,28.5714285714286
"cg25349564",1,4.76190476190476
"cg25353782",2,9.52380952380952
"cg25354206",3,14.2857142857143
"cg25356116",4,19.047619047619
"cg25357185",6,28.5714285714286
"cg25361710",2,9.52380952380952
"cg25362900",13,61.9047619047619
"cg25364486",1,4.76190476190476
"cg25365082",1,4.76190476190476
"cg25366573",1,4.76190476190476
"cg25366955",2,9.52380952380952
"cg25367822",7,33.3333333333333
"cg25368803",8,38.0952380952381
"cg25369448",1,4.76190476190476
"cg25372164",7,33.3333333333333
"cg25374458",1,4.76190476190476
"cg25376266",19,90.4761904761905
"cg25379161",3,14.2857142857143
"cg25380281",1,4.76190476190476
"cg25386129",2,9.52380952380952
"cg25390371",3,14.2857142857143
"cg25390753",2,9.52380952380952
"cg25391948",1,4.76190476190476
"cg25397519",1,4.76190476190476
"cg25402047",2,9.52380952380952
"cg25403608",1,4.76190476190476
"cg25408055",1,4.76190476190476
"cg25408575",1,4.76190476190476
"cg25408901",1,4.76190476190476
"cg25412177",6,28.5714285714286
"cg25412377",3,14.2857142857143
"cg25413661",15,71.4285714285714
"cg25414967",2,9.52380952380952
"cg25418870",1,4.76190476190476
"cg25420779",1,4.76190476190476
"cg25421294",1,4.76190476190476
"cg25424713",2,9.52380952380952
"cg25425114",1,4.76190476190476
"cg25427039",1,4.76190476190476
"cg25427172",7,33.3333333333333
"cg25427844",2,9.52380952380952
"cg25431865",1,4.76190476190476
"cg25432642",1,4.76190476190476
"cg25432708",5,23.8095238095238
"cg25433738",1,4.76190476190476
"cg25435332",1,4.76190476190476
"cg25435622",2,9.52380952380952
"cg25443260",6,28.5714285714286
"cg25443613",5,23.8095238095238
"cg25443806",8,38.0952380952381
"cg25445017",1,4.76190476190476
"cg25445870",7,33.3333333333333
"cg25446918",1,4.76190476190476
"cg25448281",1,4.76190476190476
"cg25454703",1,4.76190476190476
"cg25454825",2,9.52380952380952
"cg25455317",1,4.76190476190476
"cg25457440",1,4.76190476190476
"cg25458600",3,14.2857142857143
"cg25459295",6,28.5714285714286
"cg25460263",1,4.76190476190476
"cg25466904",2,9.52380952380952
"cg25468041",13,61.9047619047619
"cg25468369",1,4.76190476190476
"cg25469316",1,4.76190476190476
"cg25469381",1,4.76190476190476
"cg25472589",1,4.76190476190476
"cg25473065",1,4.76190476190476
"cg25474798",3,14.2857142857143
"cg25474873",1,4.76190476190476
"cg25474956",2,9.52380952380952
"cg25479122",8,38.0952380952381
"cg25479340",1,4.76190476190476
"cg25481364",1,4.76190476190476
"cg25481838",5,23.8095238095238
"cg25482293",1,4.76190476190476
"cg25482767",2,9.52380952380952
"cg25483051",3,14.2857142857143
"cg25484804",1,4.76190476190476
"cg25485459",1,4.76190476190476
"cg25488844",2,9.52380952380952
"cg25494016",1,4.76190476190476
"cg25499131",2,9.52380952380952
"cg25499493",1,4.76190476190476
"cg25499608",9,42.8571428571429
"cg25502312",3,14.2857142857143
"cg25504830",18,85.7142857142857
"cg25508606",1,4.76190476190476
"cg25508837",13,61.9047619047619
"cg25511718",1,4.76190476190476
"cg25512481",1,4.76190476190476
"cg25517361",1,4.76190476190476
"cg25523293",1,4.76190476190476
"cg25525813",1,4.76190476190476
"cg25526396",1,4.76190476190476
"cg25529179",4,19.047619047619
"cg25530172",9,42.8571428571429
"cg25530761",12,57.1428571428571
"cg25531074",2,9.52380952380952
"cg25531611",1,4.76190476190476
"cg25533845",2,9.52380952380952
"cg25534076",1,4.76190476190476
"cg25534186",2,9.52380952380952
"cg25535597",1,4.76190476190476
"cg25537708",6,28.5714285714286
"cg25541908",1,4.76190476190476
"cg25544056",11,52.3809523809524
"cg25544272",7,33.3333333333333
"cg25549001",1,4.76190476190476
"cg25550220",3,14.2857142857143
"cg25554911",1,4.76190476190476
"cg25558043",3,14.2857142857143
"cg25561208",6,28.5714285714286
"cg25563309",2,9.52380952380952
"cg25565179",1,4.76190476190476
"cg25570436",4,19.047619047619
"cg25570509",1,4.76190476190476
"cg25575628",2,9.52380952380952
"cg25575981",1,4.76190476190476
"cg25578402",4,19.047619047619
"cg25581251",5,23.8095238095238
"cg25582924",2,9.52380952380952
"cg25583774",1,4.76190476190476
"cg25585409",1,4.76190476190476
"cg25589279",3,14.2857142857143
"cg25589929",1,4.76190476190476
"cg25595531",2,9.52380952380952
"cg25597603",2,9.52380952380952
"cg25597605",1,4.76190476190476
"cg25597608",1,4.76190476190476
"cg25597616",1,4.76190476190476
"cg25597639",9,42.8571428571429
"cg25597644",5,23.8095238095238
"cg25597650",2,9.52380952380952
"cg25598086",1,4.76190476190476
"cg25599101",4,19.047619047619
"cg25601879",1,4.76190476190476
"cg25603305",1,4.76190476190476
"cg25608645",1,4.76190476190476
"cg25609578",1,4.76190476190476
"cg25611175",6,28.5714285714286
"cg25611344",1,4.76190476190476
"cg25612209",1,4.76190476190476
"cg25614119",1,4.76190476190476
"cg25617245",1,4.76190476190476
"cg25620256",8,38.0952380952381
"cg25626343",1,4.76190476190476
"cg25626355",6,28.5714285714286
"cg25627117",10,47.6190476190476
"cg25628430",1,4.76190476190476
"cg25629576",10,47.6190476190476
"cg25633983",2,9.52380952380952
"cg25636796",8,38.0952380952381
"cg25638252",1,4.76190476190476
"cg25638515",1,4.76190476190476
"cg25639031",1,4.76190476190476
"cg25641223",3,14.2857142857143
"cg25642897",2,9.52380952380952
"cg25645681",1,4.76190476190476
"cg25654397",1,4.76190476190476
"cg25654653",1,4.76190476190476
"cg25655528",4,19.047619047619
"cg25655745",2,9.52380952380952
"cg25656142",7,33.3333333333333
"cg25657262",9,42.8571428571429
"cg25659259",1,4.76190476190476
"cg25659260",1,4.76190476190476
"cg25661926",9,42.8571428571429
"cg25662862",1,4.76190476190476
"cg25663308",3,14.2857142857143
"cg25667751",3,14.2857142857143
"cg25674273",1,4.76190476190476
"cg25677126",1,4.76190476190476
"cg25678644",1,4.76190476190476
"cg25684480",3,14.2857142857143
"cg25685860",6,28.5714285714286
"cg25687611",1,4.76190476190476
"cg25690905",5,23.8095238095238
"cg25692530",2,9.52380952380952
"cg25692652",19,90.4761904761905
"cg25695225",1,4.76190476190476
"cg25695283",1,4.76190476190476
"cg25697134",1,4.76190476190476
"cg25699227",1,4.76190476190476
"cg25705272",1,4.76190476190476
"cg25706492",13,61.9047619047619
"cg25708850",1,4.76190476190476
"cg25712763",1,4.76190476190476
"cg25714963",1,4.76190476190476
"cg25716919",2,9.52380952380952
"cg25719318",7,33.3333333333333
"cg25720366",1,4.76190476190476
"cg25721006",3,14.2857142857143
"cg25721555",1,4.76190476190476
"cg25721599",1,4.76190476190476
"cg25723810",1,4.76190476190476
"cg25727664",1,4.76190476190476
"cg25729523",1,4.76190476190476
"cg25730852",1,4.76190476190476
"cg25731536",18,85.7142857142857
"cg25731891",3,14.2857142857143
"cg25732087",13,61.9047619047619
"cg25732187",10,47.6190476190476
"cg25735593",1,4.76190476190476
"cg25737992",7,33.3333333333333
"cg25740514",1,4.76190476190476
"cg25746651",1,4.76190476190476
"cg25747596",4,19.047619047619
"cg25750362",1,4.76190476190476
"cg25752384",1,4.76190476190476
"cg25753291",1,4.76190476190476
"cg25753595",1,4.76190476190476
"cg25753665",10,47.6190476190476
"cg25756647",5,23.8095238095238
"cg25756934",17,80.9523809523809
"cg25760551",1,4.76190476190476
"cg25762923",2,9.52380952380952
"cg25765493",1,4.76190476190476
"cg25768573",1,4.76190476190476
"cg25769176",2,9.52380952380952
"cg25769401",1,4.76190476190476
"cg25771369",2,9.52380952380952
"cg25772262",4,19.047619047619
"cg25774197",1,4.76190476190476
"cg25777106",1,4.76190476190476
"cg25784146",1,4.76190476190476
"cg25785213",9,42.8571428571429
"cg25792389",1,4.76190476190476
"cg25792837",5,23.8095238095238
"cg25793547",11,52.3809523809524
"cg25797221",4,19.047619047619
"cg25797932",2,9.52380952380952
"cg25799109",1,4.76190476190476
"cg25802927",4,19.047619047619
"cg25803813",2,9.52380952380952
"cg25804053",11,52.3809523809524
"cg25804054",2,9.52380952380952
"cg25804056",1,4.76190476190476
"cg25804648",1,4.76190476190476
"cg25805782",2,9.52380952380952
"cg25806533",2,9.52380952380952
"cg25807381",1,4.76190476190476
"cg25810980",1,4.76190476190476
"cg25811448",8,38.0952380952381
"cg25811451",7,33.3333333333333
"cg25812215",1,4.76190476190476
"cg25814283",1,4.76190476190476
"cg25814789",9,42.8571428571429
"cg25815185",7,33.3333333333333
"cg25818098",6,28.5714285714286
"cg25819059",1,4.76190476190476
"cg25820286",6,28.5714285714286
"cg25825269",1,4.76190476190476
"cg25826013",2,9.52380952380952
"cg25826714",1,4.76190476190476
"cg25827418",4,19.047619047619
"cg25828070",5,23.8095238095238
"cg25828350",1,4.76190476190476
"cg25828374",13,61.9047619047619
"cg25829791",3,14.2857142857143
"cg25832187",17,80.9523809523809
"cg25833861",1,4.76190476190476
"cg25834101",1,4.76190476190476
"cg25838230",1,4.76190476190476
"cg25838698",6,28.5714285714286
"cg25840937",1,4.76190476190476
"cg25845314",1,4.76190476190476
"cg25855710",4,19.047619047619
"cg25856762",1,4.76190476190476
"cg25857987",4,19.047619047619
"cg25858160",2,9.52380952380952
"cg25860143",2,9.52380952380952
"cg25860375",1,4.76190476190476
"cg25860678",12,57.1428571428571
"cg25862060",1,4.76190476190476
"cg25862752",1,4.76190476190476
"cg25862954",1,4.76190476190476
"cg25864122",4,19.047619047619
"cg25865192",4,19.047619047619
"cg25866254",7,33.3333333333333
"cg25867542",1,4.76190476190476
"cg25868705",5,23.8095238095238
"cg25869271",3,14.2857142857143
"cg25870098",1,4.76190476190476
"cg25870812",3,14.2857142857143
"cg25870976",1,4.76190476190476
"cg25871387",9,42.8571428571429
"cg25872116",1,4.76190476190476
"cg25873337",3,14.2857142857143
"cg25876720",6,28.5714285714286
"cg25877087",1,4.76190476190476
"cg25879000",9,42.8571428571429
"cg25879290",2,9.52380952380952
"cg25879365",2,9.52380952380952
"cg25881399",2,9.52380952380952
"cg25882682",2,9.52380952380952
"cg25883027",9,42.8571428571429
"cg25885161",1,4.76190476190476
"cg25885580",1,4.76190476190476
"cg25888515",2,9.52380952380952
"cg25889193",1,4.76190476190476
"cg25889608",2,9.52380952380952
"cg25889896",1,4.76190476190476
"cg25890623",3,14.2857142857143
"cg25893047",9,42.8571428571429
"cg25893414",1,4.76190476190476
"cg25897935",2,9.52380952380952
"cg25900163",1,4.76190476190476
"cg25902823",1,4.76190476190476
"cg25903279",1,4.76190476190476
"cg25903827",1,4.76190476190476
"cg25905192",3,14.2857142857143
"cg25909708",4,19.047619047619
"cg25911570",1,4.76190476190476
"cg25912474",1,4.76190476190476
"cg25913441",1,4.76190476190476
"cg25913618",1,4.76190476190476
"cg25914522",4,19.047619047619
"cg25914884",4,19.047619047619
"cg25915190",1,4.76190476190476
"cg25915295",3,14.2857142857143
"cg25918849",5,23.8095238095238
"cg25922388",1,4.76190476190476
"cg25922445",2,9.52380952380952
"cg25923969",1,4.76190476190476
"cg25926599",10,47.6190476190476
"cg25927809",5,23.8095238095238
"cg25928860",2,9.52380952380952
"cg25929204",1,4.76190476190476
"cg25934800",1,4.76190476190476
"cg25936665",1,4.76190476190476
"cg25938365",1,4.76190476190476
"cg25946690",3,14.2857142857143
"cg25949529",11,52.3809523809524
"cg25950119",1,4.76190476190476
"cg25950130",3,14.2857142857143
"cg25950728",1,4.76190476190476
"cg25951697",7,33.3333333333333
"cg25955330",1,4.76190476190476
"cg25956248",1,4.76190476190476
"cg25958604",4,19.047619047619
"cg25958733",1,4.76190476190476
"cg25959798",1,4.76190476190476
"cg25960218",11,52.3809523809524
"cg25961601",1,4.76190476190476
"cg25963917",1,4.76190476190476
"cg25967869",11,52.3809523809524
"cg25976227",2,9.52380952380952
"cg25981613",2,9.52380952380952
"cg25982607",3,14.2857142857143
"cg25983706",2,9.52380952380952
"cg25986126",2,9.52380952380952
"cg25987492",2,9.52380952380952
"cg25990539",2,9.52380952380952
"cg25990860",2,9.52380952380952
"cg25991139",5,23.8095238095238
"cg25991468",1,4.76190476190476
"cg25995200",12,57.1428571428571
"cg26000667",1,4.76190476190476
"cg26002672",1,4.76190476190476
"cg26003764",2,9.52380952380952
"cg26005569",1,4.76190476190476
"cg26006282",1,4.76190476190476
"cg26008314",1,4.76190476190476
"cg26010180",3,14.2857142857143
"cg26010943",9,42.8571428571429
"cg26011032",4,19.047619047619
"cg26011815",2,9.52380952380952
"cg26013408",5,23.8095238095238
"cg26015591",1,4.76190476190476
"cg26016432",1,4.76190476190476
"cg26017239",2,9.52380952380952
"cg26020483",7,33.3333333333333
"cg26021597",1,4.76190476190476
"cg26027200",1,4.76190476190476
"cg26028059",7,33.3333333333333
"cg26030770",4,19.047619047619
"cg26033782",1,4.76190476190476
"cg26040035",2,9.52380952380952
"cg26043553",3,14.2857142857143
"cg26046487",8,38.0952380952381
"cg26053876",2,9.52380952380952
"cg26055948",1,4.76190476190476
"cg26056477",1,4.76190476190476
"cg26056508",9,42.8571428571429
"cg26058907",7,33.3333333333333
"cg26060536",1,4.76190476190476
"cg26062244",1,4.76190476190476
"cg26063850",4,19.047619047619
"cg26065145",8,38.0952380952381
"cg26066413",1,4.76190476190476
"cg26066897",1,4.76190476190476
"cg26067074",6,28.5714285714286
"cg26069467",13,61.9047619047619
"cg26074053",1,4.76190476190476
"cg26076318",7,33.3333333333333
"cg26081618",5,23.8095238095238
"cg26081900",2,9.52380952380952
"cg26083841",2,9.52380952380952
"cg26087977",1,4.76190476190476
"cg26088226",5,23.8095238095238
"cg26089007",1,4.76190476190476
"cg26090720",1,4.76190476190476
"cg26093123",1,4.76190476190476
"cg26093579",1,4.76190476190476
"cg26093746",1,4.76190476190476
"cg26099251",1,4.76190476190476
"cg26099467",1,4.76190476190476
"cg26100244",1,4.76190476190476
"cg26101584",1,4.76190476190476
"cg26103902",15,71.4285714285714
"cg26105320",5,23.8095238095238
"cg26105370",2,9.52380952380952
"cg26105594",15,71.4285714285714
"cg26109002",8,38.0952380952381
"cg26111107",3,14.2857142857143
"cg26111285",2,9.52380952380952
"cg26111308",11,52.3809523809524
"cg26111732",3,14.2857142857143
"cg26112608",1,4.76190476190476
"cg26114035",3,14.2857142857143
"cg26114452",2,9.52380952380952
"cg26116669",1,4.76190476190476
"cg26117004",2,9.52380952380952
"cg26119884",1,4.76190476190476
"cg26125503",1,4.76190476190476
"cg26128464",1,4.76190476190476
"cg26128572",3,14.2857142857143
"cg26129200",1,4.76190476190476
"cg26130313",5,23.8095238095238
"cg26137217",3,14.2857142857143
"cg26137999",15,71.4285714285714
"cg26140264",3,14.2857142857143
"cg26141484",6,28.5714285714286
"cg26142754",1,4.76190476190476
"cg26149169",2,9.52380952380952
"cg26154824",1,4.76190476190476
"cg26157222",2,9.52380952380952
"cg26157361",2,9.52380952380952
"cg26164000",1,4.76190476190476
"cg26164240",4,19.047619047619
"cg26166879",6,28.5714285714286
"cg26167518",2,9.52380952380952
"cg26167519",4,19.047619047619
"cg26180006",1,4.76190476190476
"cg26181490",2,9.52380952380952
"cg26182421",1,4.76190476190476
"cg26183343",1,4.76190476190476
"cg26190386",1,4.76190476190476
"cg26190969",1,4.76190476190476
"cg26191113",2,9.52380952380952
"cg26192700",3,14.2857142857143
"cg26192826",6,28.5714285714286
"cg26195358",4,19.047619047619
"cg26198148",1,4.76190476190476
"cg26199856",1,4.76190476190476
"cg26201776",1,4.76190476190476
"cg26203005",3,14.2857142857143
"cg26203097",1,4.76190476190476
"cg26211288",10,47.6190476190476
"cg26212427",3,14.2857142857143
"cg26215768",1,4.76190476190476
"cg26216971",3,14.2857142857143
"cg26217297",7,33.3333333333333
"cg26217848",3,14.2857142857143
"cg26219497",2,9.52380952380952
"cg26219505",3,14.2857142857143
"cg26220697",6,28.5714285714286
"cg26220700",2,9.52380952380952
"cg26228024",1,4.76190476190476
"cg26228272",4,19.047619047619
"cg26230429",1,4.76190476190476
"cg26231727",1,4.76190476190476
"cg26237169",6,28.5714285714286
"cg26237812",2,9.52380952380952
"cg26238686",2,9.52380952380952
"cg26239930",1,4.76190476190476
"cg26242414",1,4.76190476190476
"cg26243644",4,19.047619047619
"cg26243759",1,4.76190476190476
"cg26245048",1,4.76190476190476
"cg26246536",1,4.76190476190476
"cg26246554",4,19.047619047619
"cg26247107",1,4.76190476190476
"cg26250088",3,14.2857142857143
"cg26251192",1,4.76190476190476
"cg26251249",6,28.5714285714286
"cg26254159",20,95.2380952380952
"cg26254799",1,4.76190476190476
"cg26254907",1,4.76190476190476
"cg26259849",4,19.047619047619
"cg26259875",4,19.047619047619
"cg26265441",2,9.52380952380952
"cg26267145",2,9.52380952380952
"cg26271567",13,61.9047619047619
"cg26274168",12,57.1428571428571
"cg26275562",3,14.2857142857143
"cg26277902",9,42.8571428571429
"cg26279116",1,4.76190476190476
"cg26279386",5,23.8095238095238
"cg26279897",2,9.52380952380952
"cg26280309",1,4.76190476190476
"cg26284827",5,23.8095238095238
"cg26286966",1,4.76190476190476
"cg26294236",3,14.2857142857143
"cg26295202",1,4.76190476190476
"cg26295874",1,4.76190476190476
"cg26296052",1,4.76190476190476
"cg26307233",4,19.047619047619
"cg26310603",2,9.52380952380952
"cg26310780",8,38.0952380952381
"cg26313065",2,9.52380952380952
"cg26313670",4,19.047619047619
"cg26316715",1,4.76190476190476
"cg26320261",2,9.52380952380952
"cg26321249",2,9.52380952380952
"cg26321843",7,33.3333333333333
"cg26322185",1,4.76190476190476
"cg26322315",1,4.76190476190476
"cg26323159",3,14.2857142857143
"cg26335467",1,4.76190476190476
"cg26336644",7,33.3333333333333
"cg26336836",1,4.76190476190476
"cg26340538",2,9.52380952380952
"cg26342035",9,42.8571428571429
"cg26346389",1,4.76190476190476
"cg26347359",1,4.76190476190476
"cg26351663",1,4.76190476190476
"cg26356865",1,4.76190476190476
"cg26357094",11,52.3809523809524
"cg26358141",1,4.76190476190476
"cg26358852",1,4.76190476190476
"cg26360084",15,71.4285714285714
"cg26360085",13,61.9047619047619
"cg26365152",1,4.76190476190476
"cg26367799",1,4.76190476190476
"cg26371422",1,4.76190476190476
"cg26373489",2,9.52380952380952
"cg26373643",3,14.2857142857143
"cg26376235",1,4.76190476190476
"cg26377886",3,14.2857142857143
"cg26380117",9,42.8571428571429
"cg26384678",1,4.76190476190476
"cg26385913",2,9.52380952380952
"cg26393275",3,14.2857142857143
"cg26402356",1,4.76190476190476
"cg26402811",2,9.52380952380952
"cg26403268",1,4.76190476190476
"cg26405637",2,9.52380952380952
"cg26409826",1,4.76190476190476
"cg26410415",6,28.5714285714286
"cg26411533",2,9.52380952380952
"cg26416766",1,4.76190476190476
"cg26419469",5,23.8095238095238
"cg26427915",5,23.8095238095238
"cg26428748",1,4.76190476190476
"cg26430986",2,9.52380952380952
"cg26437306",8,38.0952380952381
"cg26442821",1,4.76190476190476
"cg26443133",1,4.76190476190476
"cg26444908",4,19.047619047619
"cg26445605",3,14.2857142857143
"cg26448612",1,4.76190476190476
"cg26463933",7,33.3333333333333
"cg26465201",11,52.3809523809524
"cg26468157",2,9.52380952380952
"cg26469011",1,4.76190476190476
"cg26469831",1,4.76190476190476
"cg26470517",1,4.76190476190476
"cg26476915",1,4.76190476190476
"cg26481727",1,4.76190476190476
"cg26482210",1,4.76190476190476
"cg26482483",7,33.3333333333333
"cg26483583",1,4.76190476190476
"cg26485974",1,4.76190476190476
"cg26486255",1,4.76190476190476
"cg26489419",1,4.76190476190476
"cg26490251",1,4.76190476190476
"cg26495111",14,66.6666666666667
"cg26495760",2,9.52380952380952
"cg26501534",2,9.52380952380952
"cg26501614",14,66.6666666666667
"cg26501709",1,4.76190476190476
"cg26503662",2,9.52380952380952
"cg26503663",1,4.76190476190476
"cg26509635",1,4.76190476190476
"cg26509731",2,9.52380952380952
"cg26513231",6,28.5714285714286
"cg26517491",6,28.5714285714286
"cg26518408",1,4.76190476190476
"cg26521278",4,19.047619047619
"cg26523915",6,28.5714285714286
"cg26526514",2,9.52380952380952
"cg26527903",1,4.76190476190476
"cg26531432",1,4.76190476190476
"cg26531700",3,14.2857142857143
"cg26533350",1,4.76190476190476
"cg26536958",2,9.52380952380952
"cg26538006",1,4.76190476190476
"cg26542838",1,4.76190476190476
"cg26543146",1,4.76190476190476
"cg26544458",2,9.52380952380952
"cg26550627",6,28.5714285714286
"cg26552025",1,4.76190476190476
"cg26553175",1,4.76190476190476
"cg26555801",1,4.76190476190476
"cg26556455",15,71.4285714285714
"cg26557993",2,9.52380952380952
"cg26561105",2,9.52380952380952
"cg26561900",2,9.52380952380952
"cg26563723",7,33.3333333333333
"cg26565420",3,14.2857142857143
"cg26567409",1,4.76190476190476
"cg26568304",1,4.76190476190476
"cg26568876",1,4.76190476190476
"cg26569985",2,9.52380952380952
"cg26571372",8,38.0952380952381
"cg26571814",1,4.76190476190476
"cg26573796",1,4.76190476190476
"cg26574797",1,4.76190476190476
"cg26574926",4,19.047619047619
"cg26575584",5,23.8095238095238
"cg26576888",2,9.52380952380952
"cg26576932",2,9.52380952380952
"cg26581707",1,4.76190476190476
"cg26584329",1,4.76190476190476
"cg26584567",1,4.76190476190476
"cg26584624",2,9.52380952380952
"cg26585428",1,4.76190476190476
"cg26585779",1,4.76190476190476
"cg26587971",1,4.76190476190476
"cg26593228",1,4.76190476190476
"cg26593635",7,33.3333333333333
"cg26594534",2,9.52380952380952
"cg26594697",1,4.76190476190476
"cg26594741",1,4.76190476190476
"cg26594745",2,9.52380952380952
"cg26595580",3,14.2857142857143
"cg26595581",2,9.52380952380952
"cg26595585",2,9.52380952380952
"cg26595864",2,9.52380952380952
"cg26597269",18,85.7142857142857
"cg26597275",1,4.76190476190476
"cg26602343",1,4.76190476190476
"cg26602666",1,4.76190476190476
"cg26602760",16,76.1904761904762
"cg26603220",4,19.047619047619
"cg26604295",3,14.2857142857143
"cg26605214",15,71.4285714285714
"cg26605302",1,4.76190476190476
"cg26610077",2,9.52380952380952
"cg26612415",4,19.047619047619
"cg26612987",2,9.52380952380952
"cg26613034",2,9.52380952380952
"cg26615497",2,9.52380952380952
"cg26617333",2,9.52380952380952
"cg26619677",5,23.8095238095238
"cg26620000",1,4.76190476190476
"cg26620670",2,9.52380952380952
"cg26621755",1,4.76190476190476
"cg26621817",3,14.2857142857143
"cg26622657",6,28.5714285714286
"cg26623417",1,4.76190476190476
"cg26624525",1,4.76190476190476
"cg26625307",4,19.047619047619
"cg26625378",12,57.1428571428571
"cg26628279",4,19.047619047619
"cg26630199",1,4.76190476190476
"cg26630688",1,4.76190476190476
"cg26631553",2,9.52380952380952
"cg26633325",1,4.76190476190476
"cg26633326",1,4.76190476190476
"cg26634749",2,9.52380952380952
"cg26635332",1,4.76190476190476
"cg26637557",1,4.76190476190476
"cg26641785",1,4.76190476190476
"cg26641939",3,14.2857142857143
"cg26644917",8,38.0952380952381
"cg26646061",1,4.76190476190476
"cg26647555",2,9.52380952380952
"cg26652489",2,9.52380952380952
"cg26659554",1,4.76190476190476
"cg26660177",1,4.76190476190476
"cg26660421",1,4.76190476190476
"cg26664301",2,9.52380952380952
"cg26665638",7,33.3333333333333
"cg26666345",1,4.76190476190476
"cg26667897",1,4.76190476190476
"cg26668298",3,14.2857142857143
"cg26670366",3,14.2857142857143
"cg26672202",1,4.76190476190476
"cg26683508",1,4.76190476190476
"cg26684241",1,4.76190476190476
"cg26685951",12,57.1428571428571
"cg26686753",6,28.5714285714286
"cg26688816",2,9.52380952380952
"cg26694769",2,9.52380952380952
"cg26697963",1,4.76190476190476
"cg26698562",4,19.047619047619
"cg26699121",7,33.3333333333333
"cg26699326",1,4.76190476190476
"cg26700356",2,9.52380952380952
"cg26701940",2,9.52380952380952
"cg26702360",1,4.76190476190476
"cg26703726",1,4.76190476190476
"cg26704522",2,9.52380952380952
"cg26704570",1,4.76190476190476
"cg26707891",12,57.1428571428571
"cg26708368",1,4.76190476190476
"cg26708386",3,14.2857142857143
"cg26708653",1,4.76190476190476
"cg26709973",1,4.76190476190476
"cg26711093",2,9.52380952380952
"cg26711403",1,4.76190476190476
"cg26712948",3,14.2857142857143
"cg26714735",7,33.3333333333333
"cg26716197",3,14.2857142857143
"cg26717324",1,4.76190476190476
"cg26718465",4,19.047619047619
"cg26719246",5,23.8095238095238
"cg26720888",15,71.4285714285714
"cg26720889",1,4.76190476190476
"cg26721816",1,4.76190476190476
"cg26722601",8,38.0952380952381
"cg26723237",1,4.76190476190476
"cg26723367",1,4.76190476190476
"cg26724025",1,4.76190476190476
"cg26725400",1,4.76190476190476
"cg26726427",1,4.76190476190476
"cg26727710",3,14.2857142857143
"cg26728432",1,4.76190476190476
"cg26729707",3,14.2857142857143
"cg26734070",9,42.8571428571429
"cg26735507",1,4.76190476190476
"cg26736941",2,9.52380952380952
"cg26738396",13,61.9047619047619
"cg26739346",1,4.76190476190476
"cg26741764",3,14.2857142857143
"cg26742023",1,4.76190476190476
"cg26745957",7,33.3333333333333
"cg26747413",2,9.52380952380952
"cg26747514",1,4.76190476190476
"cg26747519",13,61.9047619047619
"cg26748828",2,9.52380952380952
"cg26749738",2,9.52380952380952
"cg26754572",1,4.76190476190476
"cg26756114",1,4.76190476190476
"cg26763248",2,9.52380952380952
"cg26764695",6,28.5714285714286
"cg26765813",1,4.76190476190476
"cg26765871",1,4.76190476190476
"cg26767237",12,57.1428571428571
"cg26767960",1,4.76190476190476
"cg26769204",4,19.047619047619
"cg26769934",2,9.52380952380952
"cg26772193",1,4.76190476190476
"cg26773221",2,9.52380952380952
"cg26779265",1,4.76190476190476
"cg26781707",7,33.3333333333333
"cg26782105",1,4.76190476190476
"cg26782361",1,4.76190476190476
"cg26790635",5,23.8095238095238
"cg26791474",1,4.76190476190476
"cg26791893",6,28.5714285714286
"cg26793147",1,4.76190476190476
"cg26794432",1,4.76190476190476
"cg26795516",1,4.76190476190476
"cg26798213",1,4.76190476190476
"cg26798430",17,80.9523809523809
"cg26798738",4,19.047619047619
"cg26801072",1,4.76190476190476
"cg26801880",3,14.2857142857143
"cg26802063",1,4.76190476190476
"cg26802722",1,4.76190476190476
"cg26803161",11,52.3809523809524
"cg26804258",11,52.3809523809524
"cg26804611",5,23.8095238095238
"cg26805306",1,4.76190476190476
"cg26805624",1,4.76190476190476
"cg26807029",1,4.76190476190476
"cg26808497",1,4.76190476190476
"cg26809836",9,42.8571428571429
"cg26810463",5,23.8095238095238
"cg26810467",2,9.52380952380952
"cg26811731",3,14.2857142857143
"cg26813067",6,28.5714285714286
"cg26817008",7,33.3333333333333
"cg26818827",1,4.76190476190476
"cg26820146",1,4.76190476190476
"cg26820915",1,4.76190476190476
"cg26821344",1,4.76190476190476
"cg26821947",1,4.76190476190476
"cg26822321",1,4.76190476190476
"cg26823149",1,4.76190476190476
"cg26824000",3,14.2857142857143
"cg26824782",2,9.52380952380952
"cg26826512",1,4.76190476190476
"cg26827441",6,28.5714285714286
"cg26829038",1,4.76190476190476
"cg26830086",2,9.52380952380952
"cg26830541",2,9.52380952380952
"cg26833577",10,47.6190476190476
"cg26837272",9,42.8571428571429
"cg26838691",1,4.76190476190476
"cg26842333",4,19.047619047619
"cg26846755",9,42.8571428571429
"cg26847616",3,14.2857142857143
"cg26847678",1,4.76190476190476
"cg26854360",1,4.76190476190476
"cg26855950",1,4.76190476190476
"cg26856231",1,4.76190476190476
"cg26856451",3,14.2857142857143
"cg26856792",4,19.047619047619
"cg26857384",1,4.76190476190476
"cg26857446",2,9.52380952380952
"cg26862981",1,4.76190476190476
"cg26863406",2,9.52380952380952
"cg26866625",2,9.52380952380952
"cg26867062",1,4.76190476190476
"cg26867502",6,28.5714285714286
"cg26868811",1,4.76190476190476
"cg26869829",1,4.76190476190476
"cg26870159",8,38.0952380952381
"cg26875874",6,28.5714285714286
"cg26876227",2,9.52380952380952
"cg26880148",6,28.5714285714286
"cg26883791",3,14.2857142857143
"cg26883892",1,4.76190476190476
"cg26885648",1,4.76190476190476
"cg26886585",1,4.76190476190476
"cg26886614",1,4.76190476190476
"cg26886948",1,4.76190476190476
"cg26890676",1,4.76190476190476
"cg26893107",1,4.76190476190476
"cg26893987",4,19.047619047619
"cg26894033",2,9.52380952380952
"cg26894969",3,14.2857142857143
"cg26896908",2,9.52380952380952
"cg26899284",2,9.52380952380952
"cg26901467",2,9.52380952380952
"cg26903296",3,14.2857142857143
"cg26908872",1,4.76190476190476
"cg26908913",1,4.76190476190476
"cg26911049",2,9.52380952380952
"cg26912341",4,19.047619047619
"cg26912738",3,14.2857142857143
"cg26913819",1,4.76190476190476
"cg26913821",8,38.0952380952381
"cg26915730",2,9.52380952380952
"cg26915779",1,4.76190476190476
"cg26916272",7,33.3333333333333
"cg26917012",7,33.3333333333333
"cg26917277",1,4.76190476190476
"cg26917757",13,61.9047619047619
"cg26919731",1,4.76190476190476
"cg26920282",2,9.52380952380952
"cg26922411",1,4.76190476190476
"cg26924012",2,9.52380952380952
"cg26928647",3,14.2857142857143
"cg26928789",7,33.3333333333333
"cg26930269",1,4.76190476190476
"cg26931649",1,4.76190476190476
"cg26932017",1,4.76190476190476
"cg26932441",1,4.76190476190476
"cg26934726",1,4.76190476190476
"cg26936764",1,4.76190476190476
"cg26938849",8,38.0952380952381
"cg26940584",1,4.76190476190476
"cg26941439",1,4.76190476190476
"cg26942053",1,4.76190476190476
"cg26942801",1,4.76190476190476
"cg26943346",1,4.76190476190476
"cg26943505",1,4.76190476190476
"cg26946502",5,23.8095238095238
"cg26951428",1,4.76190476190476
"cg26956497",12,57.1428571428571
"cg26956601",1,4.76190476190476
"cg26957082",2,9.52380952380952
"cg26957267",11,52.3809523809524
"cg26958509",2,9.52380952380952
"cg26958595",1,4.76190476190476
"cg26959659",1,4.76190476190476
"cg26960798",1,4.76190476190476
"cg26962725",2,9.52380952380952
"cg26962758",1,4.76190476190476
"cg26965794",12,57.1428571428571
"cg26966186",1,4.76190476190476
"cg26967272",14,66.6666666666667
"cg26967392",8,38.0952380952381
"cg26967416",1,4.76190476190476
"cg26968556",1,4.76190476190476
"cg26969701",3,14.2857142857143
"cg26969897",4,19.047619047619
"cg26971064",9,42.8571428571429
"cg26971595",1,4.76190476190476
"cg26972739",1,4.76190476190476
"cg26975850",7,33.3333333333333
"cg26981746",3,14.2857142857143
"cg26982253",4,19.047619047619
"cg26982529",2,9.52380952380952
"cg26982543",1,4.76190476190476
"cg26982581",1,4.76190476190476
"cg26982621",4,19.047619047619
"cg26983360",2,9.52380952380952
"cg26983535",5,23.8095238095238
"cg26984193",2,9.52380952380952
"cg26985140",2,9.52380952380952
"cg26986599",1,4.76190476190476
"cg26986786",2,9.52380952380952
"cg26993420",14,66.6666666666667
"cg26995072",1,4.76190476190476
"cg26995738",1,4.76190476190476
"cg26998079",1,4.76190476190476
"cg26999423",1,4.76190476190476
"cg26999807",4,19.047619047619
"cg27000133",2,9.52380952380952
"cg27000335",3,14.2857142857143
"cg27002237",1,4.76190476190476
"cg27003238",1,4.76190476190476
"cg27010449",7,33.3333333333333
"cg27015201",3,14.2857142857143
"cg27015942",1,4.76190476190476
"cg27016174",1,4.76190476190476
"cg27018063",2,9.52380952380952
"cg27019757",6,28.5714285714286
"cg27021718",1,4.76190476190476
"cg27022228",3,14.2857142857143
"cg27023929",1,4.76190476190476
"cg27024408",1,4.76190476190476
"cg27024821",6,28.5714285714286
"cg27030917",6,28.5714285714286
"cg27031218",3,14.2857142857143
"cg27034088",2,9.52380952380952
"cg27036487",10,47.6190476190476
"cg27037537",1,4.76190476190476
"cg27038050",1,4.76190476190476
"cg27038917",4,19.047619047619
"cg27039794",1,4.76190476190476
"cg27039914",1,4.76190476190476
"cg27041299",1,4.76190476190476
"cg27043149",1,4.76190476190476
"cg27045197",2,9.52380952380952
"cg27045374",2,9.52380952380952
"cg27045512",1,4.76190476190476
"cg27045864",1,4.76190476190476
"cg27049643",7,33.3333333333333
"cg27050420",16,76.1904761904762
"cg27050584",8,38.0952380952381
"cg27052772",2,9.52380952380952
"cg27053256",1,4.76190476190476
"cg27053686",1,4.76190476190476
"cg27054887",9,42.8571428571429
"cg27055657",4,19.047619047619
"cg27057408",2,9.52380952380952
"cg27058127",3,14.2857142857143
"cg27058221",16,76.1904761904762
"cg27064917",1,4.76190476190476
"cg27066288",2,9.52380952380952
"cg27067384",3,14.2857142857143
"cg27067385",2,9.52380952380952
"cg27070070",1,4.76190476190476
"cg27073817",4,19.047619047619
"cg27075118",2,9.52380952380952
"cg27076193",1,4.76190476190476
"cg27077770",12,57.1428571428571
"cg27078429",1,4.76190476190476
"cg27084825",1,4.76190476190476
"cg27087977",1,4.76190476190476
"cg27088952",1,4.76190476190476
"cg27089966",1,4.76190476190476
"cg27089978",5,23.8095238095238
"cg27092947",11,52.3809523809524
"cg27093224",3,14.2857142857143
"cg27095776",6,28.5714285714286
"cg27096416",4,19.047619047619
"cg27097937",1,4.76190476190476
"cg27100256",10,47.6190476190476
"cg27104720",4,19.047619047619
"cg27109319",7,33.3333333333333
"cg27110558",1,4.76190476190476
"cg27113525",1,4.76190476190476
"cg27119781",1,4.76190476190476
"cg27121144",1,4.76190476190476
"cg27127883",5,23.8095238095238
"cg27128489",2,9.52380952380952
"cg27128560",13,61.9047619047619
"cg27129755",3,14.2857142857143
"cg27136869",1,4.76190476190476
"cg27138327",1,4.76190476190476
"cg27141748",1,4.76190476190476
"cg27141760",1,4.76190476190476
"cg27141899",1,4.76190476190476
"cg27142371",2,9.52380952380952
"cg27142884",3,14.2857142857143
"cg27143132",3,14.2857142857143
"cg27145140",1,4.76190476190476
"cg27152686",1,4.76190476190476
"cg27152898",1,4.76190476190476
"cg27155093",7,33.3333333333333
"cg27156840",2,9.52380952380952
"cg27157540",3,14.2857142857143
"cg27158181",4,19.047619047619
"cg27159088",1,4.76190476190476
"cg27160227",1,4.76190476190476
"cg27161677",1,4.76190476190476
"cg27161809",2,9.52380952380952
"cg27165181",1,4.76190476190476
"cg27165942",9,42.8571428571429
"cg27177112",1,4.76190476190476
"cg27178293",1,4.76190476190476
"cg27181727",2,9.52380952380952
"cg27183027",3,14.2857142857143
"cg27184380",1,4.76190476190476
"cg27186231",3,14.2857142857143
"cg27188056",2,9.52380952380952
"cg27188079",1,4.76190476190476
"cg27188664",5,23.8095238095238
"cg27188968",1,4.76190476190476
"cg27191207",12,57.1428571428571
"cg27192023",1,4.76190476190476
"cg27192388",17,80.9523809523809
"cg27192733",5,23.8095238095238
"cg27195001",1,4.76190476190476
"cg27195305",2,9.52380952380952
"cg27196348",1,4.76190476190476
"cg27197276",3,14.2857142857143
"cg27199780",1,4.76190476190476
"cg27201214",2,9.52380952380952
"cg27204614",2,9.52380952380952
"cg27206140",1,4.76190476190476
"cg27208133",1,4.76190476190476
"cg27208163",4,19.047619047619
"cg27209618",2,9.52380952380952
"cg27210717",2,9.52380952380952
"cg27217178",1,4.76190476190476
"cg27217186",1,4.76190476190476
"cg27219644",2,9.52380952380952
"cg27221126",3,14.2857142857143
"cg27221229",14,66.6666666666667
"cg27224192",1,4.76190476190476
"cg27224302",6,28.5714285714286
"cg27224352",3,14.2857142857143
"cg27225421",3,14.2857142857143
"cg27225425",2,9.52380952380952
"cg27225427",3,14.2857142857143
"cg27225476",1,4.76190476190476
"cg27225679",2,9.52380952380952
"cg27225683",1,4.76190476190476
"cg27225790",1,4.76190476190476
"cg27225792",1,4.76190476190476
"cg27225799",13,61.9047619047619
"cg27225918",4,19.047619047619
"cg27225922",3,14.2857142857143
"cg27226418",7,33.3333333333333
"cg27226896",8,38.0952380952381
"cg27228210",1,4.76190476190476
"cg27228601",1,4.76190476190476
"cg27233070",11,52.3809523809524
"cg27234350",1,4.76190476190476
"cg27236052",2,9.52380952380952
"cg27236057",1,4.76190476190476
"cg27238652",1,4.76190476190476
"cg27239218",1,4.76190476190476
"cg27242309",9,42.8571428571429
"cg27243241",1,4.76190476190476
"cg27244972",2,9.52380952380952
"cg27245312",9,42.8571428571429
"cg27248959",2,9.52380952380952
"cg27249554",2,9.52380952380952
"cg27251603",1,4.76190476190476
"cg27251916",1,4.76190476190476
"cg27254225",5,23.8095238095238
"cg27255326",1,4.76190476190476
"cg27256112",1,4.76190476190476
"cg27256325",3,14.2857142857143
"cg27257214",1,4.76190476190476
"cg27258683",4,19.047619047619
"cg27259371",16,76.1904761904762
"cg27260495",5,23.8095238095238
"cg27264614",13,61.9047619047619
"cg27264630",1,4.76190476190476
"cg27266524",1,4.76190476190476
"cg27268436",1,4.76190476190476
"cg27268524",2,9.52380952380952
"cg27268525",3,14.2857142857143
"cg27268526",2,9.52380952380952
"cg27268725",1,4.76190476190476
"cg27268903",1,4.76190476190476
"cg27270362",2,9.52380952380952
"cg27270371",1,4.76190476190476
"cg27272839",1,4.76190476190476
"cg27280849",7,33.3333333333333
"cg27286346",1,4.76190476190476
"cg27286873",2,9.52380952380952
"cg27287834",11,52.3809523809524
"cg27287974",1,4.76190476190476
"cg27290496",1,4.76190476190476
"cg27292485",1,4.76190476190476
"cg27292892",1,4.76190476190476
"cg27295010",4,19.047619047619
"cg27295145",2,9.52380952380952
"cg27298632",2,9.52380952380952
"cg27298675",4,19.047619047619
"cg27298681",12,57.1428571428571
"cg27299387",3,14.2857142857143
"cg27300937",1,4.76190476190476
"cg27304647",13,61.9047619047619
"cg27304856",7,33.3333333333333
"cg27306929",5,23.8095238095238
"cg27307154",1,4.76190476190476
"cg27309484",11,52.3809523809524
"cg27309669",6,28.5714285714286
"cg27309936",1,4.76190476190476
"cg27310092",1,4.76190476190476
"cg27310850",1,4.76190476190476
"cg27312106",4,19.047619047619
"cg27315287",3,14.2857142857143
"cg27318021",2,9.52380952380952
"cg27320325",2,9.52380952380952
"cg27320391",1,4.76190476190476
"cg27320392",7,33.3333333333333
"cg27321748",1,4.76190476190476
"cg27322650",1,4.76190476190476
"cg27323291",2,9.52380952380952
"cg27325397",1,4.76190476190476
"cg27327253",3,14.2857142857143
"cg27332730",5,23.8095238095238
"cg27333297",2,9.52380952380952
"cg27333707",8,38.0952380952381
"cg27335612",2,9.52380952380952
"cg27336423",1,4.76190476190476
"cg27336554",1,4.76190476190476
"cg27337631",1,4.76190476190476
"cg27338827",1,4.76190476190476
"cg27340010",1,4.76190476190476
"cg27340209",1,4.76190476190476
"cg27347391",1,4.76190476190476
"cg27352715",1,4.76190476190476
"cg27355713",5,23.8095238095238
"cg27358426",1,4.76190476190476
"cg27358993",3,14.2857142857143
"cg27359191",2,9.52380952380952
"cg27359472",3,14.2857142857143
"cg27360208",2,9.52380952380952
"cg27362861",2,9.52380952380952
"cg27364659",2,9.52380952380952
"cg27365261",1,4.76190476190476
"cg27365571",9,42.8571428571429
"cg27366998",9,42.8571428571429
"cg27368331",6,28.5714285714286
"cg27370048",2,9.52380952380952
"cg27373952",1,4.76190476190476
"cg27374686",1,4.76190476190476
"cg27375079",2,9.52380952380952
"cg27377225",1,4.76190476190476
"cg27379085",1,4.76190476190476
"cg27379800",1,4.76190476190476
"cg27379896",3,14.2857142857143
"cg27381845",14,66.6666666666667
"cg27381954",1,4.76190476190476
"cg27383815",4,19.047619047619
"cg27386666",1,4.76190476190476
"cg27388350",2,9.52380952380952
"cg27392904",1,4.76190476190476
"cg27397339",9,42.8571428571429
"cg27397849",1,4.76190476190476
"cg27398637",2,9.52380952380952
"cg27399080",6,28.5714285714286
"cg27400527",2,9.52380952380952
"cg27400772",1,4.76190476190476
"cg27401488",1,4.76190476190476
"cg27401913",1,4.76190476190476
"cg27403388",1,4.76190476190476
"cg27403618",1,4.76190476190476
"cg27403897",1,4.76190476190476
"cg27403989",1,4.76190476190476
"cg27404245",7,33.3333333333333
"cg27405604",10,47.6190476190476
"cg27409073",5,23.8095238095238
"cg27409624",1,4.76190476190476
"cg27409910",1,4.76190476190476
"cg27411298",1,4.76190476190476
"cg27413065",2,9.52380952380952
"cg27413600",1,4.76190476190476
"cg27414043",1,4.76190476190476
"cg27416283",2,9.52380952380952
"cg27416732",16,76.1904761904762
"cg27418280",2,9.52380952380952
"cg27419226",1,4.76190476190476
"cg27422762",1,4.76190476190476
"cg27422885",2,9.52380952380952
"cg27423983",1,4.76190476190476
"cg27426132",1,4.76190476190476
"cg27427111",13,61.9047619047619
"cg27427295",1,4.76190476190476
"cg27427486",4,19.047619047619
"cg27428480",3,14.2857142857143
"cg27428961",7,33.3333333333333
"cg27429521",1,4.76190476190476
"cg27429522",1,4.76190476190476
"cg27432699",1,4.76190476190476
"cg27433982",6,28.5714285714286
"cg27434591",3,14.2857142857143
"cg27435867",7,33.3333333333333
"cg27439289",5,23.8095238095238
"cg27442723",7,33.3333333333333
"cg27443052",1,4.76190476190476
"cg27450131",7,33.3333333333333
"cg27450971",1,4.76190476190476
"cg27451128",1,4.76190476190476
"cg27452876",11,52.3809523809524
"cg27452878",8,38.0952380952381
"cg27453407",11,52.3809523809524
"cg27454277",1,4.76190476190476
"cg27454291",2,9.52380952380952
"cg27454408",1,4.76190476190476
"cg27456004",8,38.0952380952381
"cg27456332",1,4.76190476190476
"cg27458033",1,4.76190476190476
"cg27458098",2,9.52380952380952
"cg27459587",13,61.9047619047619
"cg27460245",2,9.52380952380952
"cg27460381",1,4.76190476190476
"cg27461131",5,23.8095238095238
"cg27464514",2,9.52380952380952
"cg27464654",14,66.6666666666667
"cg27464655",3,14.2857142857143
"cg27466454",3,14.2857142857143
"cg27467591",1,4.76190476190476
"cg27467815",19,90.4761904761905
"cg27468302",1,4.76190476190476
"cg27468743",3,14.2857142857143
"cg27470654",1,4.76190476190476
"cg27471061",3,14.2857142857143
"cg27473554",2,9.52380952380952
"cg27473842",2,9.52380952380952
"cg27474897",1,4.76190476190476
"cg27477134",2,9.52380952380952
"cg27479839",1,4.76190476190476
"cg27480440",1,4.76190476190476
"cg27482523",5,23.8095238095238
"cg27483691",4,19.047619047619
"cg27483896",4,19.047619047619
"cg27484475",2,9.52380952380952
"cg27492033",6,28.5714285714286
"cg27492102",1,4.76190476190476
"cg27493059",1,4.76190476190476
"cg27493578",2,9.52380952380952
"cg27493785",3,14.2857142857143
"cg27495636",4,19.047619047619
"cg27496837",1,4.76190476190476
"cg27500510",4,19.047619047619
"cg27500716",1,4.76190476190476
"cg27504470",1,4.76190476190476
"cg27508306",2,9.52380952380952
"cg27509302",6,28.5714285714286
"cg27509967",4,19.047619047619
"cg27510568",1,4.76190476190476
"cg27512469",1,4.76190476190476
"cg27513568",2,9.52380952380952
"cg27516111",1,4.76190476190476
"cg27516419",3,14.2857142857143
"cg27517356",2,9.52380952380952
"cg27519838",1,4.76190476190476
"cg27519853",1,4.76190476190476
"cg27520050",1,4.76190476190476
"cg27522374",9,42.8571428571429
"cg27527722",1,4.76190476190476
"cg27529205",1,4.76190476190476
"cg27529931",3,14.2857142857143
"cg27529937",1,4.76190476190476
"cg27529949",1,4.76190476190476
"cg27530173",3,14.2857142857143
"cg27530182",4,19.047619047619
"cg27530250",9,42.8571428571429
"cg27530294",1,4.76190476190476
"cg27530297",1,4.76190476190476
"cg27530301",4,19.047619047619
"cg27530344",1,4.76190476190476
"cg27530404",6,28.5714285714286
"cg27530460",1,4.76190476190476
"cg27530533",2,9.52380952380952
"cg27531794",1,4.76190476190476
"cg27532293",3,14.2857142857143
"cg27532861",1,4.76190476190476
"cg27534367",1,4.76190476190476
"cg27537099",3,14.2857142857143
"cg27537523",16,76.1904761904762
"cg27537980",15,71.4285714285714
"cg27539454",2,9.52380952380952
"cg27539963",1,4.76190476190476
"cg27540337",3,14.2857142857143
"cg27540506",7,33.3333333333333
"cg27541192",1,4.76190476190476
"cg27542454",1,4.76190476190476
"cg27544052",1,4.76190476190476
"cg27545697",4,19.047619047619
"cg27546017",2,9.52380952380952
"cg27548659",4,19.047619047619
"cg27549551",2,9.52380952380952
"cg27551376",2,9.52380952380952
"cg27555081",6,28.5714285714286
"cg27555903",7,33.3333333333333
"cg27558702",16,76.1904761904762
"cg27559097",1,4.76190476190476
"cg27559538",8,38.0952380952381
"cg27560671",1,4.76190476190476
"cg27561290",6,28.5714285714286
"cg27561732",2,9.52380952380952
"cg27563642",16,76.1904761904762
"cg27564589",7,33.3333333333333
"cg27565189",14,66.6666666666667
"cg27565240",2,9.52380952380952
"cg27565382",1,4.76190476190476
"cg27565422",1,4.76190476190476
"cg27574608",1,4.76190476190476
"cg27575141",1,4.76190476190476
"cg27575362",15,71.4285714285714
"cg27576275",3,14.2857142857143
"cg27576397",2,9.52380952380952
"cg27578568",6,28.5714285714286
"cg27583449",1,4.76190476190476
"cg27586329",5,23.8095238095238
"cg27588716",1,4.76190476190476
"cg27591145",1,4.76190476190476
"cg27592168",4,19.047619047619
"cg27593100",1,4.76190476190476
"cg27594511",1,4.76190476190476
"cg27595123",1,4.76190476190476
"cg27595575",1,4.76190476190476
"cg27595828",2,9.52380952380952
"cg27597000",1,4.76190476190476
"cg27597989",1,4.76190476190476
"cg27599845",3,14.2857142857143
"cg27604044",2,9.52380952380952
"cg27604123",3,14.2857142857143
"cg27605677",2,9.52380952380952
"cg27607843",2,9.52380952380952
"cg27610348",1,4.76190476190476
"cg27611562",1,4.76190476190476
"cg27611726",7,33.3333333333333
"cg27611757",6,28.5714285714286
"cg27619015",2,9.52380952380952
"cg27619016",1,4.76190476190476
"cg27619291",1,4.76190476190476
"cg27619831",8,38.0952380952381
"cg27620417",13,61.9047619047619
"cg27621878",1,4.76190476190476
"cg27622912",3,14.2857142857143
"cg27624424",3,14.2857142857143
"cg27625593",11,52.3809523809524
"cg27625597",2,9.52380952380952
"cg27626283",1,4.76190476190476
"cg27627215",1,4.76190476190476
"cg27627737",1,4.76190476190476
"cg27627741",1,4.76190476190476
"cg27629556",14,66.6666666666667
"cg27631710",2,9.52380952380952
"cg27631725",3,14.2857142857143
"cg27632351",6,28.5714285714286
"cg27632891",1,4.76190476190476
"cg27636129",7,33.3333333333333
"cg27641191",16,76.1904761904762
"cg27641240",1,4.76190476190476
"cg27641790",1,4.76190476190476
"cg27644219",5,23.8095238095238
"cg27644299",1,4.76190476190476
"cg27645129",2,9.52380952380952
"cg27648121",16,76.1904761904762
"cg27648147",1,4.76190476190476
"cg27649648",1,4.76190476190476
"cg27650057",1,4.76190476190476
"cg27653491",16,76.1904761904762
"cg27654838",10,47.6190476190476
"cg27655490",2,9.52380952380952
"cg27656441",1,4.76190476190476
"cg27656995",1,4.76190476190476
"cg27657459",1,4.76190476190476
"cg27657676",1,4.76190476190476
"cg27658864",3,14.2857142857143
"cg27662530",1,4.76190476190476
"cg27664783",2,9.52380952380952
"cg27666684",8,38.0952380952381
"cg27666686",5,23.8095238095238
"cg27679001",6,28.5714285714286
"cg27680067",2,9.52380952380952
"cg27684521",4,19.047619047619
"cg27690815",3,14.2857142857143
"cg27704800",2,9.52380952380952
"cg27705215",1,4.76190476190476
"cg27724110",4,19.047619047619
"cg27725125",3,14.2857142857143
"cg27725128",1,4.76190476190476
"cg27725203",1,4.76190476190476
"cg27739714",15,71.4285714285714
"cg27772107",1,4.76190476190476
"cg27788579",6,28.5714285714286
"cg27788725",7,33.3333333333333
"cg27799308",7,33.3333333333333
"cg27815718",7,33.3333333333333
"cg27816232",6,28.5714285714286
"cg27824690",3,14.2857142857143
"cg27824727",1,4.76190476190476
"cg27824728",6,28.5714285714286
"cg27824897",7,33.3333333333333
"cg27825027",1,4.76190476190476
"cg27825266",5,23.8095238095238
"cg27825267",7,33.3333333333333
"cg27825268",6,28.5714285714286
"cg27825332",5,23.8095238095238
"cg27825333",6,28.5714285714286
"cg27825335",5,23.8095238095238
"cg27825336",6,28.5714285714286
"cg27826145",5,23.8095238095238
"cg27826147",4,19.047619047619
"cg27826148",6,28.5714285714286
"cg27826149",6,28.5714285714286
"cg27826447",1,4.76190476190476
"cg27835705",7,33.3333333333333
"cg27847743",6,28.5714285714286
"cg27849406",6,28.5714285714286
"cg27849480",5,23.8095238095238
"cg27851037",4,19.047619047619
"cg27861802",5,23.8095238095238
"cg27871723",4,19.047619047619
"cg27882783",7,33.3333333333333
"cg27885948",6,28.5714285714286
"cg27886596",3,14.2857142857143
"cg27887375",1,4.76190476190476
"cg27910384",7,33.3333333333333
"cg27910385",5,23.8095238095238
"cg27910388",1,4.76190476190476
"cg27912920",6,28.5714285714286
"ch.1.1254155F",3,14.2857142857143
"ch.1.131529R",1,4.76190476190476
"ch.1.1604750R",6,28.5714285714286
"ch.1.173213985R",2,9.52380952380952
"ch.1.850602F",1,4.76190476190476
"ch.10.19755226F",1,4.76190476190476
"ch.10.256977R",1,4.76190476190476
"ch.10.65628491F",1,4.76190476190476
"ch.10.819441R",1,4.76190476190476
"ch.11.2495959R",1,4.76190476190476
"ch.12.1017720R",2,9.52380952380952
"ch.12.2538228F",1,4.76190476190476
"ch.12.2759882R",2,9.52380952380952
"ch.12.2933188F",2,9.52380952380952
"ch.13.557053R",1,4.76190476190476
"ch.13.564317R",1,4.76190476190476
"ch.13.63716R",2,9.52380952380952
"ch.13.865492R",1,4.76190476190476
"ch.13.90141398F",1,4.76190476190476
"ch.14.1795106F",1,4.76190476190476
"ch.14.556710R",2,9.52380952380952
"ch.15.365777F",1,4.76190476190476
"ch.15.433532F",1,4.76190476190476
"ch.15.600374F",1,4.76190476190476
"ch.15.84103R",1,4.76190476190476
"ch.16.1297358F",1,4.76190476190476
"ch.16.1348776F",2,9.52380952380952
"ch.16.350833F",3,14.2857142857143
"ch.17.1348593F",1,4.76190476190476
"ch.17.1528808F",4,19.047619047619
"ch.17.1629120F",1,4.76190476190476
"ch.17.467709F",1,4.76190476190476
"ch.17.727943F",2,9.52380952380952
"ch.19.299931F",1,4.76190476190476
"ch.2.1302556R",1,4.76190476190476
"ch.2.224494R",1,4.76190476190476
"ch.2.35699F",1,4.76190476190476
"ch.20.1534602F",2,9.52380952380952
"ch.20.378824F",1,4.76190476190476
"ch.21.284298R",4,19.047619047619
"ch.21.551062R",1,4.76190476190476
"ch.22.363412F",1,4.76190476190476
"ch.22.436090R",1,4.76190476190476
"ch.22.734399R",3,14.2857142857143
"ch.3.2658749R",7,33.3333333333333
"ch.3.362356R",1,4.76190476190476
"ch.3.3630245F",1,4.76190476190476
"ch.3.44870121R",1,4.76190476190476
"ch.4.3207570F",1,4.76190476190476
"ch.5.1024479R",1,4.76190476190476
"ch.5.2843133R",1,4.76190476190476
"ch.5.389453F",1,4.76190476190476
"ch.6.2143967R",1,4.76190476190476
"ch.7.1191358R",1,4.76190476190476
"ch.7.2086776R",4,19.047619047619
"ch.7.2116294F",1,4.76190476190476
"ch.7.2252844R",2,9.52380952380952
"ch.7.2809681F",1,4.76190476190476
"ch.8.18329843R",1,4.76190476190476
"ch.8.214077F",1,4.76190476190476
"ch.8.2197061F",1,4.76190476190476
"ch.9.23631958F",1,4.76190476190476
"ch.9.2473665R",1,4.76190476190476
"ch.X.1084407R",1,4.76190476190476
"ch.X.2058079F",1,4.76190476190476
"ch.X.397055F",1,4.76190476190476
"ch.X.409130R",1,4.76190476190476
"ch.X.98007042R",1,4.76190476190476
"nv-GRCh38-chr1-11124535-11124535-G-A",2,9.52380952380952
"nv-GRCh38-chr1-11124535-11124535-G-C",1,4.76190476190476
"nv-GRCh38-chr1-11128096-11128096-T-C",19,90.4761904761905
"nv-GRCh38-chr1-11128107-11128107-G-C",2,9.52380952380952
"nv-GRCh38-chr1-11128107-11128107-G-T",3,14.2857142857143
"nv-GRCh38-chr1-11128116-11128116-T-C",20,95.2380952380952
"nv-GRCh38-chr1-114713907-114713907-T-A",12,57.1428571428571
"nv-GRCh38-chr1-114713907-114713907-T-G",15,71.4285714285714
"nv-GRCh38-chr1-114713908-114713908-T-G",10,47.6190476190476
"nv-GRCh38-chr1-114716126-114716126-C-G",15,71.4285714285714
"nv-GRCh38-chr10-121520163-121520163-G-C",10,47.6190476190476
"nv-GRCh38-chr10-121520166-121520166-C-T",15,71.4285714285714
"nv-GRCh38-chr11-534286-534286-C-A",1,4.76190476190476
"nv-GRCh38-chr11-534286-534286-C-G",5,23.8095238095238
"nv-GRCh38-chr11-534289-534289-C-G",3,14.2857142857143
"nv-GRCh38-chr12-112450395-112450395-C-A",5,23.8095238095238
"nv-GRCh38-chr12-112450395-112450395-C-G",4,19.047619047619
"nv-GRCh38-chr12-112473033-112473033-C-G",16,76.1904761904762
"nv-GRCh38-chr12-112489068-112489068-C-T",18,85.7142857142857
"nv-GRCh38-chr12-112489088-112489088-G-T",18,85.7142857142857
"nv-GRCh38-chr12-25227340-25227340-C-G",2,9.52380952380952
"nv-GRCh38-chr12-25227342-25227342-T-A",3,14.2857142857143
"nv-GRCh38-chr12-25227342-25227342-T-G",2,9.52380952380952
"nv-GRCh38-chr12-25227348-25227348-G-A",2,9.52380952380952
"nv-GRCh38-chr12-25227349-25227349-C-A",3,14.2857142857143
"nv-GRCh38-chr12-25245284-25245284-G-A",11,52.3809523809524
"nv-GRCh38-chr12-25245326-25245326-G-C",17,80.9523809523809
"nv-GRCh38-chr12-25245345-25245345-C-A",1,4.76190476190476
"nv-GRCh38-chr12-25245345-25245345-C-T",3,14.2857142857143
"nv-GRCh38-chr12-25245347-25245347-C-A",8,38.0952380952381
"nv-GRCh38-chr12-25245347-25245347-C-G",15,71.4285714285714
"nv-GRCh38-chr12-25245350-25245350-C-A",17,80.9523809523809
"nv-GRCh38-chr12-56087875-56087875-G-A",12,57.1428571428571
"nv-GRCh38-chr13-48381436-48381436-G-C",13,61.9047619047619
"nv-GRCh38-chr14-104773276-104773276-C-T",17,80.9523809523809
"nv-GRCh38-chr14-95094127-95094127-C-A",3,14.2857142857143
"nv-GRCh38-chr14-95094145-95094145-G-A",9,42.8571428571429
"nv-GRCh38-chr15-66436825-66436825-C-A",6,28.5714285714286
"nv-GRCh38-chr15-66436825-66436825-C-G",6,28.5714285714286
"nv-GRCh38-chr16-68808825-68808825-A-G",9,42.8571428571429
"nv-GRCh38-chr16-68811720-68811720-A-G",2,9.52380952380952
"nv-GRCh38-chr17-7670665-7670665-C-A",2,9.52380952380952
"nv-GRCh38-chr17-7670666-7670666-A-G",4,19.047619047619
"nv-GRCh38-chr17-7670699-7670699-C-G",1,4.76190476190476
"nv-GRCh38-chr17-7670699-7670699-C-T",3,14.2857142857143
"nv-GRCh38-chr17-7673775-7673775-C-A",3,14.2857142857143
"nv-GRCh38-chr17-7673775-7673775-C-G",7,33.3333333333333
"nv-GRCh38-chr17-7673776-7673776-G-A",15,71.4285714285714
"nv-GRCh38-chr17-7673778-7673778-T-A",7,33.3333333333333
"nv-GRCh38-chr17-7673779-7673779-C-A",7,33.3333333333333
"nv-GRCh38-chr17-7673779-7673779-C-G",7,33.3333333333333
"nv-GRCh38-chr17-7673780-7673780-T-A",5,23.8095238095238
"nv-GRCh38-chr17-7673780-7673780-T-G",8,38.0952380952381
"nv-GRCh38-chr17-7673781-7673781-C-A",1,4.76190476190476
"nv-GRCh38-chr17-7673781-7673781-C-G",5,23.8095238095238
"nv-GRCh38-chr17-7673787-7673787-G-A",4,19.047619047619
"nv-GRCh38-chr17-7673790-7673790-C-A",5,23.8095238095238
"nv-GRCh38-chr17-7673790-7673790-C-G",9,42.8571428571429
"nv-GRCh38-chr17-7673791-7673791-A-C",12,57.1428571428571
"nv-GRCh38-chr17-7673791-7673791-A-G",5,23.8095238095238
"nv-GRCh38-chr17-7673793-7673793-G-A",3,14.2857142857143
"nv-GRCh38-chr17-7673794-7673794-C-A",15,71.4285714285714
"nv-GRCh38-chr17-7673794-7673794-C-G",15,71.4285714285714
"nv-GRCh38-chr17-7673797-7673797-A-G",4,19.047619047619
"nv-GRCh38-chr17-7673799-7673799-A-G",16,76.1904761904762
"nv-GRCh38-chr17-7673800-7673800-C-A",18,85.7142857142857
"nv-GRCh38-chr17-7673800-7673800-C-G",15,71.4285714285714
"nv-GRCh38-chr17-7673802-7673802-C-A",17,80.9523809523809
"nv-GRCh38-chr17-7673802-7673802-C-G",15,71.4285714285714
"nv-GRCh38-chr17-7673803-7673803-G-A",18,85.7142857142857
"nv-GRCh38-chr17-7673803-7673803-G-C",3,14.2857142857143
"nv-GRCh38-chr17-7673803-7673803-G-T",3,14.2857142857143
"nv-GRCh38-chr17-7673805-7673805-A-G",2,9.52380952380952
"nv-GRCh38-chr17-7673806-7673806-C-G",2,9.52380952380952
"nv-GRCh38-chr17-7673820-7673820-C-A",1,4.76190476190476
"nv-GRCh38-chr17-7673820-7673820-C-G",1,4.76190476190476
"nv-GRCh38-chr17-7674216-7674216-C-T",1,4.76190476190476
"nv-GRCh38-chr17-7674220-7674220-C-T",1,4.76190476190476
"nv-GRCh38-chr17-7674223-7674223-T-C",9,42.8571428571429
"nv-GRCh38-chr17-7674226-7674226-A-C",1,4.76190476190476
"nv-GRCh38-chr17-7674230-7674230-C-T",10,47.6190476190476
"nv-GRCh38-chr17-7674239-7674239-A-T",1,4.76190476190476
"nv-GRCh38-chr17-7674245-7674245-T-C",1,4.76190476190476
"nv-GRCh38-chr17-7674268-7674268-A-T",2,9.52380952380952
"nv-GRCh38-chr17-7674275-7674275-T-C",5,23.8095238095238
"nv-GRCh38-chr17-7674872-7674872-T-G",2,9.52380952380952
"nv-GRCh38-chr17-7674873-7674873-A-G",3,14.2857142857143
"nv-GRCh38-chr17-7674884-7674884-A-G",13,61.9047619047619
"nv-GRCh38-chr17-7674887-7674887-C-A",14,66.6666666666667
"nv-GRCh38-chr17-7674887-7674887-C-G",15,71.4285714285714
"nv-GRCh38-chr17-7674893-7674893-C-A",15,71.4285714285714
"nv-GRCh38-chr17-7674893-7674893-C-G",13,61.9047619047619
"nv-GRCh38-chr17-7674944-7674944-C-G",1,4.76190476190476
"nv-GRCh38-chr17-7675071-7675071-G-A",1,4.76190476190476
"nv-GRCh38-chr17-7675137-7675137-C-T",2,9.52380952380952
"nv-GRCh38-chr17-7675139-7675139-C-T",1,4.76190476190476
"nv-GRCh38-chr17-7675140-7675140-G-A",3,14.2857142857143
"nv-GRCh38-chr17-7675140-7675140-G-C",5,23.8095238095238
"nv-GRCh38-chr17-7675157-7675157-G-C",2,9.52380952380952
"nv-GRCh38-chr17-7675172-7675172-A-C",5,23.8095238095238
"nv-GRCh38-chr17-7675172-7675172-A-T",6,28.5714285714286
"nv-GRCh38-chr17-7676050-7676050-A-G",1,4.76190476190476
"nv-GRCh38-chr18-51065518-51065518-G-C",1,4.76190476190476
"nv-GRCh38-chr18-51065518-51065518-G-T",1,4.76190476190476
"nv-GRCh38-chr18-51065519-51065519-A-C",1,4.76190476190476
"nv-GRCh38-chr18-51065521-51065521-G-T",1,4.76190476190476
"nv-GRCh38-chr18-51065522-51065522-G-T",2,9.52380952380952
"nv-GRCh38-chr18-51065524-51065524-T-C",1,4.76190476190476
"nv-GRCh38-chr18-51065525-51065525-A-G",12,57.1428571428571
"nv-GRCh38-chr18-51065531-51065531-A-C",18,85.7142857142857
"nv-GRCh38-chr18-51065531-51065531-A-T",16,76.1904761904762
"nv-GRCh38-chr18-51065533-51065533-C-A",14,66.6666666666667
"nv-GRCh38-chr18-51065533-51065533-C-T",10,47.6190476190476
"nv-GRCh38-chr18-51065534-51065534-C-T",9,42.8571428571429
"nv-GRCh38-chr18-51065548-51065548-C-A",7,33.3333333333333
"nv-GRCh38-chr18-51065548-51065548-C-G",2,9.52380952380952
"nv-GRCh38-chr18-51065548-51065548-C-T",17,80.9523809523809
"nv-GRCh38-chr18-51065549-51065549-G-A",2,9.52380952380952
"nv-GRCh38-chr18-51065549-51065549-G-C",17,80.9523809523809
"nv-GRCh38-chr18-51065549-51065549-G-T",18,85.7142857142857
"nv-GRCh38-chr18-51065554-51065554-T-C",20,95.2380952380952
"nv-GRCh38-chr18-51065555-51065555-G-C",20,95.2380952380952
"nv-GRCh38-chr18-51065555-51065555-G-T",17,80.9523809523809
"nv-GRCh38-chr18-51067035-51067035-G-C",3,14.2857142857143
"nv-GRCh38-chr18-51067035-51067035-G-T",1,4.76190476190476
"nv-GRCh38-chr18-51067036-51067036-G-C",4,19.047619047619
"nv-GRCh38-chr18-51067036-51067036-G-T",2,9.52380952380952
"nv-GRCh38-chr18-51067103-51067103-T-A",20,95.2380952380952
"nv-GRCh38-chr18-51078333-51078333-T-C",10,47.6190476190476
"nv-GRCh38-chr18-51078377-51078377-C-A",1,4.76190476190476
"nv-GRCh38-chr18-51078378-51078378-T-A",3,14.2857142857143
"nv-GRCh38-chr18-51078378-51078378-T-G",6,28.5714285714286
"nv-GRCh38-chr19-10489732-10489732-G-A",14,66.6666666666667
"nv-GRCh38-chr19-10489750-10489750-C-T",19,90.4761904761905
"nv-GRCh38-chr19-10491904-10491904-C-T",18,85.7142857142857
"nv-GRCh38-chr19-3118955-3118955-C-T",15,71.4285714285714
"nv-GRCh38-chr2-177234071-177234071-T-A",1,4.76190476190476
"nv-GRCh38-chr2-177234071-177234071-T-G",1,4.76190476190476
"nv-GRCh38-chr2-197400725-197400725-T-C",1,4.76190476190476
"nv-GRCh38-chr2-197400725-197400725-T-G",2,9.52380952380952
"nv-GRCh38-chr2-197400729-197400729-C-G",1,4.76190476190476
"nv-GRCh38-chr2-197401987-197401987-T-A",9,42.8571428571429
"nv-GRCh38-chr2-197402635-197402635-C-A",2,9.52380952380952
"nv-GRCh38-chr2-197402635-197402635-C-G",4,19.047619047619
"nv-GRCh38-chr2-197402636-197402636-T-G",4,19.047619047619
"nv-GRCh38-chr2-197402757-197402757-T-A",15,71.4285714285714
"nv-GRCh38-chr2-197402757-197402757-T-G",12,57.1428571428571
"nv-GRCh38-chr2-197402759-197402759-C-A",21,100
"nv-GRCh38-chr2-197402759-197402759-C-G",19,90.4761904761905
"nv-GRCh38-chr2-197402760-197402760-G-A",19,90.4761904761905
"nv-GRCh38-chr2-197402760-197402760-G-C",4,19.047619047619
"nv-GRCh38-chr2-197402760-197402760-G-T",2,9.52380952380952
"nv-GRCh38-chr2-208248388-208248388-C-A",1,4.76190476190476
"nv-GRCh38-chr2-208248388-208248388-C-T",1,4.76190476190476
"nv-GRCh38-chr2-208248389-208248389-G-C",1,4.76190476190476
"nv-GRCh38-chr2-211562036-211562036-C-A",2,9.52380952380952
"nv-GRCh38-chr22-28695854-28695854-G-A",8,38.0952380952381
"nv-GRCh38-chr22-28696959-28696959-C-T",3,14.2857142857143
"nv-GRCh38-chr22-28696962-28696962-T-C",16,76.1904761904762
"nv-GRCh38-chr22-28696963-28696963-G-A",2,9.52380952380952
"nv-GRCh38-chr22-28696983-28696983-A-C",12,57.1428571428571
"nv-GRCh38-chr22-28696983-28696983-A-T",8,38.0952380952381
"nv-GRCh38-chr22-41169519-41169519-T-G",4,19.047619047619
"nv-GRCh38-chr22-41169523-41169523-T-C",18,85.7142857142857
"nv-GRCh38-chr22-41169525-41169525-G-C",18,85.7142857142857
"nv-GRCh38-chr22-41169525-41169525-G-T",17,80.9523809523809
"nv-GRCh38-chr3-10146579-10146579-T-A",3,14.2857142857143
"nv-GRCh38-chr3-10146579-10146579-T-G",1,4.76190476190476
"nv-GRCh38-chr3-10149805-10149805-G-C",2,9.52380952380952
"nv-GRCh38-chr3-10149805-10149805-G-T",4,19.047619047619
"nv-GRCh38-chr3-10149807-10149807-T-C",18,85.7142857142857
"nv-GRCh38-chr3-10149886-10149886-T-C",2,9.52380952380952
"nv-GRCh38-chr3-10149886-10149886-T-G",13,61.9047619047619
"nv-GRCh38-chr3-179203760-179203760-G-A",17,80.9523809523809
"nv-GRCh38-chr3-179203761-179203761-T-C",1,4.76190476190476
"nv-GRCh38-chr3-179203761-179203761-T-G",1,4.76190476190476
"nv-GRCh38-chr3-179203763-179203763-A-C",15,71.4285714285714
"nv-GRCh38-chr3-179203763-179203763-A-G",5,23.8095238095238
"nv-GRCh38-chr3-179203763-179203763-A-T",7,33.3333333333333
"nv-GRCh38-chr3-179203764-179203764-A-C",19,90.4761904761905
"nv-GRCh38-chr3-179203764-179203764-A-G",13,61.9047619047619
"nv-GRCh38-chr3-179203764-179203764-A-T",12,57.1428571428571
"nv-GRCh38-chr3-179210438-179210438-C-T",1,4.76190476190476
"nv-GRCh38-chr3-179218286-179218286-C-G",2,9.52380952380952
"nv-GRCh38-chr3-41224607-41224607-A-G",4,19.047619047619
"nv-GRCh38-chr3-41224612-41224612-G-A",4,19.047619047619
"nv-GRCh38-chr3-41224616-41224616-T-A",2,9.52380952380952
"nv-GRCh38-chr3-41227269-41227269-A-T",3,14.2857142857143
"nv-GRCh38-chr3-41227275-41227275-A-C",12,57.1428571428571
"nv-GRCh38-chr3-41227275-41227275-A-T",12,57.1428571428571
"nv-GRCh38-chr3-49368495-49368495-C-G",2,9.52380952380952
"nv-GRCh38-chr3-49368520-49368520-C-A",1,4.76190476190476
"nv-GRCh38-chr3-49368530-49368530-C-A",1,4.76190476190476
"nv-GRCh38-chr3-49375540-49375540-C-A",3,14.2857142857143
"nv-GRCh38-chr3-49375540-49375540-C-G",6,28.5714285714286
"nv-GRCh38-chr4-152326016-152326016-T-A",3,14.2857142857143
"nv-GRCh38-chr4-152326016-152326016-T-G",8,38.0952380952381
"nv-GRCh38-chr4-152326136-152326136-C-A",14,66.6666666666667
"nv-GRCh38-chr4-152326136-152326136-C-G",13,61.9047619047619
"nv-GRCh38-chr4-152326137-152326137-G-A",18,85.7142857142857
"nv-GRCh38-chr4-152326214-152326214-C-A",18,85.7142857142857
"nv-GRCh38-chr4-152326214-152326214-C-G",20,95.2380952380952
"nv-GRCh38-chr4-152328232-152328232-C-A",13,61.9047619047619
"nv-GRCh38-chr4-152328232-152328232-C-G",11,52.3809523809524
"nv-GRCh38-chr4-152328233-152328233-G-A",5,23.8095238095238
"nv-GRCh38-chr4-152328349-152328349-G-C",5,23.8095238095238
"nv-GRCh38-chr4-152328349-152328349-G-T",4,19.047619047619
"nv-GRCh38-chr4-54727486-54727486-C-T",1,4.76190476190476
"nv-GRCh38-chr4-54728038-54728038-C-T",20,95.2380952380952
"nv-GRCh38-chr4-54733154-54733154-G-A",1,4.76190476190476
"nv-GRCh38-chr4-54733154-54733154-G-C",1,4.76190476190476
"nv-GRCh38-chr4-54733154-54733154-G-T",4,19.047619047619
"nv-GRCh38-chr4-54733155-54733155-A-C",5,23.8095238095238
"nv-GRCh38-chr4-54733155-54733155-A-T",1,4.76190476190476
"nv-GRCh38-chr5-68293319-68293319-A-G",2,9.52380952380952
"nv-GRCh38-chr5-68295249-68295249-G-A",20,95.2380952380952
"nv-GRCh38-chr5-68295249-68295249-G-C",21,100
"nv-GRCh38-chr5-68295257-68295257-G-A",6,28.5714285714286
"nv-GRCh38-chr5-68295258-68295258-A-G",18,85.7142857142857
"nv-GRCh38-chr5-68295278-68295278-A-G",10,47.6190476190476
"nv-GRCh38-chr5-68295300-68295300-G-A",5,23.8095238095238
"nv-GRCh38-chr5-68295300-68295300-G-T",1,4.76190476190476
"nv-GRCh38-chr5-87378417-87378417-G-A",16,76.1904761904762
"nv-GRCh38-chr7-116783353-116783353-G-A",10,47.6190476190476
"nv-GRCh38-chr7-116783353-116783353-G-C",8,38.0952380952381
"nv-GRCh38-chr7-140753336-140753336-A-G",1,4.76190476190476
"nv-GRCh38-chr7-140754204-140754204-C-T",2,9.52380952380952
"nv-GRCh38-chr7-140754226-140754226-G-C",21,100
"nv-GRCh38-chr7-152265068-152265068-C-A",1,4.76190476190476
"nv-GRCh38-chr7-55143386-55143386-A-G",1,4.76190476190476
"nv-GRCh38-chr7-55143387-55143387-G-A",1,4.76190476190476
"nv-GRCh38-chr7-55154017-55154017-C-G",16,76.1904761904762
"nv-GRCh38-chr7-55154072-55154072-A-G",12,57.1428571428571
"nv-GRCh38-chr7-55191756-55191756-G-A",4,19.047619047619
"nv-GRCh38-chr7-6402343-6402343-C-T",19,90.4761904761905
"nv-GRCh38-chr9-77797577-77797577-C-T",13,61.9047619047619
"nv-GRCh38-chrX-41346601-41346601-A-G",16,76.1904761904762
