"CpG_ID","Filtered_by_minfi","Filtered_by_ENmix"
"cg03683899_BC11",TRUE,TRUE
"cg09460641_TC11",TRUE,TRUE
"cg05890011_TC11",TRUE,TRUE
"cg26430986_BC11",TRUE,TRUE
"cg18665209_TC11",TRUE,TRUE
"cg05055518_TC11",TRUE,TRUE
"cg23065699_TC11",TRUE,TRUE
"cg20040979_TC11",TRUE,TRUE
"cg18610624_TC11",TRUE,TRUE
"cg24625800_TC11",TRUE,TRUE
"cg26513231_TC11",TRUE,TRUE
"cg10379756_TC11",TRUE,TRUE
"cg19367402_TC11",TRUE,TRUE
"cg15677797_TC11",TRUE,TRUE
"cg14607067_BC11",TRUE,TRUE
"cg15121811_TC11",TRUE,TRUE
"cg15383516_BC11",TRUE,TRUE
"cg15934644_BO11",TRUE,TRUE
"cg03477254_TO11",TRUE,TRUE
"cg04062882_BC11",TRUE,TRUE
"cg05045174_TC11",TRUE,TRUE
"cg05310730_BC11",TRUE,TRUE
"cg06947686_BO11",TRUE,TRUE
"cg07229109_BC11",TRUE,TRUE
"cg07377421_TO11",TRUE,TRUE
"cg07998774_BC11",TRUE,TRUE
"cg25756934_BO11",TRUE,TRUE
"cg17006679_TO11",TRUE,TRUE
"cg23729101_TC11",TRUE,TRUE
"cg03231094_BO11",TRUE,TRUE
"cg18696979_BO11",TRUE,TRUE
"cg19816180_TO11",TRUE,TRUE
"cg12998149_BO11",TRUE,TRUE
"cg01198358_BC11",TRUE,TRUE
"cg15563434_TC11",TRUE,TRUE
"cg07939587_BC11",TRUE,TRUE
"cg08208480_TC11",TRUE,TRUE
"cg05249744_TC11",TRUE,TRUE
"cg25756647_BC11",TRUE,TRUE
"cg03767353_TC11",TRUE,TRUE
"cg26983535_BC11",TRUE,TRUE
"cg27049643_BC11",TRUE,TRUE
"cg10363397_BC11",TRUE,TRUE
"cg03209103_BC11",TRUE,TRUE
"cg14180491_TC11",TRUE,TRUE
"cg05621349_BC11",TRUE,TRUE
"cg10076560_TC11",TRUE,TRUE
"cg02839557_TC11",TRUE,TRUE
"cg00733288_TC11",TRUE,TRUE
"cg00213748_BC11",TRUE,TRUE
"cg23322676_TC11",TRUE,TRUE
"cg02233190_TC11",TRUE,TRUE
"cg14523380_TC11",TRUE,TRUE
"cg10841270_TC11",TRUE,TRUE
"cg03750315_TC11",TRUE,TRUE
"cg06479204_TC11",TRUE,TRUE
"cg15682993_BC11",TRUE,TRUE
"cg15746461_TC11",TRUE,TRUE
"cg04448376_BC11",TRUE,TRUE
"cg04570419_TC11",TRUE,TRUE
"cg15410402_TC11",TRUE,TRUE
"cg02249577_TC11",TRUE,TRUE
"cg13268984_TC11",TRUE,TRUE
"cg05014687_TC11",TRUE,TRUE
"cg25427172_TC11",TRUE,TRUE
"cg10213302_BC11",TRUE,TRUE
"cg05840289_BC11",TRUE,TRUE
"cg05364038_BC11",TRUE,TRUE
"cg05372444_TC11",TRUE,TRUE
"cg05480730_BC11",TRUE,TRUE
"cg04042030_TC11",TRUE,TRUE
"cg08265308_BC11",TRUE,TRUE
"cg23468507_BC11",TRUE,TRUE
"cg14741114_BC11",TRUE,TRUE
"cg03443143_TC11",TRUE,TRUE
"cg18188392_BC11",TRUE,TRUE
"cg26517491_TC11",TRUE,TRUE
"cg02842889_BC11",TRUE,TRUE
"cg14998086_BC11",TRUE,TRUE
"cg04303809_BC11",TRUE,TRUE
"cg04311686_TC11",TRUE,TRUE
"cg00212031_BC11",TRUE,TRUE
"cg11131351_BC11",TRUE,TRUE
"cg15329860_TC11",TRUE,TRUE
"cg15345074_TC11",TRUE,TRUE
"cg15429127_TC11",TRUE,TRUE
"cg02050847_TC11",TRUE,TRUE
"cg26875874_BC11",TRUE,TRUE
"cg27433982_TC11",TRUE,TRUE
"cg07449105_BC11",TRUE,TRUE
"cg26802063_TC11",TRUE,TRUE
"cg17933807_TC11",TRUE,TRUE
"cg07387429_TC11",TRUE,TRUE
"cg18077436_BC11",TRUE,TRUE
"cg19850149_BC11",TRUE,TRUE
"cg09856092_TC11",TRUE,TRUE
"cg08921682_BC11",TRUE,TRUE
"cg02745719_BC11",TRUE,TRUE
"cg10698069_TC11",TRUE,TRUE
"cg07747963_TC11",TRUE,TRUE
"cg23340935_BC11",TRUE,TRUE
"cg14466580_TC11",TRUE,TRUE
"cg26030770_BC11",TRUE,TRUE
"cg24834873_BC11",TRUE,TRUE
"cg26058907_BC11",TRUE,TRUE
"cg00401101_BC11",TRUE,TRUE
"cg12280242_BC11",TRUE,TRUE
"cg18021902_BC11",TRUE,TRUE
"cg00050873_BC11",TRUE,TRUE
"cg03654560_TC11",TRUE,TRUE
"cg22627029_BC11",TRUE,TRUE
"cg12938017_TC11",TRUE,TRUE
"cg25575628_TC11",TRUE,TRUE
"cg03296304_TC11",TRUE,TRUE
"cg25120325_BC11",TRUE,TRUE
"cg07068956_TC11",TRUE,TRUE
"cg06559318_BC11",TRUE,TRUE
"cg03689456_BC11",TRUE,TRUE
"cg09081965_TC11",TRUE,TRUE
"cg07146383_BC11",TRUE,TRUE
"cg18792536_TC11",TRUE,TRUE
"cg09649545_TC11",TRUE,TRUE
"cg00693004_TC11",TRUE,TRUE
"cg00742920_TC11",TRUE,TRUE
"cg01128909_TC11",TRUE,TRUE
"cg17399180_TC11",TRUE,TRUE
"cg23264351_TC11",TRUE,TRUE
"cg08571054_BC11",TRUE,TRUE
"cg03415137_TC11",TRUE,TRUE
"cg23651322_BC11",TRUE,TRUE
"cg25636796_TC11",TRUE,TRUE
"cg27031218_TC11",TRUE,TRUE
"cg22782227_TC11",TRUE,TRUE
"cg22570226_TC11",TRUE,TRUE
"cg01756309_TC11",TRUE,TRUE
"cg24473240_BC11",TRUE,TRUE
"cg09223745_BC11",TRUE,TRUE
"cg16061336_TC11",TRUE,TRUE
"cg22354068_TC11",TRUE,TRUE
"cg27451128_BC11",TRUE,TRUE
"cg12074813_BC11",TRUE,TRUE
"cg06867404_TC11",TRUE,TRUE
"cg06143614_BC11",TRUE,TRUE
"cg14447886_TC11",TRUE,TRUE
"cg19663653_TC11",TRUE,TRUE
"cg23036697_TC11",TRUE,TRUE
"cg04650440_BC11",TRUE,TRUE
"cg09765601_BC11",TRUE,TRUE
"cg11433393_BC11",TRUE,TRUE
"cg15435689_BC11",TRUE,TRUE
"cg05927242_TC11",TRUE,TRUE
"cg03635425_TC11",TRUE,TRUE
"cg14661717_BC11",TRUE,TRUE
"cg16892880_TC11",TRUE,TRUE
"cg01179110_TC11",TRUE,TRUE
"cg16084893_BC11",TRUE,TRUE
"cg09261698_BC11",TRUE,TRUE
"cg24875904_BC11",TRUE,TRUE
"cg14043191_BC11",TRUE,TRUE
"cg24425213_TC11",TRUE,TRUE
"cg24348289_TC11",TRUE,TRUE
"cg09289009_TC11",TRUE,TRUE
"cg09542878_BC11",TRUE,TRUE
"cg10734001_TC11",TRUE,TRUE
"cg21032750_TC11",TRUE,TRUE
"cg25135840_TC11",TRUE,TRUE
"cg24998940_BC11",TRUE,TRUE
"cg16559374_TC11",TRUE,TRUE
"cg21666926_BC11",TRUE,TRUE
"cg13941298_TC11",TRUE,TRUE
"cg18167638_BC11",TRUE,TRUE
"cg04745281_TC11",TRUE,TRUE
"cg26357094_BC11",TRUE,TRUE
"cg13185167_TC11",TRUE,TRUE
"cg26342035_BC11",TRUE,TRUE
"cg08930037_TC11",TRUE,TRUE
"cg00832125_BC11",TRUE,TRUE
"cg01372407_BC11",TRUE,TRUE
"cg13142917_BC11",TRUE,TRUE
"cg14590576_TC11",TRUE,TRUE
"cg23881728_TC11",TRUE,TRUE
"cg23064669_BC11",TRUE,TRUE
"cg04265598_BC11",TRUE,TRUE
"cg18980711_BC11",TRUE,TRUE
"cg13178663_BC11",TRUE,TRUE
"cg07882021_BC11",TRUE,TRUE
"cg02296846_TC11",TRUE,TRUE
"cg21709740_BC11",TRUE,TRUE
"cg21554289_TC11",TRUE,TRUE
"cg01135870_TC11",TRUE,TRUE
"cg05520644_BC11",TRUE,TRUE
"cg13641566_TC11",TRUE,TRUE
"cg09315744_BC11",TRUE,TRUE
"cg15930283_TC11",TRUE,TRUE
"cg25039517_BC11",TRUE,TRUE
"cg01212877_BC11",TRUE,TRUE
"cg07099131_TC11",TRUE,TRUE
"cg06523309_TC11",TRUE,TRUE
"cg18941174_BC11",TRUE,TRUE
"cg21542599_BC11",TRUE,TRUE
"cg09285469_TC11",TRUE,TRUE
"cg19248263_BC11",TRUE,TRUE
"cg25281722_BC11",TRUE,TRUE
"cg12089256_TC11",TRUE,TRUE
"cg18918235_BC11",TRUE,TRUE
"cg23937844_TC11",TRUE,TRUE
"cg23665089_BC11",TRUE,TRUE
"cg00290224_TC11",TRUE,TRUE
"cg04062819_TC11",TRUE,TRUE
"cg08833817_BC11",TRUE,TRUE
"cg13832234_TC11",TRUE,TRUE
"cg18097271_TC11",TRUE,TRUE
"cg10449276_TC11",TRUE,TRUE
"cg23538882_BC11",TRUE,TRUE
"cg06985696_BC11",TRUE,TRUE
"cg10174055_BC11",TRUE,TRUE
"cg14263435_BC11",TRUE,TRUE
"cg02036091_BC11",TRUE,TRUE
"cg18158846_BC11",TRUE,TRUE
"cg17473041_TC11",TRUE,TRUE
"cg18648752_TC11",TRUE,TRUE
"cg05690751_BC11",TRUE,TRUE
"cg06092352_BC11",TRUE,TRUE
"cg15374193_BC11",TRUE,TRUE
"cg14543992_BC11",TRUE,TRUE
"cg25235984_BC11",TRUE,TRUE
"cg27226896_TC11",TRUE,TRUE
"cg12390454_BC11",TRUE,TRUE
"cg18180710_TC11",TRUE,TRUE
"cg04397873_BC11",TRUE,TRUE
"cg07874372_BC11",TRUE,TRUE
"cg13585393_TC11",TRUE,TRUE
"cg08883957_TC11",TRUE,TRUE
"cg27522374_TC11",TRUE,TRUE
"cg04500577_BC11",TRUE,TRUE
"cg26219497_BC11",TRUE,TRUE
"cg01535213_TC11",TRUE,TRUE
"cg22762092_BC11",TRUE,TRUE
"cg17831359_TC11",TRUE,TRUE
"cg21255583_BC11",TRUE,TRUE
"cg26912341_BC11",TRUE,TRUE
"cg17783330_TC11",TRUE,TRUE
"cg27658864_BC11",TRUE,TRUE
"cg17678322_BC11",TRUE,TRUE
"cg07430434_TC11",TRUE,TRUE
"cg18153250_BC11",TRUE,TRUE
"cg11499685_BC11",TRUE,TRUE
"cg01750961_TC11",TRUE,TRUE
"cg02594384_TC11",TRUE,TRUE
"cg10737654_BC11",TRUE,TRUE
"cg23614217_BC11",TRUE,TRUE
"cg27459587_BC11",TRUE,TRUE
"cg25054435_TC11",TRUE,TRUE
"cg21909102_BC11",TRUE,TRUE
"cg03896944_BC11",TRUE,TRUE
"cg11525554_BC11",TRUE,TRUE
"cg12608178_BC11",TRUE,TRUE
"cg18012674_TC11",TRUE,TRUE
"cg10387963_BC11",TRUE,TRUE
"cg13045071_TC11",TRUE,TRUE
"cg20760873_TC11",TRUE,TRUE
"cg18527410_BC11",TRUE,TRUE
"cg15065396_BC11",TRUE,TRUE
"cg25301132_TC11",TRUE,TRUE
"cg13036372_BC11",TRUE,TRUE
"cg23736855_TC11",TRUE,TRUE
"cg17019011_BC11",TRUE,TRUE
"cg03854330_BC11",TRUE,TRUE
"cg23739708_TC11",TRUE,TRUE
"cg16317571_TC11",TRUE,TRUE
"cg23039439_BC11",TRUE,TRUE
"cg21514523_TC11",TRUE,TRUE
"cg20177800_BC11",TRUE,TRUE
"cg10456597_TC11",TRUE,TRUE
"cg11330351_BC11",TRUE,TRUE
"cg03467680_BC11",TRUE,TRUE
"cg17245336_TC11",TRUE,TRUE
"cg03314892_TC11",TRUE,TRUE
"cg10791465_TC11",TRUE,TRUE
"cg02611058_BC11",TRUE,TRUE
"cg17746408_BC11",TRUE,TRUE
"cg13623990_BC11",TRUE,TRUE
"cg19587435_TC11",TRUE,TRUE
"cg25251930_TC11",TRUE,TRUE
"cg03281368_TC11",TRUE,TRUE
"cg23813292_TC11",TRUE,TRUE
"cg23138468_BC11",TRUE,TRUE
"cg21300634_BC11",TRUE,TRUE
"cg16106550_BC11",TRUE,TRUE
"cg06288135_BC11",TRUE,TRUE
"cg19345562_BC11",TRUE,TRUE
"cg16151305_BC11",TRUE,TRUE
"cg12533607_BC11",TRUE,TRUE
"cg13354902_BC11",TRUE,TRUE
"cg14114155_TC11",TRUE,TRUE
"cg19109619_TC11",TRUE,TRUE
"cg06417638_TC11",TRUE,TRUE
"cg12964735_TC11",TRUE,TRUE
"cg19111910_BC11",TRUE,TRUE
"cg19750991_BC11",TRUE,TRUE
"cg17129293_BC11",TRUE,TRUE
"cg02885078_TC11",TRUE,TRUE
"cg14223866_TC11",TRUE,TRUE
"cg18906756_BC11",TRUE,TRUE
"cg21311392_BC11",TRUE,TRUE
"cg20328572_BC11",TRUE,TRUE
"cg09775035_BC11",TRUE,TRUE
"cg22532335_TC11",TRUE,TRUE
"cg13848429_BC11",TRUE,TRUE
"cg25530761_TC11",TRUE,TRUE
"cg20208322_BC11",TRUE,TRUE
"cg08359081_BC11",TRUE,TRUE
"cg01268269_TC11",TRUE,TRUE
"cg05111159_TC11",TRUE,TRUE
"cg11739795_TC11",TRUE,TRUE
"cg06949048_TC11",TRUE,TRUE
"cg04918897_TC11",TRUE,TRUE
"cg10300767_BC11",TRUE,TRUE
"cg27629556_TC11",TRUE,TRUE
"cg15756601_TC11",TRUE,TRUE
"cg24136648_BC11",TRUE,TRUE
"cg07283086_BC11",TRUE,TRUE
"cg11499618_TC11",TRUE,TRUE
"cg01791190_TC11",TRUE,TRUE
"cg06690719_BC11",TRUE,TRUE
"cg10353623_BC11",TRUE,TRUE
"cg25685860_TC11",TRUE,TRUE
"cg18732458_BC11",TRUE,TRUE
"cg18095280_BC11",TRUE,TRUE
"cg21699317_BC11",TRUE,TRUE
"cg04454582_BC11",TRUE,TRUE
"cg02760338_BC11",TRUE,TRUE
"cg02205158_BC11",TRUE,TRUE
"cg17408317_BC11",TRUE,TRUE
"cg08097387_BC11",TRUE,TRUE
"cg06678820_TC11",TRUE,TRUE
"cg21307640_TC11",TRUE,TRUE
"cg01714757_TC11",TRUE,TRUE
"cg14349936_BC11",TRUE,TRUE
"cg09674864_TC11",TRUE,TRUE
"cg09474166_TC11",TRUE,TRUE
"cg10360060_BC11",TRUE,TRUE
"cg20255597_BC11",TRUE,TRUE
"cg20007498_TC11",TRUE,TRUE
"cg24741585_TC11",TRUE,TRUE
"cg00870694_BC11",TRUE,TRUE
"cg08935534_BC11",TRUE,TRUE
"cg25530172_BC11",TRUE,TRUE
"cg20881575_TC11",TRUE,TRUE
"cg10618014_TC11",TRUE,TRUE
"cg25217285_BC11",TRUE,TRUE
"cg25544056_TC11",TRUE,TRUE
"cg09663466_TC11",TRUE,TRUE
"cg24466219_TC11",TRUE,TRUE
"cg25827418_TC11",TRUE,TRUE
"cg18534729_BC11",TRUE,TRUE
"cg17297048_TC11",TRUE,TRUE
"cg08907911_BC11",TRUE,TRUE
"cg09435079_BC11",TRUE,TRUE
"cg05225878_TC11",TRUE,TRUE
"cg02012253_BC11",TRUE,TRUE
"cg12254429_BC11",TRUE,TRUE
"cg10138596_BC11",TRUE,TRUE
"cg14810490_TC11",TRUE,TRUE
"cg17348869_TC11",TRUE,TRUE
"cg09102880_BC11",TRUE,TRUE
"cg05945502_TC11",TRUE,TRUE
"cg26764695_TC11",TRUE,TRUE
"cg03690544_TC11",TRUE,TRUE
"cg18221754_TC11",TRUE,TRUE
"cg08116285_BC11",TRUE,TRUE
"cg12377748_TC11",TRUE,TRUE
"cg22526299_BC11",TRUE,TRUE
"cg23569740_TC11",TRUE,TRUE
"cg11385389_BC11",TRUE,TRUE
"cg18410249_TC11",TRUE,TRUE
"cg09562871_TC11",TRUE,TRUE
"cg17215784_BC11",TRUE,TRUE
"cg13429256_TC11",TRUE,TRUE
"cg11973521_BC11",TRUE,TRUE
"cg02240788_BC11",TRUE,TRUE
"cg10729827_BC11",TRUE,TRUE
"cg21245511_TO11",TRUE,TRUE
"cg04136601_TO11",TRUE,TRUE
"cg16711347_BO11",TRUE,TRUE
"cg10429222_BC11",TRUE,TRUE
"cg10233708_TC11",TRUE,TRUE
"cg10233683_BC11",TRUE,TRUE
"cg21571070_BO11",TRUE,TRUE
"cg13533517_BO11",TRUE,TRUE
"cg10518404_BC11",TRUE,TRUE
"cg17272702_BO11",TRUE,TRUE
"cg17272680_BC11",TRUE,TRUE
"cg17272678_TC11",TRUE,TRUE
"cg03829028_TC11",TRUE,TRUE
"cg14121061_TC11",TRUE,TRUE
"cg12053191_TC11",TRUE,TRUE
"cg12053190_BC11",TRUE,TRUE
"cg12053189_TC11",TRUE,TRUE
"cg08148375_BO11",TRUE,TRUE
"cg22408350_BC11",TRUE,TRUE
"cg15022791_BC11",TRUE,TRUE
"cg09543515_BO11",TRUE,TRUE
"cg23092409_BC11",TRUE,TRUE
"cg22949599_TC11",TRUE,TRUE
"cg27826147_TC11",TRUE,TRUE
"cg27192388_BO11",TRUE,TRUE
"cg27625593_BO11",TRUE,TRUE
"cg25597639_BC11",TRUE,TRUE
"cg18989896_BO11",TRUE,TRUE
"cg11526679_BO11",TRUE,TRUE
"cg26708386_TO11",TRUE,TRUE
"cg12757263_BO11",TRUE,TRUE
"cg15116180_BO11",TRUE,TRUE
"cg03314775_BC11",TRUE,TRUE
"cg03313871_BC11",TRUE,TRUE
"cg14104106_BO11",TRUE,TRUE
"cg19656900_TC11",TRUE,TRUE
"cg23998537_TO11",TRUE,TRUE
"cg21108506_BO11",TRUE,TRUE
"cg19558614_BO11",TRUE,TRUE
"cg20495164_TO11",TRUE,TRUE
"cg20407003_TO11",TRUE,TRUE
"cg26798430_BO11",TRUE,TRUE
"cg13284064_BC11",TRUE,TRUE
"cg16656967_TO11",TRUE,TRUE
"cg24968288_BO11",TRUE,TRUE
"cg25052174_BO11",TRUE,TRUE
"cg16473670_BO11",TRUE,TRUE
"cg23195171_BO11",TRUE,TRUE
"cg23172525_BO11",TRUE,TRUE
"cg15564120_BO11",TRUE,TRUE
"cg19158181_BO11",TRUE,TRUE
"cg25927809_BC11",TRUE,TRUE
"cg14582111_BO11",TRUE,TRUE
"cg27576397_TO11",TRUE,TRUE
"cg27427486_TO11",TRUE,TRUE
"cg23734372_TO11",TRUE,TRUE
"cg23655162_BO11",TRUE,TRUE
"cg26109002_BO11",TRUE,TRUE
"cg17102753_TO11",TRUE,TRUE
"cg17101986_BO11",TRUE,TRUE
"cg15582479_TO11",TRUE,TRUE
"cg17298276_TO11",TRUE,TRUE
"cg13496929_TO11",TRUE,TRUE
"cg17676029_BC11",TRUE,TRUE
"cg25202446_TO11",TRUE,TRUE
"cg16775064_BO11",TRUE,TRUE
"cg14334052_TO11",TRUE,TRUE
"cg17737903_BO11",TRUE,TRUE
"cg16256889_TC11",TRUE,TRUE
"cg13908328_BO11",TRUE,TRUE
"cg16563488_TO11",TRUE,TRUE
"cg06659922_BO11",TRUE,TRUE
"cg24551003_TO11",TRUE,TRUE
"cg16372194_TO11",TRUE,TRUE
"cg20290100_BO11",TRUE,TRUE
"cg19367323_TC11",TRUE,TRUE
"cg20236952_TC11",TRUE,TRUE
"cg16054648_BO11",TRUE,TRUE
"cg15955818_TC11",TRUE,TRUE
"cg17007174_TO11",TRUE,TRUE
"cg22840069_TO11",TRUE,TRUE
"cg22839417_BO11",TRUE,TRUE
"cg22829190_TO11",TRUE,TRUE
"cg22824109_TO11",TRUE,TRUE
"cg17155651_TO11",TRUE,TRUE
"cg11696908_BO11",TRUE,TRUE
"cg21739866_BO11",TRUE,TRUE
"cg26167519_BO11",TRUE,TRUE
"cg18042612_TO11",TRUE,TRUE
"cg26665638_BO11",TRUE,TRUE
"cg14831922_BC11",TRUE,TRUE
"cg26625307_BC11",TRUE,TRUE
"cg26597269_BC11",TRUE,TRUE
"cg14824542_BO11",TRUE,TRUE
"cg17066415_TO11",TRUE,TRUE
"cg13734983_TO11",TRUE,TRUE
"cg16961537_BC11",TRUE,TRUE
"cg16897601_TO11",TRUE,TRUE
"cg22662397_TO11",TRUE,TRUE
"cg19609024_TO11",TRUE,TRUE
"cg19372759_BO11",TRUE,TRUE
"cg19368798_TO11",TRUE,TRUE
"cg24178435_TO11",TRUE,TRUE
"cg24129996_BO11",TRUE,TRUE
"cg13837032_BO11",TRUE,TRUE
"cg18718138_TO11",TRUE,TRUE
"cg18682481_TO11",TRUE,TRUE
"cg18664128_BO11",TRUE,TRUE
"cg24336234_TO11",TRUE,TRUE
"cg14901033_BO11",TRUE,TRUE
"cg18246686_BO11",TRUE,TRUE
"cg18245961_BO11",TRUE,TRUE
"cg18870841_BO11",TRUE,TRUE
"cg21881101_TO11",TRUE,TRUE
"cg21859406_BO11",TRUE,TRUE
"cg21857502_BO11",TRUE,TRUE
"cg14372847_BO11",TRUE,TRUE
"cg22901090_TO11",TRUE,TRUE
"cg05683825_BC11",TRUE,TRUE
"cg23500533_BO11",TRUE,TRUE
"cg14640853_BO11",TRUE,TRUE
"cg14602317_TO11",TRUE,TRUE
"cg17418243_BO11",TRUE,TRUE
"cg19067256_TO11",TRUE,TRUE
"cg25367822_BO11",TRUE,TRUE
"cg10118397_BO11",TRUE,TRUE
"cg22956764_BO11",TRUE,TRUE
"cg23864448_BC11",TRUE,TRUE
"cg17927933_BO11",TRUE,TRUE
"cg15699875_BO11",TRUE,TRUE
"cg15409136_BO11",TRUE,TRUE
"cg17808422_TO11",TRUE,TRUE
"cg17788327_BO11",TRUE,TRUE
"cg20822509_TO11",TRUE,TRUE
"cg25731536_BO11",TRUE,TRUE
"cg16669394_TO11",TRUE,TRUE
"cg20560714_BO11",TRUE,TRUE
"cg24509070_BO11",TRUE,TRUE
"cg24503083_TO11",TRUE,TRUE
"cg17824835_BO11",TRUE,TRUE
"cg24252153_BC11",TRUE,TRUE
"cg25068726_TO11",TRUE,TRUE
"cg27644219_BO11",TRUE,TRUE
"cg27595828_TC11",TRUE,TRUE
"cg16728583_TC11",TRUE,TRUE
"cg20773224_TO11",TRUE,TRUE
"cg15135904_TO11",TRUE,TRUE
"cg15118754_BO11",TRUE,TRUE
"cg22064721_BO11",TRUE,TRUE
"cg25838698_TO11",TRUE,TRUE
"cg25814789_BO11",TRUE,TRUE
"cg25804053_TC11",TRUE,TRUE
"cg25797221_BO11",TRUE,TRUE
"cg20796556_BC11",TRUE,TRUE
"cg27191207_TC11",TRUE,TRUE
"cg21247666_TC11",TRUE,TRUE
"cg25348861_BC11",TRUE,TRUE
"cg05147279_TC11",TRUE,TRUE
"cg18613136_BC11",TRUE,TRUE
"cg04861640_BC11",TRUE,TRUE
"nv-GRCh38-chr22-41169519-41169519-T-G_TO11",TRUE,TRUE
"nv-GRCh38-chr22-41169523-41169523-T-C_TO11",TRUE,TRUE
"nv-GRCh38-chr17-7674893-7674893-C-G_TO11",TRUE,TRUE
"nv-GRCh38-chr17-7674893-7674893-C-A_TO11",TRUE,TRUE
"nv-GRCh38-chr15-66436825-66436825-C-A_TO11",TRUE,TRUE
"nv-GRCh38-chr15-66436825-66436825-C-G_BO11",TRUE,TRUE
"nv-GRCh38-chr3-10149886-10149886-T-G_BO11",TRUE,TRUE
"nv-GRCh38-chr12-112450395-112450395-C-G_TO11",TRUE,TRUE
"nv-GRCh38-chr12-112450395-112450395-C-A_TO11",TRUE,TRUE
"nv-GRCh38-chr3-41224612-41224612-G-A_TO11",TRUE,TRUE
"nv-GRCh38-chr3-41224607-41224607-A-G_TO11",TRUE,TRUE
"nv-GRCh38-chr3-49375540-49375540-C-G_TO11",TRUE,TRUE
"nv-GRCh38-chr17-7674884-7674884-A-G_TO11",TRUE,TRUE
"nv-GRCh38-chr22-41169525-41169525-G-C_TO11",TRUE,TRUE
"nv-GRCh38-chr22-41169525-41169525-G-T_TO11",TRUE,TRUE
"nv-GRCh38-chr17-7675140-7675140-G-A_TO11",TRUE,TRUE
"nv-GRCh38-chr22-28696983-28696983-A-T_TC11",TRUE,TRUE
"nv-GRCh38-chr22-28696983-28696983-A-C_TC11",TRUE,TRUE
"nv-GRCh38-chr14-95094145-95094145-G-A_BC11",TRUE,TRUE
"nv-GRCh38-chr5-68295300-68295300-G-A_BC11",TRUE,TRUE
"nv-GRCh38-chr5-68295249-68295249-G-C_TC11",TRUE,TRUE
"nv-GRCh38-chr5-68295249-68295249-G-A_BC11",TRUE,TRUE
"nv-GRCh38-chr5-68293319-68293319-A-G_BC11",TRUE,TRUE
"nv-GRCh38-chr10-121520166-121520166-C-T_BC11",TRUE,TRUE
"nv-GRCh38-chr17-7674275-7674275-T-C_BC11",TRUE,TRUE
"nv-GRCh38-chr14-95094127-95094127-C-A_TC11",TRUE,TRUE
"nv-GRCh38-chr17-7673780-7673780-T-A_TC11",TRUE,TRUE
"nv-GRCh38-chr17-7673780-7673780-T-G_TC11",TRUE,TRUE
"nv-GRCh38-chr4-152326016-152326016-T-A_BC11",TRUE,TRUE
"nv-GRCh38-chr4-152326016-152326016-T-G_TC11",TRUE,TRUE
"nv-GRCh38-chr4-152326137-152326137-G-A_BC11",TRUE,TRUE
"nv-GRCh38-chr17-7675172-7675172-A-T_TC11",TRUE,TRUE
"nv-GRCh38-chr17-7675172-7675172-A-C_TC11",TRUE,TRUE
"nv-GRCh38-chr19-10489732-10489732-G-A_BC11",TRUE,TRUE
"nv-GRCh38-chr4-152328349-152328349-G-C_TC11",TRUE,TRUE
"nv-GRCh38-chr4-152328349-152328349-G-T_BC11",TRUE,TRUE
"nv-GRCh38-chr7-116783353-116783353-G-C_TC11",TRUE,TRUE
"nv-GRCh38-chr7-116783353-116783353-G-A_BC11",TRUE,TRUE
"nv-GRCh38-chr12-25245350-25245350-C-A_BC11",TRUE,TRUE
"nv-GRCh38-chr12-25227349-25227349-C-A_BC11",TRUE,TRUE
"nv-GRCh38-chr3-10149805-10149805-G-T_BC11",TRUE,TRUE
"nv-GRCh38-chr3-10149805-10149805-G-C_BC11",TRUE,TRUE
"nv-GRCh38-chr17-7673775-7673775-C-A_BC11",TRUE,TRUE
"nv-GRCh38-chr17-7673775-7673775-C-G_TC11",TRUE,TRUE
"nv-GRCh38-chr22-28696959-28696959-C-T_BC11",TRUE,TRUE
"nv-GRCh38-chr17-7675157-7675157-G-C_BC11",TRUE,TRUE
"nv-GRCh38-chr17-7674887-7674887-C-G_TC11",TRUE,TRUE
"nv-GRCh38-chr17-7674887-7674887-C-A_BC11",TRUE,TRUE
"nv-GRCh38-chr17-7674268-7674268-A-T_BC11",TRUE,TRUE
"nv-GRCh38-chr17-7673778-7673778-T-A_TC11",TRUE,TRUE
"nv-GRCh38-chr17-7674873-7674873-A-G_BC11",TRUE,TRUE
"nv-GRCh38-chr9-77797577-77797577-C-T_BC11",TRUE,TRUE
"nv-GRCh38-chr18-51078333-51078333-T-C_BC11",TRUE,TRUE
"nv-GRCh38-chr18-51065549-51065549-G-C_BC11",TRUE,TRUE
"nv-GRCh38-chr18-51065549-51065549-G-T_BC11",TRUE,TRUE
"nv-GRCh38-chr18-51065549-51065549-G-A_BC11",TRUE,TRUE
"nv-GRCh38-chr2-197402635-197402635-C-G_TC11",TRUE,TRUE
"nv-GRCh38-chr2-197402636-197402636-T-G_TC11",TRUE,TRUE
"nv-GRCh38-chr17-7673802-7673802-C-G_BC11",TRUE,TRUE
"nv-GRCh38-chr17-7673802-7673802-C-A_BC11",TRUE,TRUE
"nv-GRCh38-chr17-7674230-7674230-C-T_BC11",TRUE,TRUE
"nv-GRCh38-chr17-7673776-7673776-G-A_BC11",TRUE,TRUE
"nv-GRCh38-chr1-11128107-11128107-G-C_BC11",TRUE,TRUE
"nv-GRCh38-chr1-11128107-11128107-G-T_BC11",TRUE,TRUE
"nv-GRCh38-chr7-6402343-6402343-C-T_BC11",TRUE,TRUE
"nv-GRCh38-chr3-41227275-41227275-A-C_TC11",TRUE,TRUE
"nv-GRCh38-chr3-41227275-41227275-A-T_TC11",TRUE,TRUE
"nv-GRCh38-chr18-51078378-51078378-T-G_TC11",TRUE,TRUE
"nv-GRCh38-chr18-51065533-51065533-C-T_BC11",TRUE,TRUE
"nv-GRCh38-chr18-51065533-51065533-C-A_TC11",TRUE,TRUE
"nv-GRCh38-chr18-51065534-51065534-C-T_BC11",TRUE,TRUE
"nv-GRCh38-chr18-51067103-51067103-T-A_TC11",TRUE,TRUE
"nv-GRCh38-chr18-51065531-51065531-A-C_TC11",TRUE,TRUE
"nv-GRCh38-chr18-51065531-51065531-A-T_TC11",TRUE,TRUE
"nv-GRCh38-chr2-197402757-197402757-T-G_TC11",TRUE,TRUE
"nv-GRCh38-chr2-197402757-197402757-T-A_BC11",TRUE,TRUE
"nv-GRCh38-chr2-197401987-197401987-T-A_BC11",TRUE,TRUE
"nv-GRCh38-chr7-55154017-55154017-C-G_TC11",TRUE,TRUE
"nv-GRCh38-chr5-87378417-87378417-G-A_BC11",TRUE,TRUE
"nv-GRCh38-chr17-7675140-7675140-G-C_BC11",TRUE,TRUE
"nv-GRCh38-chr17-7670666-7670666-A-G_BC11",TRUE,TRUE
"nv-GRCh38-chr17-7673797-7673797-A-G_BC11",TRUE,TRUE
"nv-GRCh38-chr3-179203764-179203764-A-T_BC11",TRUE,TRUE
"nv-GRCh38-chr3-179203764-179203764-A-C_TC11",TRUE,TRUE
"nv-GRCh38-chr3-179203764-179203764-A-G_BC11",TRUE,TRUE
"nv-GRCh38-chr4-152326136-152326136-C-G_BC11",TRUE,TRUE
"nv-GRCh38-chr4-152326136-152326136-C-A_BC11",TRUE,TRUE
"nv-GRCh38-chr4-152328232-152328232-C-G_BC11",TRUE,TRUE
"nv-GRCh38-chr4-152328232-152328232-C-A_BC11",TRUE,TRUE
"nv-GRCh38-chr5-68295257-68295257-G-A_BC11",TRUE,TRUE
"nv-GRCh38-chr7-55143387-55143387-G-A_BC11",TRUE,TRUE
"nv-GRCh38-chr12-25245284-25245284-G-A_BC11",TRUE,TRUE
"nv-GRCh38-chr12-25245345-25245345-C-T_BC11",TRUE,TRUE
"nv-GRCh38-chr4-54733154-54733154-G-T_BC11",TRUE,TRUE
"nv-GRCh38-chr4-54733154-54733154-G-C_BC11",TRUE,TRUE
"nv-GRCh38-chr17-7673803-7673803-G-A_BC11",TRUE,TRUE
"nv-GRCh38-chr1-114713907-114713907-T-A_TC11",TRUE,TRUE
"nv-GRCh38-chr1-114713907-114713907-T-G_TC11",TRUE,TRUE
"nv-GRCh38-chr12-25227342-25227342-T-G_TC11",TRUE,TRUE
"nv-GRCh38-chr1-114716126-114716126-C-G_BC11",TRUE,TRUE
"nv-GRCh38-chr18-51067036-51067036-G-C_BC11",TRUE,TRUE
"nv-GRCh38-chr1-114713908-114713908-T-G_TC11",TRUE,TRUE
"nv-GRCh38-chr17-7673794-7673794-C-A_BC11",TRUE,TRUE
"nv-GRCh38-chr17-7673794-7673794-C-G_TC11",TRUE,TRUE
"nv-GRCh38-chr12-25245347-25245347-C-A_BC11",TRUE,TRUE
"nv-GRCh38-chr12-25245347-25245347-C-G_TC11",TRUE,TRUE
"nv-GRCh38-chr17-7673791-7673791-A-G_BC11",TRUE,TRUE
"nv-GRCh38-chr17-7673791-7673791-A-C_BC11",TRUE,TRUE
"nv-GRCh38-chr17-7673799-7673799-A-G_BC11",TRUE,TRUE
"nv-GRCh38-chr17-7673800-7673800-C-G_BC11",TRUE,TRUE
"nv-GRCh38-chr17-7673800-7673800-C-A_BC11",TRUE,TRUE
"nv-GRCh38-chr2-197402759-197402759-C-G_BC11",TRUE,TRUE
"nv-GRCh38-chr2-197402759-197402759-C-A_BC11",TRUE,TRUE
"nv-GRCh38-chr13-48381436-48381436-G-C_TC11",TRUE,TRUE
"nv-GRCh38-chr3-179203763-179203763-A-G_BC11",TRUE,TRUE
"nv-GRCh38-chr3-179203763-179203763-A-C_TC11",TRUE,TRUE
"nv-GRCh38-chr3-179203763-179203763-A-T_BC11",TRUE,TRUE
"nv-GRCh38-chr3-10146579-10146579-T-A_BC11",TRUE,TRUE
"nv-GRCh38-chr12-25245326-25245326-G-C_BC11",TRUE,TRUE
"nv-GRCh38-chr12-25227348-25227348-G-A_BC11",TRUE,TRUE
"nv-GRCh38-chr18-51065555-51065555-G-C_TC11",TRUE,TRUE
"nv-GRCh38-chr18-51065555-51065555-G-T_BC11",TRUE,TRUE
"nv-GRCh38-chr18-51065554-51065554-T-C_BC11",TRUE,TRUE
"nv-GRCh38-chr17-7673805-7673805-A-G_BC11",TRUE,TRUE
"nv-GRCh38-chr17-7673787-7673787-G-A_BC11",TRUE,TRUE
"nv-GRCh38-chr4-152328233-152328233-G-A_BC11",TRUE,TRUE
"nv-GRCh38-chr4-152326214-152326214-C-A_BC11",TRUE,TRUE
"nv-GRCh38-chr4-152326214-152326214-C-G_BC11",TRUE,TRUE
"nv-GRCh38-chr18-51065548-51065548-C-G_BC11",TRUE,TRUE
"nv-GRCh38-chr18-51065548-51065548-C-A_BC11",TRUE,TRUE
"nv-GRCh38-chr18-51065548-51065548-C-T_BC11",TRUE,TRUE
"nv-GRCh38-chr10-121520163-121520163-G-C_BC11",TRUE,TRUE
"nv-GRCh38-chr17-7673793-7673793-G-A_BC11",TRUE,TRUE
"nv-GRCh38-chr17-7674223-7674223-T-C_BC11",TRUE,TRUE
"nv-GRCh38-chr19-3118955-3118955-C-T_BC11",TRUE,TRUE
"nv-GRCh38-chr2-197402760-197402760-G-C_TC11",TRUE,TRUE
"nv-GRCh38-chr2-197402760-197402760-G-A_BC11",TRUE,TRUE
"nv-GRCh38-chr17-7673779-7673779-C-A_BC11",TRUE,TRUE
"nv-GRCh38-chr17-7673779-7673779-C-G_TC11",TRUE,TRUE
"nv-GRCh38-chr17-7673790-7673790-C-G_BC11",TRUE,TRUE
"cg09980766_BC11",TRUE,TRUE
"cg27910385_TC11",TRUE,TRUE
"cg27910384_BO11",TRUE,TRUE
"cg27825027_BC11",TRUE,TRUE
"cg27824728_BC11",TRUE,TRUE
"cg03033595_TC11",TRUE,TRUE
"cg10424751_BC11",TRUE,TRUE
"nv-GRCh38-chr22-28695854-28695854-G-A_TC11",TRUE,TRUE
"cg14972466_BC21",TRUE,TRUE
"cg00945698_TC21",TRUE,TRUE
"cg20764275_BC21",TRUE,TRUE
"cg07147204_TC21",TRUE,TRUE
"cg04515987_TC21",TRUE,TRUE
"cg05558085_BC21",TRUE,TRUE
"cg01498999_BC21",TRUE,TRUE
"cg20417855_BC21",TRUE,TRUE
"cg12364461_BC21",TRUE,TRUE
"cg03965138_BC21",TRUE,TRUE
"cg25126854_TC21",TRUE,TRUE
"cg21386933_BC21",TRUE,TRUE
"cg20677320_TC21",TRUE,TRUE
"cg04222004_TC21",TRUE,TRUE
"cg17096474_BC21",TRUE,TRUE
"cg26081618_BC21",TRUE,TRUE
"cg17278281_TC21",TRUE,TRUE
"cg21866524_TC21",TRUE,TRUE
"cg04352359_BC21",TRUE,TRUE
"cg01847148_TC21",TRUE,TRUE
"cg04550672_BC21",TRUE,TRUE
"cg14525579_TC21",TRUE,TRUE
"cg11620718_BC21",TRUE,TRUE
"cg10866131_BC21",TRUE,TRUE
"cg12015991_BC21",TRUE,TRUE
"cg25897935_TC21",TRUE,TRUE
"cg25990539_TC21",TRUE,TRUE
"cg23066559_BC21",TRUE,TRUE
"cg17714987_BC21",TRUE,TRUE
"cg00026557_BC21",TRUE,TRUE
"cg20401549_TC21",TRUE,TRUE
"cg02691903_TC21",TRUE,TRUE
"cg09804407_TC21",TRUE,TRUE
"cg22494492_TC21",TRUE,TRUE
"cg19244032_TC21",TRUE,TRUE
"cg05711300_BC21",TRUE,TRUE
"cg01984154_TC21",TRUE,TRUE
"cg21123573_TC21",TRUE,TRUE
"cg04974804_TC21",TRUE,TRUE
"cg07661835_BC21",TRUE,TRUE
"cg01372605_TC21",TRUE,TRUE
"cg17687883_BC21",TRUE,TRUE
"cg23029491_BC21",TRUE,TRUE
"cg00121626_TC21",TRUE,TRUE
"cg05366453_BC21",TRUE,TRUE
"cg05417950_TC21",TRUE,TRUE
"cg25976227_TC21",TRUE,TRUE
"cg04644878_BC21",TRUE,TRUE
"cg04661457_TC21",TRUE,TRUE
"cg17821483_BC21",TRUE,TRUE
"cg15207224_BC21",TRUE,TRUE
"cg25164469_BC21",TRUE,TRUE
"cg07724896_TC21",TRUE,TRUE
"cg07739215_TC21",TRUE,TRUE
"cg10313151_TC21",TRUE,TRUE
"cg13788097_TC21",TRUE,TRUE
"cg13802844_BC21",TRUE,TRUE
"cg16215947_TC21",TRUE,TRUE
"cg16299898_BC21",TRUE,TRUE
"cg20208643_BC21",TRUE,TRUE
"cg05901972_BC21",TRUE,TRUE
"cg05934557_BC21",TRUE,TRUE
"cg17213381_TC21",TRUE,TRUE
"cg06585566_BC21",TRUE,TRUE
"cg20886104_BC21",TRUE,TRUE
"cg03138675_BC21",TRUE,TRUE
"cg03163337_BC21",TRUE,TRUE
"cg03299479_TC21",TRUE,TRUE
"cg03313909_TC21",TRUE,TRUE
"cg05628847_BC21",TRUE,TRUE
"cg05672930_TC21",TRUE,TRUE
"cg21304285_TC21",TRUE,TRUE
"cg00876332_TC21",TRUE,TRUE
"cg27315287_TC21",TRUE,TRUE
"cg27388350_BC21",TRUE,TRUE
"cg10067523_BC21",TRUE,TRUE
"cg24733065_BC21",TRUE,TRUE
"cg02518129_BC21",TRUE,TRUE
"cg02719489_BC21",TRUE,TRUE
"cg16057216_BC21",TRUE,TRUE
"cg07795413_BC21",TRUE,TRUE
"cg12232240_TC21",TRUE,TRUE
"cg12250458_BC21",TRUE,TRUE
"cg06399342_BC21",TRUE,TRUE
"cg20964263_TC21",TRUE,TRUE
"cg20994372_TC21",TRUE,TRUE
"cg08413188_BC21",TRUE,TRUE
"cg06247034_TC21",TRUE,TRUE
"cg12973840_BC21",TRUE,TRUE
"cg13229816_BC21",TRUE,TRUE
"cg00325112_TC21",TRUE,TRUE
"cg18381525_TC21",TRUE,TRUE
"cg15794778_TC21",TRUE,TRUE
"cg15823896_TC21",TRUE,TRUE
"cg11894972_BC21",TRUE,TRUE
"cg11978968_BC21",TRUE,TRUE
"cg23633700_BC21",TRUE,TRUE
"cg20341408_BC21",TRUE,TRUE
"cg20584815_BC21",TRUE,TRUE
"cg04335658_BC21",TRUE,TRUE
"cg16158408_BC21",TRUE,TRUE
"cg07991596_BC21",TRUE,TRUE
"cg27404245_BC21",TRUE,TRUE
"cg19915745_BC21",TRUE,TRUE
"cg12365612_TC21",TRUE,TRUE
"cg22669854_TC21",TRUE,TRUE
"cg14305814_TC21",TRUE,TRUE
"cg14463736_BC21",TRUE,TRUE
"cg09748856_TC21",TRUE,TRUE
"cg14756463_TC21",TRUE,TRUE
"cg01942254_TC21",TRUE,TRUE
"cg01969543_BC21",TRUE,TRUE
"cg02002345_BC21",TRUE,TRUE
"cg13582495_TC21",TRUE,TRUE
"cg13691793_TC21",TRUE,TRUE
"cg13734282_TC21",TRUE,TRUE
"cg07456370_BC21",TRUE,TRUE
"cg07463167_TC21",TRUE,TRUE
"cg07517916_BC21",TRUE,TRUE
"cg07607525_TC21",TRUE,TRUE
"cg22354456_BC21",TRUE,TRUE
"cg22435764_TC21",TRUE,TRUE
"cg00791868_BC21",TRUE,TRUE
"cg10990737_BC21",TRUE,TRUE
"cg03498453_TC21",TRUE,TRUE
"cg11529038_BC21",TRUE,TRUE
"cg11547122_BC21",TRUE,TRUE
"cg11684211_TC21",TRUE,TRUE
"cg15450160_TC21",TRUE,TRUE
"cg19142683_TC21",TRUE,TRUE
"cg19246545_BC21",TRUE,TRUE
"cg19264028_TC21",TRUE,TRUE
"cg22049718_TC21",TRUE,TRUE
"cg22166914_BC21",TRUE,TRUE
"cg03845337_TC21",TRUE,TRUE
"cg21758850_TC21",TRUE,TRUE
"cg21837816_TC21",TRUE,TRUE
"cg00514511_TC21",TRUE,TRUE
"cg16599577_TC21",TRUE,TRUE
"cg03583510_TC21",TRUE,TRUE
"cg18564928_BC21",TRUE,TRUE
"cg04132713_BC21",TRUE,TRUE
"cg03293330_BC21",TRUE,TRUE
"cg03325790_TC21",TRUE,TRUE
"cg25032089_TC21",TRUE,TRUE
"cg18822389_BC21",TRUE,TRUE
"cg08460732_BC21",TRUE,TRUE
"cg11453601_BC21",TRUE,TRUE
"cg06174261_TC21",TRUE,TRUE
"cg06178934_BC21",TRUE,TRUE
"cg06199692_BC21",TRUE,TRUE
"cg19690148_BC21",TRUE,TRUE
"cg19735514_TC21",TRUE,TRUE
"cg19778146_BC21",TRUE,TRUE
"cg13138847_BC21",TRUE,TRUE
"cg03821671_BC21",TRUE,TRUE
"cg03955483_BC21",TRUE,TRUE
"cg09219688_TC21",TRUE,TRUE
"cg09229115_TC21",TRUE,TRUE
"cg17531668_BC21",TRUE,TRUE
"cg17651935_BC21",TRUE,TRUE
"cg25445870_BC21",TRUE,TRUE
"cg25502312_BC21",TRUE,TRUE
"cg02860168_BC21",TRUE,TRUE
"cg19334831_BC21",TRUE,TRUE
"cg19517402_TC21",TRUE,TRUE
"cg21883740_TC21",TRUE,TRUE
"cg02942197_BC21",TRUE,TRUE
"cg26644917_BC21",TRUE,TRUE
"cg01280283_BC21",TRUE,TRUE
"cg01311227_BC21",TRUE,TRUE
"cg01317379_BC21",TRUE,TRUE
"cg15494827_TC21",TRUE,TRUE
"cg08053899_BC21",TRUE,TRUE
"cg12132617_BC21",TRUE,TRUE
"cg12439150_BC21",TRUE,TRUE
"cg16314982_BC21",TRUE,TRUE
"cg16354694_TC21",TRUE,TRUE
"cg16561226_BC21",TRUE,TRUE
"cg06288402_BC21",TRUE,TRUE
"cg02105393_TC21",TRUE,TRUE
"cg02272584_TC21",TRUE,TRUE
"cg20924006_TC21",TRUE,TRUE
"cg20948956_BC21",TRUE,TRUE
"cg12616407_TC21",TRUE,TRUE
"cg12788672_TC21",TRUE,TRUE
"cg00339008_TC21",TRUE,TRUE
"cg12542106_TC21",TRUE,TRUE
"cg17311574_BC21",TRUE,TRUE
"cg23874515_TC21",TRUE,TRUE
"cg01828798_BC21",TRUE,TRUE
"cg18646546_BC21",TRUE,TRUE
"cg18702575_BC21",TRUE,TRUE
"cg14303457_TC21",TRUE,TRUE
"cg19284023_BC21",TRUE,TRUE
"cg17128475_TC21",TRUE,TRUE
"cg17142870_BC21",TRUE,TRUE
"cg09728865_BC21",TRUE,TRUE
"cg09732580_TC21",TRUE,TRUE
"cg09855544_TC21",TRUE,TRUE
"cg09919882_TC21",TRUE,TRUE
"cg27030917_BC21",TRUE,TRUE
"cg24072140_BC21",TRUE,TRUE
"cg24074981_BC21",TRUE,TRUE
"cg08820785_BC21",TRUE,TRUE
"cg00188351_TC21",TRUE,TRUE
"cg00321286_BC21",TRUE,TRUE
"cg15197499_TC21",TRUE,TRUE
"cg15205153_TC21",TRUE,TRUE
"cg17793002_TC21",TRUE,TRUE
"cg07688291_TC21",TRUE,TRUE
"cg07706850_BC21",TRUE,TRUE
"cg19211899_TC21",TRUE,TRUE
"cg25339913_TC21",TRUE,TRUE
"cg25354206_TC21",TRUE,TRUE
"cg25372164_TC21",TRUE,TRUE
"cg10338539_TC21",TRUE,TRUE
"cg22232915_BC21",TRUE,TRUE
"cg00907668_BC21",TRUE,TRUE
"cg15949433_BC21",TRUE,TRUE
"cg05782707_BC21",TRUE,TRUE
"cg05926715_BC21",TRUE,TRUE
"cg03601053_TC21",TRUE,TRUE
"cg03782662_BC21",TRUE,TRUE
"cg17952679_BC21",TRUE,TRUE
"cg18097953_BC21",TRUE,TRUE
"cg18111266_BC21",TRUE,TRUE
"cg24837623_BC21",TRUE,TRUE
"cg14492024_TC21",TRUE,TRUE
"cg14676242_BC21",TRUE,TRUE
"cg20424974_BC21",TRUE,TRUE
"cg05324349_TC21",TRUE,TRUE
"cg05558609_TC21",TRUE,TRUE
"cg19127835_BC21",TRUE,TRUE
"cg23572371_TC21",TRUE,TRUE
"cg23689697_BC21",TRUE,TRUE
"cg07324898_BC21",TRUE,TRUE
"cg27578568_TC21",TRUE,TRUE
"cg01866960_TC21",TRUE,TRUE
"cg23219436_TC21",TRUE,TRUE
"cg23349354_TC21",TRUE,TRUE
"cg11816202_TC21",TRUE,TRUE
"cg09546548_TC21",TRUE,TRUE
"cg04021548_TC21",TRUE,TRUE
"cg04124998_TC21",TRUE,TRUE
"cg04138046_BC21",TRUE,TRUE
"cg15314470_BC21",TRUE,TRUE
"cg15359342_TC21",TRUE,TRUE
"cg15407766_TC21",TRUE,TRUE
"cg10668982_TC21",TRUE,TRUE
"cg22954894_BC21",TRUE,TRUE
"cg01339103_BC21",TRUE,TRUE
"cg13529849_TC21",TRUE,TRUE
"cg18363176_TC21",TRUE,TRUE
"cg18397994_BC21",TRUE,TRUE
"cg18409327_BC21",TRUE,TRUE
"cg16729683_TC21",TRUE,TRUE
"cg16756243_BC21",TRUE,TRUE
"cg16780015_BC21",TRUE,TRUE
"cg16994880_BC21",TRUE,TRUE
"cg23408372_BC21",TRUE,TRUE
"cg03187668_TC21",TRUE,TRUE
"cg06558765_TC21",TRUE,TRUE
"cg20203562_BC21",TRUE,TRUE
"cg09190968_TC21",TRUE,TRUE
"cg14742615_TC21",TRUE,TRUE
"cg09374521_TC21",TRUE,TRUE
"cg09428856_TC21",TRUE,TRUE
"cg09472506_BC21",TRUE,TRUE
"cg24266368_BC21",TRUE,TRUE
"cg24315241_TC21",TRUE,TRUE
"cg24411238_BC21",TRUE,TRUE
"cg24490154_BC21",TRUE,TRUE
"cg24512794_BC21",TRUE,TRUE
"cg24515136_TC21",TRUE,TRUE
"cg11040916_TC21",TRUE,TRUE
"cg11083157_BC21",TRUE,TRUE
"cg02661831_TC21",TRUE,TRUE
"cg05724696_BC21",TRUE,TRUE
"cg05727665_TC21",TRUE,TRUE
"cg00638631_TC21",TRUE,TRUE
"cg00639218_BC21",TRUE,TRUE
"cg04662943_TC21",TRUE,TRUE
"cg21219396_BC21",TRUE,TRUE
"cg04337937_BC21",TRUE,TRUE
"cg18247764_TC21",TRUE,TRUE
"cg11177481_TC21",TRUE,TRUE
"cg25692530_BC21",TRUE,TRUE
"cg25802927_BC21",TRUE,TRUE
"cg25960218_BC21",TRUE,TRUE
"cg13990065_TC21",TRUE,TRUE
"cg26013408_TC21",TRUE,TRUE
"cg03441493_BC21",TRUE,TRUE
"cg03474879_BC21",TRUE,TRUE
"cg06652386_BC21",TRUE,TRUE
"cg06660522_BC21",TRUE,TRUE
"cg06787317_BC21",TRUE,TRUE
"cg27188664_TC21",TRUE,TRUE
"cg27359472_TC21",TRUE,TRUE
"cg10835413_BC21",TRUE,TRUE
"cg10051237_BC21",TRUE,TRUE
"cg10111582_BC21",TRUE,TRUE
"cg14832490_TC21",TRUE,TRUE
"cg14913178_TC21",TRUE,TRUE
"cg02340092_TC21",TRUE,TRUE
"cg03534770_BC21",TRUE,TRUE
"cg02737291_TC21",TRUE,TRUE
"cg02802508_TC21",TRUE,TRUE
"cg02826729_TC21",TRUE,TRUE
"cg02870602_BC21",TRUE,TRUE
"cg14931215_TC21",TRUE,TRUE
"cg16994693_BC21",TRUE,TRUE
"cg17054093_TC21",TRUE,TRUE
"cg08031014_BC21",TRUE,TRUE
"cg08159412_TC21",TRUE,TRUE
"cg10387912_BC21",TRUE,TRUE
"cg02948944_TC21",TRUE,TRUE
"cg04565340_TC21",TRUE,TRUE
"cg07127047_BC21",TRUE,TRUE
"cg04388989_BC21",TRUE,TRUE
"cg27226418_TC21",TRUE,TRUE
"cg19281706_TC21",TRUE,TRUE
"cg19324996_BC21",TRUE,TRUE
"cg01215343_TC21",TRUE,TRUE
"cg16165404_BC21",TRUE,TRUE
"cg00653004_BC21",TRUE,TRUE
"cg00676506_BC21",TRUE,TRUE
"cg03515879_BC21",TRUE,TRUE
"cg01414824_TC21",TRUE,TRUE
"cg05331804_BC21",TRUE,TRUE
"cg20864678_BC21",TRUE,TRUE
"cg20991686_TC21",TRUE,TRUE
"cg21031375_BC21",TRUE,TRUE
"cg03769088_TC21",TRUE,TRUE
"cg06623474_TC21",TRUE,TRUE
"cg15059553_TC21",TRUE,TRUE
"cg15060501_TC21",TRUE,TRUE
"cg04193779_TC21",TRUE,TRUE
"cg09039003_BC21",TRUE,TRUE
"cg22870572_TC21",TRUE,TRUE
"cg03123709_TC21",TRUE,TRUE
"cg25105060_BC21",TRUE,TRUE
"cg16533028_BC21",TRUE,TRUE
"cg03266527_BC21",TRUE,TRUE
"cg03295086_BC21",TRUE,TRUE
"cg03430010_TC21",TRUE,TRUE
"cg00479827_BC21",TRUE,TRUE
"cg07670421_TC21",TRUE,TRUE
"cg05176716_BC21",TRUE,TRUE
"cg22179042_TC21",TRUE,TRUE
"cg22315683_TC21",TRUE,TRUE
"cg22362505_BC21",TRUE,TRUE
"cg22435875_TC21",TRUE,TRUE
"cg27611726_BC21",TRUE,TRUE
"cg27624424_BC21",TRUE,TRUE
"cg08641535_BC21",TRUE,TRUE
"cg08655855_BC21",TRUE,TRUE
"cg05725925_TC21",TRUE,TRUE
"cg05743600_BC21",TRUE,TRUE
"cg15662272_BC21",TRUE,TRUE
"cg02616328_TC21",TRUE,TRUE
"cg13765957_BC21",TRUE,TRUE
"cg13845521_BC21",TRUE,TRUE
"cg16717578_TC21",TRUE,TRUE
"cg07347128_BC21",TRUE,TRUE
"cg25815185_TC21",TRUE,TRUE
"cg06495041_TC21",TRUE,TRUE
"cg16298118_TC21",TRUE,TRUE
"cg16351679_BC21",TRUE,TRUE
"cg27104720_BC21",TRUE,TRUE
"cg27186231_BC21",TRUE,TRUE
"cg00773142_TC21",TRUE,TRUE
"cg18336825_BC21",TRUE,TRUE
"cg20642580_TC21",TRUE,TRUE
"cg17560699_BC21",TRUE,TRUE
"cg21878015_TC21",TRUE,TRUE
"cg13102393_BC21",TRUE,TRUE
"cg00200283_TC21",TRUE,TRUE
"cg00271873_BC21",TRUE,TRUE
"cg13734392_TC21",TRUE,TRUE
"cg23834181_TC21",TRUE,TRUE
"cg07564399_BC21",TRUE,TRUE
"cg01752530_BC21",TRUE,TRUE
"cg01766063_BC21",TRUE,TRUE
"cg04672495_BC21",TRUE,TRUE
"cg25443613_TC21",TRUE,TRUE
"cg02577797_BC21",TRUE,TRUE
"cg14551616_TC21",TRUE,TRUE
"cg14778208_TC21",TRUE,TRUE
"cg05128824_BC21",TRUE,TRUE
"cg05954446_TC21",TRUE,TRUE
"cg06065495_TC21",TRUE,TRUE
"cg06068891_TC21",TRUE,TRUE
"cg26347359_TC21",TRUE,TRUE
"cg09940451_BC21",TRUE,TRUE
"cg19894279_BC21",TRUE,TRUE
"cg19989243_TC21",TRUE,TRUE
"cg19989989_BC21",TRUE,TRUE
"cg20215725_BC21",TRUE,TRUE
"cg20216961_TC21",TRUE,TRUE
"cg10974307_BC21",TRUE,TRUE
"cg01900066_TC21",TRUE,TRUE
"cg02005589_TC21",TRUE,TRUE
"cg02047636_BC21",TRUE,TRUE
"cg02056550_BC21",TRUE,TRUE
"cg02073054_BC21",TRUE,TRUE
"cg08886779_BC21",TRUE,TRUE
"cg17660627_BC21",TRUE,TRUE
"cg17769199_BC21",TRUE,TRUE
"cg17816615_TC21",TRUE,TRUE
"cg26817008_TC21",TRUE,TRUE
"cg26847616_BC21",TRUE,TRUE
"cg26928789_BC21",TRUE,TRUE
"cg25914522_TC21",TRUE,TRUE
"cg25918849_TC21",TRUE,TRUE
"cg26046487_TC21",TRUE,TRUE
"cg06819082_TC21",TRUE,TRUE
"cg06829450_BC21",TRUE,TRUE
"cg01073572_TC21",TRUE,TRUE
"cg27248959_BC21",TRUE,TRUE
"cg27254225_BC21",TRUE,TRUE
"cg27355713_BC21",TRUE,TRUE
"cg27435867_TC21",TRUE,TRUE
"cg01540713_BC21",TRUE,TRUE
"cg01644972_BC21",TRUE,TRUE
"cg05918124_TC21",TRUE,TRUE
"cg17181840_TC21",TRUE,TRUE
"cg04790916_BC21",TRUE,TRUE
"cg18168924_TC21",TRUE,TRUE
"cg18286937_BC21",TRUE,TRUE
"cg08770386_BC21",TRUE,TRUE
"cg06817312_BC21",TRUE,TRUE
"cg18779078_TC21",TRUE,TRUE
"cg01061520_BC21",TRUE,TRUE
"cg20981403_BC21",TRUE,TRUE
"cg01463110_BC21",TRUE,TRUE
"cg04918256_TC21",TRUE,TRUE
"cg22959717_TC21",TRUE,TRUE
"cg01828919_BC21",TRUE,TRUE
"cg24309011_TC21",TRUE,TRUE
"cg07059889_TC21",TRUE,TRUE
"cg07119157_TC21",TRUE,TRUE
"cg05698315_BC21",TRUE,TRUE
"cg05756019_BC21",TRUE,TRUE
"cg05786348_TC21",TRUE,TRUE
"cg11984221_TC21",TRUE,TRUE
"cg16518008_BC21",TRUE,TRUE
"cg10252647_BC21",TRUE,TRUE
"cg05530472_BC21",TRUE,TRUE
"cg07674511_BC21",TRUE,TRUE
"cg19148124_BC21",TRUE,TRUE
"cg14671357_BC21",TRUE,TRUE
"cg00679624_TC21",TRUE,TRUE
"cg24173621_TC21",TRUE,TRUE
"cg11690161_TC21",TRUE,TRUE
"cg07009486_BC21",TRUE,TRUE
"cg03672679_TC21",TRUE,TRUE
"cg03717460_TC21",TRUE,TRUE
"cg14029254_TC21",TRUE,TRUE
"cg06576965_TC21",TRUE,TRUE
"cg22530767_BC21",TRUE,TRUE
"cg04241598_TC21",TRUE,TRUE
"cg01680988_TC21",TRUE,TRUE
"cg01757887_BC21",TRUE,TRUE
"cg13618458_TC21",TRUE,TRUE
"cg13654344_TC21",TRUE,TRUE
"cg18551922_BC21",TRUE,TRUE
"cg09151583_TC21",TRUE,TRUE
"cg09228985_TC21",TRUE,TRUE
"cg27368331_BC21",TRUE,TRUE
"cg24759776_TC21",TRUE,TRUE
"cg24958091_TC21",TRUE,TRUE
"cg08528516_TC21",TRUE,TRUE
"cg08593141_TC21",TRUE,TRUE
"cg08596608_TC21",TRUE,TRUE
"cg08673225_TC21",TRUE,TRUE
"cg08816194_BC21",TRUE,TRUE
"cg11280549_TC21",TRUE,TRUE
"cg25712763_TC21",TRUE,TRUE
"cg25731891_BC21",TRUE,TRUE
"cg00071863_TC21",TRUE,TRUE
"cg03029566_BC21",TRUE,TRUE
"cg03134961_BC21",TRUE,TRUE
"cg11225091_TC21",TRUE,TRUE
"cg17741448_TC21",TRUE,TRUE
"cg07924501_BC21",TRUE,TRUE
"cg15528879_TC21",TRUE,TRUE
"cg12338800_TC21",TRUE,TRUE
"cg19825714_BC21",TRUE,TRUE
"cg19860067_TC21",TRUE,TRUE
"cg16224962_BC21",TRUE,TRUE
"cg20700869_BC21",TRUE,TRUE
"cg15172885_TC21",TRUE,TRUE
"cg15298179_BC21",TRUE,TRUE
"cg15308688_BC21",TRUE,TRUE
"cg10811597_TC21",TRUE,TRUE
"cg11021362_BC21",TRUE,TRUE
"cg05812602_BC21",TRUE,TRUE
"cg05940236_TC21",TRUE,TRUE
"cg05964935_BC21",TRUE,TRUE
"cg06000162_BC21",TRUE,TRUE
"cg17006841_BC21",TRUE,TRUE
"cg17115812_BC21",TRUE,TRUE
"cg27592168_BC21",TRUE,TRUE
"cg27611757_TC21",TRUE,TRUE
"cg10306658_BC21",TRUE,TRUE
"cg12223419_BC21",TRUE,TRUE
"cg03326823_BC21",TRUE,TRUE
"cg06502680_TC21",TRUE,TRUE
"cg23286160_TC21",TRUE,TRUE
"cg18011898_BC21",TRUE,TRUE
"cg18113332_BC21",TRUE,TRUE
"cg26444908_TC21",TRUE,TRUE
"cg12980661_TC21",TRUE,TRUE
"cg07528603_TC21",TRUE,TRUE
"cg09940355_BC21",TRUE,TRUE
"cg14383905_BC21",TRUE,TRUE
"cg14446584_BC21",TRUE,TRUE
"cg27540506_BC21",TRUE,TRUE
"cg26688816_BC21",TRUE,TRUE
"cg03533500_BC21",TRUE,TRUE
"cg17188266_BC21",TRUE,TRUE
"cg08074663_BC21",TRUE,TRUE
"cg02522936_TC21",TRUE,TRUE
"cg20435267_TC21",TRUE,TRUE
"cg07322381_BC21",TRUE,TRUE
"cg07384931_BC21",TRUE,TRUE
"cg22506586_BC21",TRUE,TRUE
"cg11842199_BC21",TRUE,TRUE
"cg11846372_BC21",TRUE,TRUE
"cg11898347_TC21",TRUE,TRUE
"cg05051262_TC21",TRUE,TRUE
"cg00308367_BC21",TRUE,TRUE
"cg12566071_BC21",TRUE,TRUE
"cg25116191_TC21",TRUE,TRUE
"cg17413612_BC21",TRUE,TRUE
"cg23948736_BC21",TRUE,TRUE
"cg15700967_TC21",TRUE,TRUE
"cg10536901_BC21",TRUE,TRUE
"cg10620659_BC21",TRUE,TRUE
"cg08160949_BC21",TRUE,TRUE
"cg10307060_BC21",TRUE,TRUE
"cg12565953_BC21",TRUE,TRUE
"cg14495594_BC21",TRUE,TRUE
"cg07155803_BC21",TRUE,TRUE
"cg26166879_BC21",TRUE,TRUE
"cg22077592_BC21",TRUE,TRUE
"cg05855822_BC21",TRUE,TRUE
"cg05944543_BC21",TRUE,TRUE
"cg05976115_TC21",TRUE,TRUE
"cg06283871_BC21",TRUE,TRUE
"cg14658558_BC21",TRUE,TRUE
"cg22887963_TC21",TRUE,TRUE
"cg09595415_TC21",TRUE,TRUE
"cg13390113_TC21",TRUE,TRUE
"cg09829904_TC21",TRUE,TRUE
"cg06011587_BC21",TRUE,TRUE
"cg02730008_TC21",TRUE,TRUE
"cg02783661_BC21",TRUE,TRUE
"cg00722793_BC21",TRUE,TRUE
"cg22445149_BC21",TRUE,TRUE
"cg11529139_TC21",TRUE,TRUE
"cg00960840_BC21",TRUE,TRUE
"cg11294917_BC21",TRUE,TRUE
"cg17570153_BC21",TRUE,TRUE
"cg26827441_TC21",TRUE,TRUE
"cg02148024_BC21",TRUE,TRUE
"cg05053121_TC21",TRUE,TRUE
"cg05187542_BC21",TRUE,TRUE
"cg07291744_BC21",TRUE,TRUE
"cg18204732_BC21",TRUE,TRUE
"cg08463633_TC21",TRUE,TRUE
"cg17200084_BC21",TRUE,TRUE
"cg17396712_BC21",TRUE,TRUE
"cg17430262_TC21",TRUE,TRUE
"cg00804980_BC21",TRUE,TRUE
"cg00824312_BC21",TRUE,TRUE
"cg06568577_TC21",TRUE,TRUE
"cg01911472_TC21",TRUE,TRUE
"cg01916786_TC21",TRUE,TRUE
"cg07318500_BC21",TRUE,TRUE
"cg07481066_TC21",TRUE,TRUE
"cg07487078_TC21",TRUE,TRUE
"cg05580683_BC21",TRUE,TRUE
"cg07817824_BC21",TRUE,TRUE
"cg07870295_BC21",TRUE,TRUE
"cg21760496_TC21",TRUE,TRUE
"cg20855044_TC21",TRUE,TRUE
"cg06427702_BC21",TRUE,TRUE
"cg14442616_BC21",TRUE,TRUE
"cg16794291_TC21",TRUE,TRUE
"cg19363850_TC21",TRUE,TRUE
"cg13254688_TC21",TRUE,TRUE
"cg01309118_TC21",TRUE,TRUE
"cg15234083_BC21",TRUE,TRUE
"cg17723264_BC21",TRUE,TRUE
"cg17748367_BC21",TRUE,TRUE
"cg24065584_BC21",TRUE,TRUE
"cg16112264_BC21",TRUE,TRUE
"cg09259926_BC21",TRUE,TRUE
"cg09265588_TC21",TRUE,TRUE
"cg09272668_BC21",TRUE,TRUE
"cg12131641_TC21",TRUE,TRUE
"cg02491969_BC21",TRUE,TRUE
"cg25216589_BC21",TRUE,TRUE
"cg04374785_BC21",TRUE,TRUE
"cg06911237_TC21",TRUE,TRUE
"cg04493908_BC21",TRUE,TRUE
"cg18085787_BC21",TRUE,TRUE
"cg26699121_TC21",TRUE,TRUE
"cg09144431_BC21",TRUE,TRUE
"cg25011666_TC21",TRUE,TRUE
"cg25026580_BC21",TRUE,TRUE
"cg27509967_BC21",TRUE,TRUE
"cg27545697_TC21",TRUE,TRUE
"cg11893511_BC21",TRUE,TRUE
"cg12038352_TC21",TRUE,TRUE
"cg08711005_BC21",TRUE,TRUE
"cg23606274_BC21",TRUE,TRUE
"cg04831594_BC21",TRUE,TRUE
"cg04852418_BC21",TRUE,TRUE
"cg14044669_TC21",TRUE,TRUE
"cg12833414_BC21",TRUE,TRUE
"cg15468755_TC21",TRUE,TRUE
"cg15544606_TC21",TRUE,TRUE
"cg03695145_TC21",TRUE,TRUE
"cg03768569_BC21",TRUE,TRUE
"cg24778217_BC21",TRUE,TRUE
"cg23271724_TC21",TRUE,TRUE
"cg05973688_TC21",TRUE,TRUE
"cg10799208_TC21",TRUE,TRUE
"cg26067074_BC21",TRUE,TRUE
"cg04064200_BC21",TRUE,TRUE
"cg05504986_BC21",TRUE,TRUE
"cg23509850_BC21",TRUE,TRUE
"cg27192733_BC21",TRUE,TRUE
"cg20934650_BC21",TRUE,TRUE
"cg07950979_TC21",TRUE,TRUE
"cg20461691_BC21",TRUE,TRUE
"cg03257293_TC21",TRUE,TRUE
"cg21664909_BC21",TRUE,TRUE
"cg03204825_TC21",TRUE,TRUE
"cg15540862_BC21",TRUE,TRUE
"cg22940655_TC21",TRUE,TRUE
"cg18464903_BC21",TRUE,TRUE
"cg05482864_TC21",TRUE,TRUE
"cg19924544_TC21",TRUE,TRUE
"cg18019451_BC21",TRUE,TRUE
"cg17023395_TC21",TRUE,TRUE
"cg22368976_TC21",TRUE,TRUE
"cg05515866_TC21",TRUE,TRUE
"cg26437306_BC21",TRUE,TRUE
"cg23614428_TC21",TRUE,TRUE
"cg12006118_TC21",TRUE,TRUE
"cg20415697_BC21",TRUE,TRUE
"cg11734019_BC21",TRUE,TRUE
"cg11791288_BC21",TRUE,TRUE
"cg02058717_BC21",TRUE,TRUE
"cg02088292_BC21",TRUE,TRUE
"cg06145195_TC21",TRUE,TRUE
"cg00817749_BC21",TRUE,TRUE
"cg01406203_TC21",TRUE,TRUE
"cg20080590_BC21",TRUE,TRUE
"cg09611363_BC21",TRUE,TRUE
"cg06961289_TC21",TRUE,TRUE
"cg00636942_BC21",TRUE,TRUE
"cg11983124_TC21",TRUE,TRUE
"cg10666546_TC21",TRUE,TRUE
"cg02539829_BC21",TRUE,TRUE
"cg08479277_BC21",TRUE,TRUE
"cg17479576_BC21",TRUE,TRUE
"cg08978092_TC21",TRUE,TRUE
"cg02381390_BC21",TRUE,TRUE
"cg21038220_TC21",TRUE,TRUE
"cg10646950_BC21",TRUE,TRUE
"cg02352633_BC21",TRUE,TRUE
"cg01816191_BC21",TRUE,TRUE
"cg16327381_TC21",TRUE,TRUE
"cg23364541_BC21",TRUE,TRUE
"cg15281205_TC21",TRUE,TRUE
"cg26617333_BC21",TRUE,TRUE
"cg21398186_TC21",TRUE,TRUE
"cg12699321_BC21",TRUE,TRUE
"cg02985240_BC21",TRUE,TRUE
"cg05594814_TC21",TRUE,TRUE
"cg15668967_TC21",TRUE,TRUE
"cg23970458_BC21",TRUE,TRUE
"cg27636129_BC21",TRUE,TRUE
"cg02503763_BC21",TRUE,TRUE
"cg10172760_TC21",TRUE,TRUE
"cg00127036_BC21",TRUE,TRUE
"cg11887015_TC21",TRUE,TRUE
"cg15273954_TC21",TRUE,TRUE
"cg01072550_BC21",TRUE,TRUE
"cg04892437_BC21",TRUE,TRUE
"cg16894943_BC21",TRUE,TRUE
"cg20951645_TC21",TRUE,TRUE
"cg08106708_BC21",TRUE,TRUE
"cg08693082_TC21",TRUE,TRUE
"cg01262337_TC21",TRUE,TRUE
"cg09836251_BC21",TRUE,TRUE
"cg02116612_TC21",TRUE,TRUE
"cg16785953_BC21",TRUE,TRUE
"cg23146699_TC21",TRUE,TRUE
"cg01988452_BC21",TRUE,TRUE
"cg09256082_TC21",TRUE,TRUE
"cg12101498_BC21",TRUE,TRUE
"cg12615898_BC21",TRUE,TRUE
"cg04419680_TC21",TRUE,TRUE
"cg07698793_TC21",TRUE,TRUE
"cg06952129_TC21",TRUE,TRUE
"cg16096084_TC21",TRUE,TRUE
"cg06689619_TC21",TRUE,TRUE
"cg22338443_BC21",TRUE,TRUE
"cg14656948_BC21",TRUE,TRUE
"cg14562394_BC21",TRUE,TRUE
"cg10530613_BC21",TRUE,TRUE
"cg25379161_BC21",TRUE,TRUE
"cg07399928_BC21",TRUE,TRUE
"cg26686753_TC21",TRUE,TRUE
"cg13063101_TC21",TRUE,TRUE
"cg12362118_BC21",TRUE,TRUE
"cg00160872_TC21",TRUE,TRUE
"cg00350932_BC21",TRUE,TRUE
"cg04510049_TC21",TRUE,TRUE
"cg22196946_TC21",TRUE,TRUE
"cg22177976_TC21",TRUE,TRUE
"cg11517650_TC21",TRUE,TRUE
"cg00658890_TC21",TRUE,TRUE
"cg06645242_BC21",TRUE,TRUE
"cg26128464_BC21",TRUE,TRUE
"cg22758714_TC21",TRUE,TRUE
"cg09222892_TC21",TRUE,TRUE
"cg24199724_TC21",TRUE,TRUE
"cg23676767_TC21",TRUE,TRUE
"cg16163168_TC21",TRUE,TRUE
"cg21826606_TC21",TRUE,TRUE
"cg05101231_TC21",TRUE,TRUE
"cg12094129_BC21",TRUE,TRUE
"cg16292782_TC21",TRUE,TRUE
"cg04124201_BC21",TRUE,TRUE
"cg03861379_BC21",TRUE,TRUE
"cg07401745_TC21",TRUE,TRUE
"cg06871246_BC21",TRUE,TRUE
"cg06763776_TC21",TRUE,TRUE
"cg06537526_TC21",TRUE,TRUE
"cg00123128_BC21",TRUE,TRUE
"cg23327276_TC21",TRUE,TRUE
"cg13791188_BC21",TRUE,TRUE
"cg04347820_TC21",TRUE,TRUE
"cg22472608_BC21",TRUE,TRUE
"cg18181571_TC21",TRUE,TRUE
"cg27336554_BC21",TRUE,TRUE
"cg08855551_BC21",TRUE,TRUE
"cg17542795_TC21",TRUE,TRUE
"cg03756034_BC21",TRUE,TRUE
"cg13702087_BC21",TRUE,TRUE
"cg03132727_TC21",TRUE,TRUE
"cg13935394_BC21",TRUE,TRUE
"cg07156557_BC21",TRUE,TRUE
"cg14027817_BC21",TRUE,TRUE
"cg13153942_BC21",TRUE,TRUE
"cg01948083_TC21",TRUE,TRUE
"cg19773547_TC21",TRUE,TRUE
"cg16443079_TC21",TRUE,TRUE
"cg17645978_TC21",TRUE,TRUE
"cg18774611_BC21",TRUE,TRUE
"cg00978415_TC21",TRUE,TRUE
"cg08967287_BC21",TRUE,TRUE
"cg16396396_TC21",TRUE,TRUE
"cg16083651_TC21",TRUE,TRUE
"cg19225688_BC21",TRUE,TRUE
"cg19048327_TC21",TRUE,TRUE
"cg17015133_BC21",TRUE,TRUE
"cg01375382_TC21",TRUE,TRUE
"cg04123665_BC21",TRUE,TRUE
"cg05378695_BC21",TRUE,TRUE
"cg05608794_TC21",TRUE,TRUE
"cg06587955_BC21",TRUE,TRUE
"cg08314875_TC21",TRUE,TRUE
"cg08635406_BC21",TRUE,TRUE
"cg09230658_BC21",TRUE,TRUE
"cg05202434_BC21",TRUE,TRUE
"cg15568074_BC21",TRUE,TRUE
"cg19197922_TC21",TRUE,TRUE
"cg01656976_BC21",TRUE,TRUE
"cg19738233_BC21",TRUE,TRUE
"cg24214699_BC21",TRUE,TRUE
"cg13976251_TC21",TRUE,TRUE
"cg02847425_BC21",TRUE,TRUE
"cg09461494_BC21",TRUE,TRUE
"cg03216697_TC21",TRUE,TRUE
"cg07395500_TC21",TRUE,TRUE
"cg04688450_TC21",TRUE,TRUE
"cg16484499_BC21",TRUE,TRUE
"cg19383211_TC21",TRUE,TRUE
"cg26531700_BC21",TRUE,TRUE
"cg16016583_BC21",TRUE,TRUE
"cg12120845_BC21",TRUE,TRUE
"cg02901065_TC21",TRUE,TRUE
"cg04054303_TC21",TRUE,TRUE
"cg02891218_BC21",TRUE,TRUE
"cg09410841_TC21",TRUE,TRUE
"cg27096416_BC21",TRUE,TRUE
"cg02895588_TC21",TRUE,TRUE
"cg13070650_BC21",TRUE,TRUE
"cg06097707_BC21",TRUE,TRUE
"cg00079898_BC21",TRUE,TRUE
"cg13311805_BC21",TRUE,TRUE
"cg18784409_BC21",TRUE,TRUE
"cg22146642_BC21",TRUE,TRUE
"cg22888958_TC21",TRUE,TRUE
"cg21484863_BC21",TRUE,TRUE
"cg14047540_TC21",TRUE,TRUE
"cg24500222_TC21",TRUE,TRUE
"cg17831170_BC21",TRUE,TRUE
"cg15036284_TC21",TRUE,TRUE
"cg26981746_TC21",TRUE,TRUE
"cg15141401_TC21",TRUE,TRUE
"cg23250715_TC21",TRUE,TRUE
"cg18433519_TC21",TRUE,TRUE
"cg20642756_TC21",TRUE,TRUE
"cg09427568_TC21",TRUE,TRUE
"cg18474443_BC21",TRUE,TRUE
"cg17411546_BC21",TRUE,TRUE
"cg03853124_BC21",TRUE,TRUE
"cg07160001_TC21",TRUE,TRUE
"cg06192220_TC21",TRUE,TRUE
"cg06573709_TC21",TRUE,TRUE
"cg16531903_TC21",TRUE,TRUE
"cg10169515_TC21",TRUE,TRUE
"cg09556902_BC21",TRUE,TRUE
"cg01269314_TC21",TRUE,TRUE
"cg16514085_TC21",TRUE,TRUE
"cg13491045_TC21",TRUE,TRUE
"cg08754004_TC21",TRUE,TRUE
"cg19235801_BC21",TRUE,TRUE
"cg06792186_BC21",TRUE,TRUE
"cg15602215_TC21",TRUE,TRUE
"cg24211476_TC21",TRUE,TRUE
"cg17082340_TC21",TRUE,TRUE
"cg26192826_BC21",TRUE,TRUE
"cg18334799_TC21",TRUE,TRUE
"cg04166405_BC21",TRUE,TRUE
"cg16000637_BC21",TRUE,TRUE
"cg26866625_BC21",TRUE,TRUE
"cg15265092_BC21",TRUE,TRUE
"cg12770425_BC21",TRUE,TRUE
"cg27495636_TC21",TRUE,TRUE
"cg13437307_TC21",TRUE,TRUE
"cg21093670_TC21",TRUE,TRUE
"cg07575193_BC21",TRUE,TRUE
"cg25641223_BC21",TRUE,TRUE
"cg26804611_BC21",TRUE,TRUE
"cg05542101_TC21",TRUE,TRUE
"cg17437088_BC21",TRUE,TRUE
"cg24872885_TC21",TRUE,TRUE
"cg04388226_TC21",TRUE,TRUE
"cg18685724_BC21",TRUE,TRUE
"cg00591890_TC21",TRUE,TRUE
"cg13916261_BC21",TRUE,TRUE
"cg16277922_TC21",TRUE,TRUE
"cg08069338_TC21",TRUE,TRUE
"cg03068346_BC21",TRUE,TRUE
"cg24244747_BC21",TRUE,TRUE
"cg27128560_TC21",TRUE,TRUE
"cg16095660_TC21",TRUE,TRUE
"cg05963511_TC21",TRUE,TRUE
"cg20250700_TC21",TRUE,TRUE
"cg19751990_TC21",TRUE,TRUE
"cg24669401_TC21",TRUE,TRUE
"cg15891645_BC21",TRUE,TRUE
"cg03529555_BC21",TRUE,TRUE
"cg11389953_TC21",TRUE,TRUE
"cg05383619_TC21",TRUE,TRUE
"cg02888748_TC21",TRUE,TRUE
"cg17173639_TC21",TRUE,TRUE
"cg18383594_TC21",TRUE,TRUE
"cg25858160_TC21",TRUE,TRUE
"cg14201929_TC21",TRUE,TRUE
"cg25182066_BC21",TRUE,TRUE
"cg25291404_TC21",TRUE,TRUE
"cg03014495_BC21",TRUE,TRUE
"cg07951728_BC21",TRUE,TRUE
"cg00937982_BC21",TRUE,TRUE
"cg19647370_BC21",TRUE,TRUE
"cg06877486_BC21",TRUE,TRUE
"cg26521278_TC21",TRUE,TRUE
"cg24032890_TC21",TRUE,TRUE
"cg05027972_TC21",TRUE,TRUE
"cg00221525_TC21",TRUE,TRUE
"cg24880222_BC21",TRUE,TRUE
"cg05706624_BC21",TRUE,TRUE
"cg12850396_BC21",TRUE,TRUE
"cg00272903_BC21",TRUE,TRUE
"cg16719299_TC21",TRUE,TRUE
"cg03648724_TC21",TRUE,TRUE
"cg03312856_BC21",TRUE,TRUE
"cg06830724_TC21",TRUE,TRUE
"cg06035645_BC21",TRUE,TRUE
"cg06236987_TC21",TRUE,TRUE
"cg06774797_TC21",TRUE,TRUE
"cg00475235_BC21",TRUE,TRUE
"cg03061623_TC21",TRUE,TRUE
"cg11230363_BC21",TRUE,TRUE
"cg20083839_TC21",TRUE,TRUE
"cg20040626_TC21",TRUE,TRUE
"cg19809575_BC21",TRUE,TRUE
"cg19801747_TC21",TRUE,TRUE
"cg05482395_BC21",TRUE,TRUE
"cg04712122_BC21",TRUE,TRUE
"cg05590451_BC21",TRUE,TRUE
"cg08839312_BC21",TRUE,TRUE
"cg14041338_BC21",TRUE,TRUE
"cg03311906_TC21",TRUE,TRUE
"cg17935708_TC21",TRUE,TRUE
"cg22715398_BC21",TRUE,TRUE
"cg15108060_BC21",TRUE,TRUE
"cg08616654_BC21",TRUE,TRUE
"cg23332817_TC21",TRUE,TRUE
"cg07565150_BC21",TRUE,TRUE
"cg08397205_BC21",TRUE,TRUE
"cg18234988_BC21",TRUE,TRUE
"cg13273548_TC21",TRUE,TRUE
"cg14437092_BC21",TRUE,TRUE
"cg11747104_TC21",TRUE,TRUE
"cg00256329_BC21",TRUE,TRUE
"cg00336022_TC21",TRUE,TRUE
"cg00061551_BC21",TRUE,TRUE
"cg22689316_TC21",TRUE,TRUE
"cg12167284_BC21",TRUE,TRUE
"cg18052123_TC21",TRUE,TRUE
"cg16427107_TC21",TRUE,TRUE
"cg18660106_BC21",TRUE,TRUE
"cg27038917_TC21",TRUE,TRUE
"cg18029737_BC21",TRUE,TRUE
"cg00620547_TC21",TRUE,TRUE
"cg15617837_TC21",TRUE,TRUE
"cg06066620_BC21",TRUE,TRUE
"cg20414484_BC21",TRUE,TRUE
"cg05912695_BC21",TRUE,TRUE
"cg17440810_TC21",TRUE,TRUE
"cg12925685_BC21",TRUE,TRUE
"cg08068973_BC21",TRUE,TRUE
"cg14749747_TC21",TRUE,TRUE
"cg11622882_TC21",TRUE,TRUE
"cg00601186_BC21",TRUE,TRUE
"cg20075831_TC21",TRUE,TRUE
"cg24798497_BC21",TRUE,TRUE
"cg16149279_TC21",TRUE,TRUE
"cg15110878_TC21",TRUE,TRUE
"cg12220618_TC21",TRUE,TRUE
"cg25224575_BC21",TRUE,TRUE
"cg18733537_BC21",TRUE,TRUE
"cg27871723_BC21",TRUE,TRUE
"cg01869281_BC21",TRUE,TRUE
"cg03784939_TC21",TRUE,TRUE
"cg05944940_BC21",TRUE,TRUE
"cg10196184_TC21",TRUE,TRUE
"cg04651076_TC21",TRUE,TRUE
"cg07516147_TC21",TRUE,TRUE
"cg11010630_TC21",TRUE,TRUE
"cg04207414_TC21",TRUE,TRUE
"cg05799531_TC21",TRUE,TRUE
"cg05863263_BC21",TRUE,TRUE
"cg22635523_BC21",TRUE,TRUE
"cg27000335_BC21",TRUE,TRUE
"cg11648479_TC21",TRUE,TRUE
"cg03946143_BC21",TRUE,TRUE
"cg09996633_BC21",TRUE,TRUE
"cg22439794_TC21",TRUE,TRUE
"cg14662128_TC21",TRUE,TRUE
"cg25295886_TC21",TRUE,TRUE
"cg18687734_TC21",TRUE,TRUE
"cg09413976_TC21",TRUE,TRUE
"cg15155058_TC21",TRUE,TRUE
"cg03994477_TC21",TRUE,TRUE
"cg27109319_BC21",TRUE,TRUE
"cg18517407_BC21",TRUE,TRUE
"cg18203749_TC21",TRUE,TRUE
"cg17242799_BC21",TRUE,TRUE
"cg23054542_TC21",TRUE,TRUE
"cg18209272_BC21",TRUE,TRUE
"cg22748852_BC21",TRUE,TRUE
"cg07943361_BC21",TRUE,TRUE
"cg10228109_BC21",TRUE,TRUE
"cg21045643_BC21",TRUE,TRUE
"cg13424649_TC21",TRUE,TRUE
"cg20014687_BC21",TRUE,TRUE
"cg21927122_BC21",TRUE,TRUE
"cg12439619_TC21",TRUE,TRUE
"cg04084210_BC21",TRUE,TRUE
"cg25811448_BC21",TRUE,TRUE
"cg09307518_TC21",TRUE,TRUE
"cg22829303_BC21",TRUE,TRUE
"cg01404063_TC21",TRUE,TRUE
"cg11807809_BC21",TRUE,TRUE
"cg25627117_BC21",TRUE,TRUE
"cg16641122_TC21",TRUE,TRUE
"cg24987196_BC21",TRUE,TRUE
"cg20623342_BC21",TRUE,TRUE
"cg02525742_BC21",TRUE,TRUE
"cg25982607_BC21",TRUE,TRUE
"cg06603996_BC21",TRUE,TRUE
"cg02481176_BC21",TRUE,TRUE
"cg03364259_BC21",TRUE,TRUE
"cg10176555_TC21",TRUE,TRUE
"cg26482483_BC21",TRUE,TRUE
"cg00700117_BC21",TRUE,TRUE
"cg24880460_BC21",TRUE,TRUE
"cg08148853_BC21",TRUE,TRUE
"cg06779705_BC21",TRUE,TRUE
"cg09718608_TC21",TRUE,TRUE
"cg09028079_BC21",TRUE,TRUE
"cg04509201_BC21",TRUE,TRUE
"cg17985658_BC21",TRUE,TRUE
"cg19292351_BC21",TRUE,TRUE
"cg17699032_BC21",TRUE,TRUE
"cg16203592_BC21",TRUE,TRUE
"cg24909253_BC21",TRUE,TRUE
"cg20043747_BC21",TRUE,TRUE
"cg01451654_BC21",TRUE,TRUE
"cg18322070_BC21",TRUE,TRUE
"cg01910579_BC21",TRUE,TRUE
"cg01242456_TC21",TRUE,TRUE
"cg07048221_BC21",TRUE,TRUE
"cg02047954_TC21",TRUE,TRUE
"cg06828498_BC21",TRUE,TRUE
"cg09037853_TC21",TRUE,TRUE
"cg12651244_BC21",TRUE,TRUE
"cg20090096_BC21",TRUE,TRUE
"cg22264641_BC21",TRUE,TRUE
"cg07971231_BC21",TRUE,TRUE
"cg11736629_TC21",TRUE,TRUE
"cg09430000_TC21",TRUE,TRUE
"cg01326867_TC21",TRUE,TRUE
"cg18396213_TC21",TRUE,TRUE
"cg19809237_BC21",TRUE,TRUE
"cg06784535_TC21",TRUE,TRUE
"cg25412377_TC21",TRUE,TRUE
"cg11211858_BC21",TRUE,TRUE
"cg10009941_TC21",TRUE,TRUE
"cg08157084_BC21",TRUE,TRUE
"cg02557136_TC21",TRUE,TRUE
"cg25432708_TC21",TRUE,TRUE
"cg11619524_TC21",TRUE,TRUE
"cg03302055_BC21",TRUE,TRUE
"cg20075517_BC21",TRUE,TRUE
"cg18815363_BC21",TRUE,TRUE
"cg25793547_BC21",TRUE,TRUE
"cg23106447_TC21",TRUE,TRUE
"cg22734034_TC21",TRUE,TRUE
"cg14907189_BC21",TRUE,TRUE
"cg00555479_TC21",TRUE,TRUE
"cg18350953_BC21",TRUE,TRUE
"cg16791062_TC21",TRUE,TRUE
"cg20793459_BC21",TRUE,TRUE
"cg08616640_BC21",TRUE,TRUE
"cg03134991_TC21",TRUE,TRUE
"cg20609513_BC21",TRUE,TRUE
"cg15814995_BC21",TRUE,TRUE
"cg05614451_BC21",TRUE,TRUE
"cg12529653_BC21",TRUE,TRUE
"cg25090921_BC21",TRUE,TRUE
"cg11049016_TC21",TRUE,TRUE
"cg12839136_BC21",TRUE,TRUE
"cg04564226_BC21",TRUE,TRUE
"cg14925383_TC21",TRUE,TRUE
"cg11618795_TC21",TRUE,TRUE
"cg05635359_TC21",TRUE,TRUE
"cg01717067_BC21",TRUE,TRUE
"cg02001101_TC21",TRUE,TRUE
"cg08985793_BC21",TRUE,TRUE
"cg16000876_TC21",TRUE,TRUE
"cg02026080_TC21",TRUE,TRUE
"cg27537980_BC21",TRUE,TRUE
"cg18385852_TC21",TRUE,TRUE
"cg00660880_TC21",TRUE,TRUE
"cg01560766_TC21",TRUE,TRUE
"cg07205933_BC21",TRUE,TRUE
"cg15058582_BC21",TRUE,TRUE
"cg27564589_BC21",TRUE,TRUE
"cg18860931_TC21",TRUE,TRUE
"cg04064639_TC21",TRUE,TRUE
"cg04484105_BC21",TRUE,TRUE
"cg01089174_BC21",TRUE,TRUE
"cg20440624_BC21",TRUE,TRUE
"cg15782180_BC21",TRUE,TRUE
"cg09156457_BC21",TRUE,TRUE
"cg26791893_BC21",TRUE,TRUE
"cg21838851_BC21",TRUE,TRUE
"cg24477891_TC21",TRUE,TRUE
"cg07217753_TC21",TRUE,TRUE
"cg04903898_TC21",TRUE,TRUE
"cg00576632_TC21",TRUE,TRUE
"cg20788890_BC21",TRUE,TRUE
"cg04612463_TC21",TRUE,TRUE
"cg07404046_TC21",TRUE,TRUE
"cg15001701_TC21",TRUE,TRUE
"cg06318884_TC21",TRUE,TRUE
"cg25589279_TC21",TRUE,TRUE
"cg13798376_TC21",TRUE,TRUE
"cg13393813_TC21",TRUE,TRUE
"cg01648869_TC21",TRUE,TRUE
"cg02201565_BC21",TRUE,TRUE
"cg04766510_TC21",TRUE,TRUE
"cg23534241_BC21",TRUE,TRUE
"cg12615046_TC21",TRUE,TRUE
"cg05643223_BC21",TRUE,TRUE
"cg11421949_BC21",TRUE,TRUE
"cg21627759_BC21",TRUE,TRUE
"cg07152320_TC21",TRUE,TRUE
"cg15909906_TC21",TRUE,TRUE
"cg20346580_BC21",TRUE,TRUE
"cg08313336_TC21",TRUE,TRUE
"cg23897589_BC21",TRUE,TRUE
"cg09705622_BC21",TRUE,TRUE
"cg21236770_TC21",TRUE,TRUE
"cg00127664_BC21",TRUE,TRUE
"cg22386945_BC21",TRUE,TRUE
"cg25721006_BC21",TRUE,TRUE
"cg03797726_BC21",TRUE,TRUE
"cg06811379_TC21",TRUE,TRUE
"cg23754242_TC21",TRUE,TRUE
"cg07344046_TC21",TRUE,TRUE
"cg06828260_BC21",TRUE,TRUE
"cg27849480_TC21",TRUE,TRUE
"cg27482523_TC21",TRUE,TRUE
"cg21585975_TC21",TRUE,TRUE
"cg24717262_TC21",TRUE,TRUE
"cg24591457_BC21",TRUE,TRUE
"cg22530567_TC21",TRUE,TRUE
"cg16579185_BC21",TRUE,TRUE
"cg06023473_TC21",TRUE,TRUE
"cg04408998_BC21",TRUE,TRUE
"cg12979362_TC21",TRUE,TRUE
"cg03013230_BC21",TRUE,TRUE
"cg03613557_BC21",TRUE,TRUE
"cg24664754_TC21",TRUE,TRUE
"cg17412026_BC21",TRUE,TRUE
"cg25050403_TC21",TRUE,TRUE
"cg14686780_BC21",TRUE,TRUE
"cg24010371_TC21",TRUE,TRUE
"cg02420003_BC21",TRUE,TRUE
"cg23709506_BC21",TRUE,TRUE
"cg02575605_BC21",TRUE,TRUE
"cg26563723_BC21",TRUE,TRUE
"cg07274720_BC21",TRUE,TRUE
"cg04879995_BC21",TRUE,TRUE
"cg09855997_BC21",TRUE,TRUE
"cg05636896_TC21",TRUE,TRUE
"cg01005786_BC21",TRUE,TRUE
"cg24728997_BC21",TRUE,TRUE
"cg08429213_TC21",TRUE,TRUE
"cg26622657_BC21",TRUE,TRUE
"cg13432403_TC21",TRUE,TRUE
"cg18315788_TC21",TRUE,TRUE
"cg16913838_BC21",TRUE,TRUE
"cg02406633_TC21",TRUE,TRUE
"cg12918445_BC21",TRUE,TRUE
"cg15018447_TC21",TRUE,TRUE
"cg07325913_BC21",TRUE,TRUE
"cg06823203_TC21",TRUE,TRUE
"cg22741743_TC21",TRUE,TRUE
"cg11907027_TC21",TRUE,TRUE
"cg17327997_TC21",TRUE,TRUE
"cg09901823_BC21",TRUE,TRUE
"cg20020139_BC21",TRUE,TRUE
"cg10939286_BC21",TRUE,TRUE
"cg20455967_BC21",TRUE,TRUE
"cg19125268_BC21",TRUE,TRUE
"cg26801880_TC21",TRUE,TRUE
"cg24965660_TC21",TRUE,TRUE
"cg07117444_TC21",TRUE,TRUE
"cg13258697_BC21",TRUE,TRUE
"cg05188645_BC21",TRUE,TRUE
"cg14373857_BC21",TRUE,TRUE
"cg20626339_BC21",TRUE,TRUE
"cg02869861_TC21",TRUE,TRUE
"cg19315838_TC21",TRUE,TRUE
"cg15009835_BC21",TRUE,TRUE
"cg10946440_TC21",TRUE,TRUE
"cg22715629_TC21",TRUE,TRUE
"cg10321370_TC21",TRUE,TRUE
"cg15519318_BC21",TRUE,TRUE
"cg18348616_BC21",TRUE,TRUE
"cg11122773_BC21",TRUE,TRUE
"cg00661096_TC21",TRUE,TRUE
"cg07488410_BC21",TRUE,TRUE
"cg04211779_TC21",TRUE,TRUE
"cg07794170_BC21",TRUE,TRUE
"cg20315807_TC21",TRUE,TRUE
"cg25435622_TC21",TRUE,TRUE
"cg14935726_TC21",TRUE,TRUE
"cg22048601_BC21",TRUE,TRUE
"cg07785144_BC21",TRUE,TRUE
"cg09012637_TC21",TRUE,TRUE
"cg17532812_BC21",TRUE,TRUE
"cg01422127_BC21",TRUE,TRUE
"cg20611115_BC21",TRUE,TRUE
"cg22004547_BC21",TRUE,TRUE
"cg12941588_BC21",TRUE,TRUE
"cg02282594_BC21",TRUE,TRUE
"cg16373938_TC21",TRUE,TRUE
"cg20714971_BC21",TRUE,TRUE
"cg17541903_BC21",TRUE,TRUE
"cg12269544_BC21",TRUE,TRUE
"cg19217890_TC21",TRUE,TRUE
"cg26625378_TC21",TRUE,TRUE
"cg07759308_BC21",TRUE,TRUE
"cg06300849_TC21",TRUE,TRUE
"cg11780411_BC21",TRUE,TRUE
"cg00645154_BC21",TRUE,TRUE
"cg09168698_TC21",TRUE,TRUE
"cg22865494_BC21",TRUE,TRUE
"cg18906435_TC21",TRUE,TRUE
"cg03172945_BC21",TRUE,TRUE
"cg15528164_BC21",TRUE,TRUE
"cg07461352_BC21",TRUE,TRUE
"cg00528241_BC21",TRUE,TRUE
"cg04888498_BC21",TRUE,TRUE
"cg24421822_TC21",TRUE,TRUE
"cg04954013_TC21",TRUE,TRUE
"cg26833577_BC21",TRUE,TRUE
"cg24384830_BC21",TRUE,TRUE
"cg10121955_TC21",TRUE,TRUE
"cg02601082_BC21",TRUE,TRUE
"cg04456664_TC21",TRUE,TRUE
"cg06774726_TC21",TRUE,TRUE
"cg10336014_BC21",TRUE,TRUE
"cg08110606_BC21",TRUE,TRUE
"cg02717896_TC21",TRUE,TRUE
"cg22423520_BC21",TRUE,TRUE
"cg22830633_BC21",TRUE,TRUE
"cg09085411_BC21",TRUE,TRUE
"cg23773812_BC21",TRUE,TRUE
"cg16553389_BC21",TRUE,TRUE
"cg14965244_TC21",TRUE,TRUE
"cg04745703_BC21",TRUE,TRUE
"cg11795037_TC21",TRUE,TRUE
"cg10130901_BC21",TRUE,TRUE
"cg02570900_BC21",TRUE,TRUE
"cg07640697_BC21",TRUE,TRUE
"cg08719572_BC21",TRUE,TRUE
"cg19456318_BC21",TRUE,TRUE
"cg03868966_BC21",TRUE,TRUE
"cg23688819_BC21",TRUE,TRUE
"cg19583982_BC21",TRUE,TRUE
"cg18882706_TC21",TRUE,TRUE
"cg10530871_TC21",TRUE,TRUE
"cg19851529_TC21",TRUE,TRUE
"cg00245685_TC21",TRUE,TRUE
"cg12638060_BC21",TRUE,TRUE
"cg11316077_BC21",TRUE,TRUE
"cg17776881_BC21",TRUE,TRUE
"cg19504063_BC21",TRUE,TRUE
"cg00654360_BC21",TRUE,TRUE
"cg24269009_TC21",TRUE,TRUE
"cg22379635_TC21",TRUE,TRUE
"cg07347224_TC21",TRUE,TRUE
"cg26804258_BC21",TRUE,TRUE
"cg23331664_TC21",TRUE,TRUE
"cg13319580_TC21",TRUE,TRUE
"cg16529999_TC21",TRUE,TRUE
"cg17232606_BC21",TRUE,TRUE
"cg19655142_BC21",TRUE,TRUE
"cg18191270_BC21",TRUE,TRUE
"cg23163482_BC21",TRUE,TRUE
"cg11774650_TC21",TRUE,TRUE
"cg21395252_TC21",TRUE,TRUE
"cg05585818_TC21",TRUE,TRUE
"cg14888864_TC21",TRUE,TRUE
"cg12600205_TC21",TRUE,TRUE
"cg04438919_TC21",TRUE,TRUE
"cg23537654_TC21",TRUE,TRUE
"cg22696210_BC21",TRUE,TRUE
"cg10188991_BC21",TRUE,TRUE
"cg07333763_BC21",TRUE,TRUE
"cg07697265_BC21",TRUE,TRUE
"cg09268744_TC21",TRUE,TRUE
"cg22610549_BC21",TRUE,TRUE
"cg12808180_TC21",TRUE,TRUE
"cg22403534_BC21",TRUE,TRUE
"cg09374028_BC21",TRUE,TRUE
"cg06140667_TC21",TRUE,TRUE
"cg11201308_TC21",TRUE,TRUE
"cg00923686_BC21",TRUE,TRUE
"cg04608401_BC21",TRUE,TRUE
"cg27260495_TC21",TRUE,TRUE
"cg15268162_BC21",TRUE,TRUE
"cg02656905_TC21",TRUE,TRUE
"cg26271567_BC21",TRUE,TRUE
"cg15518186_BC21",TRUE,TRUE
"cg15680999_BC21",TRUE,TRUE
"cg16479910_BC21",TRUE,TRUE
"cg03562919_TC21",TRUE,TRUE
"cg15405059_BC21",TRUE,TRUE
"cg19110327_BC21",TRUE,TRUE
"cg02881683_BC21",TRUE,TRUE
"cg22256082_BC21",TRUE,TRUE
"cg02385799_TC21",TRUE,TRUE
"cg09416326_BC21",TRUE,TRUE
"cg14530623_BC21",TRUE,TRUE
"cg02792375_BC21",TRUE,TRUE
"cg17704549_TC21",TRUE,TRUE
"cg21260082_BC21",TRUE,TRUE
"cg09876494_BC21",TRUE,TRUE
"cg00543286_TC21",TRUE,TRUE
"cg05272661_BC21",TRUE,TRUE
"cg15878673_BC21",TRUE,TRUE
"cg26714735_TC21",TRUE,TRUE
"cg08957187_TC21",TRUE,TRUE
"cg06926741_TC21",TRUE,TRUE
"cg18605642_TC21",TRUE,TRUE
"cg09194646_BC21",TRUE,TRUE
"cg08385832_BC21",TRUE,TRUE
"cg12812456_BC21",TRUE,TRUE
"cg12943692_BC21",TRUE,TRUE
"cg17466178_BC21",TRUE,TRUE
"cg19122030_TC21",TRUE,TRUE
"cg03851946_TC21",TRUE,TRUE
"cg00685703_BC21",TRUE,TRUE
"cg07863882_BC21",TRUE,TRUE
"cg14887449_BC21",TRUE,TRUE
"cg16211660_BC21",TRUE,TRUE
"cg08492041_BC21",TRUE,TRUE
"cg04864372_TC21",TRUE,TRUE
"cg13053533_BC21",TRUE,TRUE
"cg16992039_BC21",TRUE,TRUE
"cg05916811_BC21",TRUE,TRUE
"cg07544956_BC21",TRUE,TRUE
"cg26571372_TC21",TRUE,TRUE
"cg27653491_TC21",TRUE,TRUE
"cg03646270_TC21",TRUE,TRUE
"cg20957637_BC21",TRUE,TRUE
"cg12761885_BC21",TRUE,TRUE
"cg04116931_TC21",TRUE,TRUE
"cg12872410_BC21",TRUE,TRUE
"cg22730334_TC21",TRUE,TRUE
"cg04945586_BC21",TRUE,TRUE
"cg21851186_TC21",TRUE,TRUE
"cg20942304_BC21",TRUE,TRUE
"cg26781707_TC21",TRUE,TRUE
"cg13160333_BC21",TRUE,TRUE
"cg05314363_TC21",TRUE,TRUE
"cg01398801_TC21",TRUE,TRUE
"cg17578275_TC21",TRUE,TRUE
"cg23372016_BC21",TRUE,TRUE
"cg07878570_TC21",TRUE,TRUE
"cg21624697_BC21",TRUE,TRUE
"cg22411731_BC21",TRUE,TRUE
"cg25879000_BC21",TRUE,TRUE
"cg25792837_BC21",TRUE,TRUE
"cg19057825_TC21",TRUE,TRUE
"cg13133297_TC21",TRUE,TRUE
"cg25820286_BC21",TRUE,TRUE
"cg22148283_BC21",TRUE,TRUE
"cg06186910_TC21",TRUE,TRUE
"cg12869263_BC21",TRUE,TRUE
"cg07551707_BC21",TRUE,TRUE
"cg22504837_TC21",TRUE,TRUE
"cg16668652_TC21",TRUE,TRUE
"cg26010943_BC21",TRUE,TRUE
"cg00993050_TC21",TRUE,TRUE
"cg19703205_BC21",TRUE,TRUE
"cg10333274_TC21",TRUE,TRUE
"cg11564488_BC21",TRUE,TRUE
"cg18306630_TC21",TRUE,TRUE
"cg27381845_TC21",TRUE,TRUE
"cg00963635_BC21",TRUE,TRUE
"cg24888833_BC21",TRUE,TRUE
"cg08655658_BC21",TRUE,TRUE
"cg24866686_BC21",TRUE,TRUE
"cg23691754_TC21",TRUE,TRUE
"cg19741800_BC21",TRUE,TRUE
"cg17029207_TC21",TRUE,TRUE
"cg02265440_BC21",TRUE,TRUE
"cg11193350_BC21",TRUE,TRUE
"cg22378856_TC21",TRUE,TRUE
"cg07163619_TC21",TRUE,TRUE
"cg23944902_BC21",TRUE,TRUE
"cg07417094_BC21",TRUE,TRUE
"cg12916118_BC21",TRUE,TRUE
"cg14455142_BC21",TRUE,TRUE
"cg14818653_TC21",TRUE,TRUE
"cg19651767_BC21",TRUE,TRUE
"cg19734747_BC21",TRUE,TRUE
"cg06808196_BC21",TRUE,TRUE
"cg25855710_TC21",TRUE,TRUE
"cg01123243_TC21",TRUE,TRUE
"cg06943022_TC21",TRUE,TRUE
"cg09184995_TC21",TRUE,TRUE
"cg22001761_TC21",TRUE,TRUE
"cg15867800_TC21",TRUE,TRUE
"cg26620670_TC21",TRUE,TRUE
"cg16327885_BC21",TRUE,TRUE
"cg18994632_BC21",TRUE,TRUE
"cg14332866_TC21",TRUE,TRUE
"cg03301339_TC21",TRUE,TRUE
"cg06895885_BC21",TRUE,TRUE
"cg27620417_BC21",TRUE,TRUE
"cg05433426_BC21",TRUE,TRUE
"cg07565023_BC21",TRUE,TRUE
"cg11910459_TC21",TRUE,TRUE
"cg11479374_TC21",TRUE,TRUE
"cg21353034_TC21",TRUE,TRUE
"cg09411128_TC21",TRUE,TRUE
"cg00271171_TC21",TRUE,TRUE
"cg27365571_TC21",TRUE,TRUE
"cg23967605_TC21",TRUE,TRUE
"cg10267097_TC21",TRUE,TRUE
"cg08909553_TC21",TRUE,TRUE
"cg11596302_BC21",TRUE,TRUE
"cg25872116_BC21",TRUE,TRUE
"cg20233729_TC21",TRUE,TRUE
"cg12325120_BC21",TRUE,TRUE
"cg15699121_BC21",TRUE,TRUE
"cg02544946_BC21",TRUE,TRUE
"cg09271591_BC21",TRUE,TRUE
"cg17050062_BC21",TRUE,TRUE
"cg17234888_BC21",TRUE,TRUE
"cg08038988_TC21",TRUE,TRUE
"cg21180839_BC21",TRUE,TRUE
"cg17796599_BC21",TRUE,TRUE
"cg02453376_BC21",TRUE,TRUE
"cg26542838_TC21",TRUE,TRUE
"cg15883239_TC21",TRUE,TRUE
"cg24948711_BC21",TRUE,TRUE
"cg04706887_TC21",TRUE,TRUE
"cg06294578_TC21",TRUE,TRUE
"cg10977392_TC21",TRUE,TRUE
"cg08504873_BC21",TRUE,TRUE
"cg16143430_TC21",TRUE,TRUE
"cg08568083_TC21",TRUE,TRUE
"cg02504810_BC21",TRUE,TRUE
"cg21647498_BC21",TRUE,TRUE
"cg05522497_BC21",TRUE,TRUE
"cg12140596_BC21",TRUE,TRUE
"cg07276608_BC21",TRUE,TRUE
"cg00009352_BC21",TRUE,TRUE
"cg11680587_BC21",TRUE,TRUE
"cg17610751_TC21",TRUE,TRUE
"cg20963646_TC21",TRUE,TRUE
"cg10154739_BC21",TRUE,TRUE
"cg09280427_TC21",TRUE,TRUE
"cg18582766_TC21",TRUE,TRUE
"cg25661926_BC21",TRUE,TRUE
"cg26846755_TC21",TRUE,TRUE
"cg23320464_TC21",TRUE,TRUE
"cg22456809_BC21",TRUE,TRUE
"cg16407901_BC21",TRUE,TRUE
"cg17618902_BC21",TRUE,TRUE
"cg17269398_TC21",TRUE,TRUE
"cg07748723_TC21",TRUE,TRUE
"cg22235387_BC21",TRUE,TRUE
"cg01713733_TC21",TRUE,TRUE
"cg01469599_BC21",TRUE,TRUE
"cg21855257_BC21",TRUE,TRUE
"cg19728394_TC21",TRUE,TRUE
"cg21144872_TC21",TRUE,TRUE
"cg08867461_BC21",TRUE,TRUE
"cg20500783_TC21",TRUE,TRUE
"cg02671903_TC21",TRUE,TRUE
"cg26957267_TC21",TRUE,TRUE
"cg01044542_TC21",TRUE,TRUE
"cg25620256_BC21",TRUE,TRUE
"cg14551984_TC21",TRUE,TRUE
"cg01639960_TC21",TRUE,TRUE
"cg22820460_BC21",TRUE,TRUE
"cg19657844_TC21",TRUE,TRUE
"cg11355340_BC21",TRUE,TRUE
"cg05290021_BC21",TRUE,TRUE
"cg08698035_TC21",TRUE,TRUE
"cg04492396_BC21",TRUE,TRUE
"cg07950265_TC21",TRUE,TRUE
"cg25946690_TC21",TRUE,TRUE
"cg24270082_TC21",TRUE,TRUE
"cg11145926_TC21",TRUE,TRUE
"cg27259371_BC21",TRUE,TRUE
"cg19536918_BC21",TRUE,TRUE
"cg09380362_TC21",TRUE,TRUE
"cg24085171_TC21",TRUE,TRUE
"cg15364224_TC21",TRUE,TRUE
"cg26192700_BC21",TRUE,TRUE
"cg25871387_TC21",TRUE,TRUE
"cg04535533_BC21",TRUE,TRUE
"cg07960289_TC21",TRUE,TRUE
"cg22244427_TC21",TRUE,TRUE
"cg25684480_TC21",TRUE,TRUE
"cg16721348_BC21",TRUE,TRUE
"cg22650260_TC21",TRUE,TRUE
"cg00375389_BC21",TRUE,TRUE
"cg19836592_TC21",TRUE,TRUE
"cg26711093_BC21",TRUE,TRUE
"cg09234453_BC21",TRUE,TRUE
"cg11418745_TC21",TRUE,TRUE
"cg07007537_BC21",TRUE,TRUE
"cg10403691_TC21",TRUE,TRUE
"cg01301587_TC21",TRUE,TRUE
"cg06612034_BC21",TRUE,TRUE
"cg16565667_BC21",TRUE,TRUE
"cg24186179_TC21",TRUE,TRUE
"cg04026002_BC21",TRUE,TRUE
"cg18930027_TC21",TRUE,TRUE
"cg25656142_TC21",TRUE,TRUE
"cg01062859_TC21",TRUE,TRUE
"cg20546464_BC21",TRUE,TRUE
"cg17895463_BC21",TRUE,TRUE
"cg12101874_TC21",TRUE,TRUE
"cg11879025_BC21",TRUE,TRUE
"cg10905330_BC21",TRUE,TRUE
"cg24910743_BC21",TRUE,TRUE
"cg09173530_BC21",TRUE,TRUE
"cg19588948_TC21",TRUE,TRUE
"cg06499010_BC21",TRUE,TRUE
"cg17904704_BC21",TRUE,TRUE
"cg03702073_BC21",TRUE,TRUE
"cg21287757_BC21",TRUE,TRUE
"cg17302324_BC21",TRUE,TRUE
"cg03821312_TC21",TRUE,TRUE
"cg09050030_BC21",TRUE,TRUE
"cg24417482_TC21",TRUE,TRUE
"cg18390659_TC21",TRUE,TRUE
"cg26917012_TC21",TRUE,TRUE
"cg14248811_BC21",TRUE,TRUE
"cg17596316_BC21",TRUE,TRUE
"cg06081272_BC21",TRUE,TRUE
"cg12588653_TC21",TRUE,TRUE
"cg18510933_BC21",TRUE,TRUE
"cg01254501_TC21",TRUE,TRUE
"cg04971174_TC21",TRUE,TRUE
"cg20152415_BC21",TRUE,TRUE
"cg22046151_TC21",TRUE,TRUE
"cg08122751_TC21",TRUE,TRUE
"cg10870009_TC21",TRUE,TRUE
"cg24467452_TC21",TRUE,TRUE
"cg18481246_TC21",TRUE,TRUE
"cg07322397_TC21",TRUE,TRUE
"cg20125706_BC21",TRUE,TRUE
"cg20900466_TC21",TRUE,TRUE
"cg05740473_TC21",TRUE,TRUE
"cg21187007_TC21",TRUE,TRUE
"cg01459180_TC21",TRUE,TRUE
"cg11864690_BC21",TRUE,TRUE
"cg18226513_TC21",TRUE,TRUE
"cg16867962_TC21",TRUE,TRUE
"cg23682214_BC21",TRUE,TRUE
"cg01082288_TC21",TRUE,TRUE
"cg07334009_TC21",TRUE,TRUE
"cg16546551_TC21",TRUE,TRUE
"cg07136602_BC21",TRUE,TRUE
"cg26137999_TC21",TRUE,TRUE
"cg17773808_TC21",TRUE,TRUE
"cg20737582_BC21",TRUE,TRUE
"cg13981496_TC21",TRUE,TRUE
"cg08650339_TC21",TRUE,TRUE
"cg25240944_BC21",TRUE,TRUE
"cg23690053_BC21",TRUE,TRUE
"cg13202016_BC21",TRUE,TRUE
"cg08626679_TC21",TRUE,TRUE
"cg12995701_TC21",TRUE,TRUE
"cg07174249_BC21",TRUE,TRUE
"cg09922808_TC21",TRUE,TRUE
"cg20222595_BC21",TRUE,TRUE
"cg21302876_BC21",TRUE,TRUE
"cg10407763_TC21",TRUE,TRUE
"cg17061354_TC21",TRUE,TRUE
"cg06548737_BC21",TRUE,TRUE
"cg13704845_TC21",TRUE,TRUE
"cg21633620_BC21",TRUE,TRUE
"cg25237417_TC21",TRUE,TRUE
"cg03888275_BC21",TRUE,TRUE
"cg09714595_TC21",TRUE,TRUE
"cg15883070_BC21",TRUE,TRUE
"cg09762913_TC21",TRUE,TRUE
"cg00368414_TC21",TRUE,TRUE
"cg12568115_BC21",TRUE,TRUE
"cg26550627_TC21",TRUE,TRUE
"cg11452700_BC21",TRUE,TRUE
"cg15296799_TC21",TRUE,TRUE
"cg03607287_BC21",TRUE,TRUE
"cg23962789_BC21",TRUE,TRUE
"cg19701195_TC21",TRUE,TRUE
"cg06281621_BC21",TRUE,TRUE
"cg00791621_BC21",TRUE,TRUE
"cg21797762_BC21",TRUE,TRUE
"cg12131903_BC21",TRUE,TRUE
"cg15802792_BC21",TRUE,TRUE
"cg08003958_BC21",TRUE,TRUE
"cg00706914_BC21",TRUE,TRUE
"cg21595920_BC21",TRUE,TRUE
"cg21035002_BC21",TRUE,TRUE
"cg02968805_BC21",TRUE,TRUE
"cg23353828_TC21",TRUE,TRUE
"cg25828374_TC21",TRUE,TRUE
"cg05882365_BC21",TRUE,TRUE
"cg18224401_BC21",TRUE,TRUE
"cg20081082_BC21",TRUE,TRUE
"cg26712948_TC21",TRUE,TRUE
"cg04051309_BC21",TRUE,TRUE
"cg27022228_TC21",TRUE,TRUE
"cg25281671_TC21",TRUE,TRUE
"cg26790635_BC21",TRUE,TRUE
"cg14457850_TC21",TRUE,TRUE
"cg04738210_BC21",TRUE,TRUE
"cg19807476_TC21",TRUE,TRUE
"cg16534154_BC21",TRUE,TRUE
"cg19015987_BC21",TRUE,TRUE
"cg21637568_BC21",TRUE,TRUE
"cg05341234_TC21",TRUE,TRUE
"cg22736335_TC21",TRUE,TRUE
"cg20969965_BC21",TRUE,TRUE
"cg20004380_BC21",TRUE,TRUE
"cg03460053_TC21",TRUE,TRUE
"cg19114006_BC21",TRUE,TRUE
"cg20202267_TC21",TRUE,TRUE
"cg01229100_TC21",TRUE,TRUE
"cg08490149_BC21",TRUE,TRUE
"cg14809100_TC21",TRUE,TRUE
"cg26575584_TC21",TRUE,TRUE
"cg10756181_TC21",TRUE,TRUE
"cg27287834_BC21",TRUE,TRUE
"cg06990358_BC21",TRUE,TRUE
"cg17089509_TC21",TRUE,TRUE
"cg20105717_TC21",TRUE,TRUE
"cg09270391_BC21",TRUE,TRUE
"cg15723915_BC21",TRUE,TRUE
"cg12990918_TC21",TRUE,TRUE
"cg11767956_BC21",TRUE,TRUE
"cg01611587_TC21",TRUE,TRUE
"cg07736625_TC21",TRUE,TRUE
"cg17479757_BC21",TRUE,TRUE
"cg18471200_TC21",TRUE,TRUE
"cg19097573_TC21",TRUE,TRUE
"cg21499486_BC21",TRUE,TRUE
"cg19169465_TC21",TRUE,TRUE
"cg00279814_TC21",TRUE,TRUE
"cg20452453_BC21",TRUE,TRUE
"cg08558272_TC21",TRUE,TRUE
"cg12960581_BC21",TRUE,TRUE
"cg11980927_BC21",TRUE,TRUE
"cg09821075_TC21",TRUE,TRUE
"cg04700229_TC21",TRUE,TRUE
"cg26137217_BC21",TRUE,TRUE
"cg02202377_TC21",TRUE,TRUE
"cg21276620_TC21",TRUE,TRUE
"cg00729060_BC21",TRUE,TRUE
"cg25991139_BC21",TRUE,TRUE
"cg09823091_BC21",TRUE,TRUE
"cg08926077_BC21",TRUE,TRUE
"cg15568022_BC21",TRUE,TRUE
"cg03758171_BC21",TRUE,TRUE
"cg04353150_TC21",TRUE,TRUE
"cg05820986_BC21",TRUE,TRUE
"cg17786993_TC21",TRUE,TRUE
"cg24356626_BC21",TRUE,TRUE
"cg10215684_TC21",TRUE,TRUE
"cg21721910_TC21",TRUE,TRUE
"cg07050022_TC21",TRUE,TRUE
"cg21813567_BC21",TRUE,TRUE
"cg02054959_BC21",TRUE,TRUE
"cg24671090_TC21",TRUE,TRUE
"cg05986449_TC21",TRUE,TRUE
"cg02957147_TC21",TRUE,TRUE
"cg25189981_TC21",TRUE,TRUE
"cg14400088_BC21",TRUE,TRUE
"cg07610825_TC21",TRUE,TRUE
"cg09241617_TC21",TRUE,TRUE
"cg00729539_TC21",TRUE,TRUE
"cg20432810_BC21",TRUE,TRUE
"cg16173443_TC21",TRUE,TRUE
"cg18643416_TC21",TRUE,TRUE
"cg06179934_BC21",TRUE,TRUE
"cg09140676_BC21",TRUE,TRUE
"cg04298738_BC21",TRUE,TRUE
"cg20939301_TC21",TRUE,TRUE
"cg17630079_BC21",TRUE,TRUE
"cg06640099_BC21",TRUE,TRUE
"cg06957867_TC21",TRUE,TRUE
"cg03081744_TC21",TRUE,TRUE
"cg00203621_BC21",TRUE,TRUE
"cg03171800_TC21",TRUE,TRUE
"cg12756183_BC21",TRUE,TRUE
"cg19592072_BC21",TRUE,TRUE
"cg05199333_BC21",TRUE,TRUE
"cg18175291_BC21",TRUE,TRUE
"cg04938430_BC21",TRUE,TRUE
"cg13129404_TC21",TRUE,TRUE
"cg12822350_BC21",TRUE,TRUE
"cg12919759_BC21",TRUE,TRUE
"cg07425086_TC21",TRUE,TRUE
"cg13321415_BC21",TRUE,TRUE
"cg01266362_TC21",TRUE,TRUE
"cg10526628_BC21",TRUE,TRUE
"cg05944124_TC21",TRUE,TRUE
"cg09215601_TC21",TRUE,TRUE
"cg09129162_BC21",TRUE,TRUE
"cg02140004_BC21",TRUE,TRUE
"cg22734849_BC21",TRUE,TRUE
"cg20332756_BC21",TRUE,TRUE
"cg14485212_TC21",TRUE,TRUE
"cg12318805_TC21",TRUE,TRUE
"cg19455034_BC21",TRUE,TRUE
"cg09082773_BC21",TRUE,TRUE
"cg20447485_TC21",TRUE,TRUE
"cg08690656_BC21",TRUE,TRUE
"cg07180616_TC21",TRUE,TRUE
"cg14996640_BC21",TRUE,TRUE
"cg10978274_TC21",TRUE,TRUE
"cg13076535_TC21",TRUE,TRUE
"cg03364396_BC21",TRUE,TRUE
"cg16995628_TC21",TRUE,TRUE
"cg20499663_BC21",TRUE,TRUE
"cg15722196_BC21",TRUE,TRUE
"cg18084442_TC21",TRUE,TRUE
"cg11708417_TC21",TRUE,TRUE
"cg08219131_BC21",TRUE,TRUE
"cg04585475_TC21",TRUE,TRUE
"cg19894350_TC21",TRUE,TRUE
"cg07719139_TC21",TRUE,TRUE
"cg03741869_BC21",TRUE,TRUE
"cg06945618_TC21",TRUE,TRUE
"cg05578152_BC21",TRUE,TRUE
"cg01597689_BC21",TRUE,TRUE
"cg23438384_BC21",TRUE,TRUE
"cg08253518_TC21",TRUE,TRUE
"cg00645078_BC21",TRUE,TRUE
"cg05164374_TC21",TRUE,TRUE
"cg10607974_BC21",TRUE,TRUE
"cg03247360_BC21",TRUE,TRUE
"cg08037430_BC21",TRUE,TRUE
"cg09754508_BC21",TRUE,TRUE
"cg25346873_TC21",TRUE,TRUE
"cg22088506_BC21",TRUE,TRUE
"cg20653311_TC21",TRUE,TRUE
"cg05675338_TC21",TRUE,TRUE
"cg26128572_BC21",TRUE,TRUE
"cg17413472_TC21",TRUE,TRUE
"cg01185767_BC21",TRUE,TRUE
"cg14147807_BC21",TRUE,TRUE
"cg08497835_BC21",TRUE,TRUE
"cg10804907_TC21",TRUE,TRUE
"cg14524567_BC21",TRUE,TRUE
"cg10393857_TC21",TRUE,TRUE
"cg10971933_BC21",TRUE,TRUE
"cg09608141_BC21",TRUE,TRUE
"cg10369474_BC21",TRUE,TRUE
"cg11663482_BC21",TRUE,TRUE
"cg05392610_BC21",TRUE,TRUE
"cg19711916_BC21",TRUE,TRUE
"cg05214409_TC21",TRUE,TRUE
"cg17585208_TC21",TRUE,TRUE
"cg12627880_BC21",TRUE,TRUE
"cg01340757_TC21",TRUE,TRUE
"cg15677188_TC21",TRUE,TRUE
"cg19953253_BC21",TRUE,TRUE
"cg22009376_TC21",TRUE,TRUE
"cg11044846_TC21",TRUE,TRUE
"cg04512340_TC21",TRUE,TRUE
"cg26141484_TC21",TRUE,TRUE
"cg05874329_TC21",TRUE,TRUE
"cg06656092_BC21",TRUE,TRUE
"cg09557365_BC21",TRUE,TRUE
"cg12091645_BC21",TRUE,TRUE
"cg09036354_TC21",TRUE,TRUE
"cg23642613_BC21",TRUE,TRUE
"cg03810680_BC21",TRUE,TRUE
"cg07969505_TC21",TRUE,TRUE
"cg06703331_BC21",TRUE,TRUE
"cg02597333_TC21",TRUE,TRUE
"cg02304354_TC21",TRUE,TRUE
"cg26002672_TC21",TRUE,TRUE
"cg09412344_BC21",TRUE,TRUE
"cg02217289_BC21",TRUE,TRUE
"cg08534524_BC21",TRUE,TRUE
"cg08777477_BC21",TRUE,TRUE
"cg03058066_BC21",TRUE,TRUE
"cg21258529_BC21",TRUE,TRUE
"cg18622982_BC21",TRUE,TRUE
"cg16127119_BC21",TRUE,TRUE
"cg04382302_BC21",TRUE,TRUE
"cg17232322_BC21",TRUE,TRUE
"cg04150707_BC21",TRUE,TRUE
"cg24233264_BC21",TRUE,TRUE
"cg19465823_TC21",TRUE,TRUE
"cg17338041_TC21",TRUE,TRUE
"cg21602318_BC21",TRUE,TRUE
"cg04088477_BC21",TRUE,TRUE
"cg08069775_BC21",TRUE,TRUE
"cg04294154_TC21",TRUE,TRUE
"cg12007592_BC21",TRUE,TRUE
"cg17722441_TC21",TRUE,TRUE
"cg09160330_BC21",TRUE,TRUE
"cg26767237_BC21",TRUE,TRUE
"cg08292252_BC21",TRUE,TRUE
"cg14838562_BC21",TRUE,TRUE
"cg14288249_TC21",TRUE,TRUE
"cg25595531_TC21",TRUE,TRUE
"cg20775731_BC21",TRUE,TRUE
"cg09346854_TC21",TRUE,TRUE
"cg02281271_TC21",TRUE,TRUE
"cg17878199_TC21",TRUE,TRUE
"cg17341412_TC21",TRUE,TRUE
"cg14486250_TC21",TRUE,TRUE
"cg10724635_BC21",TRUE,TRUE
"cg05047191_TC21",TRUE,TRUE
"cg08491105_TC21",TRUE,TRUE
"cg16659298_BC21",TRUE,TRUE
"cg10418991_BC21",TRUE,TRUE
"cg04440119_TC21",TRUE,TRUE
"cg11628017_TC21",TRUE,TRUE
"cg17244351_BC21",TRUE,TRUE
"cg11653125_TC21",TRUE,TRUE
"cg15672365_BC21",TRUE,TRUE
"cg12929493_BC21",TRUE,TRUE
"cg25357185_BC21",TRUE,TRUE
"cg09028799_BC21",TRUE,TRUE
"cg07378239_BC21",TRUE,TRUE
"cg12901186_BC21",TRUE,TRUE
"cg06769875_BC21",TRUE,TRUE
"cg16380053_BC21",TRUE,TRUE
"cg09701162_BC21",TRUE,TRUE
"cg14149660_BC21",TRUE,TRUE
"cg23522166_BC21",TRUE,TRUE
"cg18442282_BC21",TRUE,TRUE
"cg10955144_BC21",TRUE,TRUE
"cg22229496_TC21",TRUE,TRUE
"cg24351451_BC21",TRUE,TRUE
"cg20365257_TC21",TRUE,TRUE
"cg03309804_BC21",TRUE,TRUE
"cg03546739_BC21",TRUE,TRUE
"cg06007106_TC21",TRUE,TRUE
"cg21580594_TC21",TRUE,TRUE
"cg15997977_TC21",TRUE,TRUE
"cg27333297_BC21",TRUE,TRUE
"cg15568276_TC21",TRUE,TRUE
"cg12100178_TC21",TRUE,TRUE
"cg11353993_TC21",TRUE,TRUE
"cg07025714_BC21",TRUE,TRUE
"cg06607022_TC21",TRUE,TRUE
"cg04982938_BC21",TRUE,TRUE
"cg00394381_TC21",TRUE,TRUE
"cg25328450_BC21",TRUE,TRUE
"cg07514156_TC21",TRUE,TRUE
"cg22772151_TC21",TRUE,TRUE
"cg02909936_TC21",TRUE,TRUE
"cg26313670_BC21",TRUE,TRUE
"cg16274532_TC21",TRUE,TRUE
"cg02683125_BC21",TRUE,TRUE
"cg24460045_TC21",TRUE,TRUE
"cg04747406_TC21",TRUE,TRUE
"cg12808028_TC21",TRUE,TRUE
"cg00151102_TC21",TRUE,TRUE
"cg13552721_BC21",TRUE,TRUE
"cg18710214_BC21",TRUE,TRUE
"cg08058514_BC21",TRUE,TRUE
"cg19385767_TC21",TRUE,TRUE
"cg09150734_TC21",TRUE,TRUE
"cg20334194_BC21",TRUE,TRUE
"cg17462551_BC21",TRUE,TRUE
"cg16567023_BC21",TRUE,TRUE
"cg19956402_BC21",TRUE,TRUE
"cg23305991_TC21",TRUE,TRUE
"cg14164397_BC21",TRUE,TRUE
"cg21180234_TC21",TRUE,TRUE
"cg11010475_TC21",TRUE,TRUE
"cg08024668_TC21",TRUE,TRUE
"cg20441661_BC21",TRUE,TRUE
"cg10154200_BC21",TRUE,TRUE
"cg20263349_BC21",TRUE,TRUE
"cg10291276_BC21",TRUE,TRUE
"cg25866254_TC21",TRUE,TRUE
"cg25690905_BC21",TRUE,TRUE
"cg08626174_BC21",TRUE,TRUE
"cg20104384_TC21",TRUE,TRUE
"cg22550255_TC21",TRUE,TRUE
"cg11728223_TC21",TRUE,TRUE
"cg05483958_TC21",TRUE,TRUE
"cg17075588_BC21",TRUE,TRUE
"cg12513509_TC21",TRUE,TRUE
"cg25274184_BC21",TRUE,TRUE
"cg06715252_TC21",TRUE,TRUE
"cg12744963_BC21",TRUE,TRUE
"cg16129513_TC21",TRUE,TRUE
"cg03227115_BC21",TRUE,TRUE
"cg19008697_BC21",TRUE,TRUE
"cg11223730_BC21",TRUE,TRUE
"cg06771434_TC21",TRUE,TRUE
"cg12397897_TC21",TRUE,TRUE
"cg02080274_BC21",TRUE,TRUE
"cg03958427_BC21",TRUE,TRUE
"cg08851376_BC21",TRUE,TRUE
"cg06482574_BC21",TRUE,TRUE
"cg03971505_BC21",TRUE,TRUE
"cg10420726_BC21",TRUE,TRUE
"cg22010271_TC21",TRUE,TRUE
"cg23166181_TC21",TRUE,TRUE
"cg01389693_TC21",TRUE,TRUE
"cg14496708_BC21",TRUE,TRUE
"cg03518815_BC21",TRUE,TRUE
"cg11587926_TC21",TRUE,TRUE
"cg11279080_BC21",TRUE,TRUE
"cg21433192_TC21",TRUE,TRUE
"cg26938849_BC21",TRUE,TRUE
"cg26277902_BC21",TRUE,TRUE
"cg02079804_BC21",TRUE,TRUE
"cg00592233_BC21",TRUE,TRUE
"cg07227077_TC21",TRUE,TRUE
"cg05206807_TC21",TRUE,TRUE
"cg07645183_BC21",TRUE,TRUE
"cg27204614_TC21",TRUE,TRUE
"cg21701501_BC21",TRUE,TRUE
"cg15478128_BC21",TRUE,TRUE
"cg13141665_BC21",TRUE,TRUE
"cg06335351_TC21",TRUE,TRUE
"cg20475085_TC21",TRUE,TRUE
"cg01943200_TC21",TRUE,TRUE
"cg08811976_TC21",TRUE,TRUE
"cg06673020_TC21",TRUE,TRUE
"cg09235118_BC21",TRUE,TRUE
"cg12005275_TC21",TRUE,TRUE
"cg12989936_BC21",TRUE,TRUE
"cg13993272_TC21",TRUE,TRUE
"cg11451614_TC21",TRUE,TRUE
"cg23421251_BC21",TRUE,TRUE
"cg21411331_BC21",TRUE,TRUE
"cg05591801_TC21",TRUE,TRUE
"cg06829864_BC21",TRUE,TRUE
"cg07669107_TC21",TRUE,TRUE
"cg05637194_TC21",TRUE,TRUE
"cg05434324_BC21",TRUE,TRUE
"cg20987964_TC21",TRUE,TRUE
"cg12787665_BC21",TRUE,TRUE
"cg13622673_BC21",TRUE,TRUE
"cg14989105_TC21",TRUE,TRUE
"cg00689133_BC21",TRUE,TRUE
"cg25951697_BC21",TRUE,TRUE
"cg03791826_BC21",TRUE,TRUE
"cg10209225_BC21",TRUE,TRUE
"cg21342536_TC21",TRUE,TRUE
"cg00962228_TC21",TRUE,TRUE
"cg08103138_TC21",TRUE,TRUE
"cg12836825_TC21",TRUE,TRUE
"cg08819643_BC21",TRUE,TRUE
"cg03619790_BC21",TRUE,TRUE
"cg04875637_TC21",TRUE,TRUE
"cg17546126_TC21",TRUE,TRUE
"cg03803677_BC21",TRUE,TRUE
"cg07394538_TC21",TRUE,TRUE
"cg14971026_BC21",TRUE,TRUE
"cg23854219_TC21",TRUE,TRUE
"cg18437368_TC21",TRUE,TRUE
"cg17337010_TC21",TRUE,TRUE
"cg02681675_BC21",TRUE,TRUE
"cg01077499_TC21",TRUE,TRUE
"cg09394134_BC21",TRUE,TRUE
"cg13186811_TC21",TRUE,TRUE
"cg08172177_TC21",TRUE,TRUE
"cg21247263_TC21",TRUE,TRUE
"cg24935223_TC21",TRUE,TRUE
"cg02265835_TC21",TRUE,TRUE
"cg06426275_BC21",TRUE,TRUE
"cg13221622_TC21",TRUE,TRUE
"cg11191185_BC21",TRUE,TRUE
"cg06478104_BC21",TRUE,TRUE
"cg19816618_BC21",TRUE,TRUE
"cg00759426_TC21",TRUE,TRUE
"cg15219332_TC21",TRUE,TRUE
"cg23923357_BC21",TRUE,TRUE
"cg07282728_BC21",TRUE,TRUE
"cg19966595_TC21",TRUE,TRUE
"cg24017453_TC21",TRUE,TRUE
"cg20084552_TC21",TRUE,TRUE
"cg27165942_BC21",TRUE,TRUE
"cg21012312_BC21",TRUE,TRUE
"cg01588362_TC21",TRUE,TRUE
"cg02444760_TC21",TRUE,TRUE
"cg19769877_TC21",TRUE,TRUE
"cg26373643_BC21",TRUE,TRUE
"cg26615497_BC21",TRUE,TRUE
"cg17340262_BC21",TRUE,TRUE
"cg10468550_BC21",TRUE,TRUE
"cg12169855_TC21",TRUE,TRUE
"cg08036763_BC21",TRUE,TRUE
"cg23759400_BC21",TRUE,TRUE
"cg08469825_BC21",TRUE,TRUE
"cg02159635_BC21",TRUE,TRUE
"cg15063568_BC21",TRUE,TRUE
"cg15255898_BC21",TRUE,TRUE
"cg07819778_BC21",TRUE,TRUE
"cg15175135_BC21",TRUE,TRUE
"cg00903453_TC21",TRUE,TRUE
"cg08905653_BC21",TRUE,TRUE
"cg20497183_BC21",TRUE,TRUE
"cg09773990_BC21",TRUE,TRUE
"cg14608731_TC21",TRUE,TRUE
"cg13957186_BC21",TRUE,TRUE
"cg04430503_TC21",TRUE,TRUE
"cg05355138_TC21",TRUE,TRUE
"cg17550100_TC21",TRUE,TRUE
"cg20078262_BC21",TRUE,TRUE
"cg20944390_TC21",TRUE,TRUE
"cg17440573_BC21",TRUE,TRUE
"cg22123267_TC21",TRUE,TRUE
"cg22032017_BC21",TRUE,TRUE
"cg05458224_BC21",TRUE,TRUE
"cg15244506_TC21",TRUE,TRUE
"cg14890660_TC21",TRUE,TRUE
"cg07224992_TC21",TRUE,TRUE
"cg16411695_BC21",TRUE,TRUE
"cg10326472_TC21",TRUE,TRUE
"cg22485926_TC21",TRUE,TRUE
"cg01872032_TC21",TRUE,TRUE
"cg27439289_BC21",TRUE,TRUE
"cg23398028_BC21",TRUE,TRUE
"cg19688844_BC21",TRUE,TRUE
"cg02330475_TC21",TRUE,TRUE
"cg09841631_TC21",TRUE,TRUE
"cg09541801_BC21",TRUE,TRUE
"cg16193862_BC21",TRUE,TRUE
"cg06619035_BC21",TRUE,TRUE
"cg07544925_TC21",TRUE,TRUE
"cg10195768_BC21",TRUE,TRUE
"cg14445962_TC21",TRUE,TRUE
"cg13623543_BC21",TRUE,TRUE
"cg06640868_TC21",TRUE,TRUE
"cg27537099_TC21",TRUE,TRUE
"cg22450574_TC21",TRUE,TRUE
"cg11147745_TC21",TRUE,TRUE
"cg20005344_BC21",TRUE,TRUE
"cg25860678_BC21",TRUE,TRUE
"cg05776520_BC21",TRUE,TRUE
"cg02235255_TC21",TRUE,TRUE
"cg21199754_TC21",TRUE,TRUE
"cg00529656_TC21",TRUE,TRUE
"cg10220284_TC21",TRUE,TRUE
"cg13149454_BC21",TRUE,TRUE
"cg19441342_TC21",TRUE,TRUE
"cg02940989_TC21",TRUE,TRUE
"cg08369498_TC21",TRUE,TRUE
"cg14015757_BC21",TRUE,TRUE
"cg16852740_TC21",TRUE,TRUE
"cg09681594_BC21",TRUE,TRUE
"cg10809725_BC21",TRUE,TRUE
"cg20739576_TC21",TRUE,TRUE
"cg22919149_BC21",TRUE,TRUE
"cg20449313_BC21",TRUE,TRUE
"cg23931088_TC21",TRUE,TRUE
"cg14571773_BC21",TRUE,TRUE
"cg09666508_TC21",TRUE,TRUE
"cg25311522_TC21",TRUE,TRUE
"cg17621701_TC21",TRUE,TRUE
"cg01898770_BC21",TRUE,TRUE
"cg00339240_BC21",TRUE,TRUE
"cg05878797_TC21",TRUE,TRUE
"cg06653422_TC21",TRUE,TRUE
"cg12438532_BC21",TRUE,TRUE
"cg17085774_BC21",TRUE,TRUE
"cg01234333_BC21",TRUE,TRUE
"cg05811595_TC21",TRUE,TRUE
"cg25101462_BC21",TRUE,TRUE
"cg13057725_TC21",TRUE,TRUE
"cg01261035_BC21",TRUE,TRUE
"cg14412160_TC21",TRUE,TRUE
"cg17027730_BC21",TRUE,TRUE
"cg03617411_BC21",TRUE,TRUE
"cg15443266_BC21",TRUE,TRUE
"cg05708605_TC21",TRUE,TRUE
"cg13859654_BC21",TRUE,TRUE
"cg16984992_BC21",TRUE,TRUE
"cg26167518_TC21",TRUE,TRUE
"cg15128003_TC21",TRUE,TRUE
"cg23411885_TC21",TRUE,TRUE
"cg00644322_TC21",TRUE,TRUE
"cg05144042_TC21",TRUE,TRUE
"cg19842958_TC21",TRUE,TRUE
"cg03365024_BC21",TRUE,TRUE
"cg20008870_BC21",TRUE,TRUE
"cg18361781_BC21",TRUE,TRUE
"cg14187777_TC21",TRUE,TRUE
"cg11119266_BC21",TRUE,TRUE
"cg21952258_BC21",TRUE,TRUE
"cg12792318_TC21",TRUE,TRUE
"cg04504559_BC21",TRUE,TRUE
"cg14945052_BC21",TRUE,TRUE
"cg25013488_BC21",TRUE,TRUE
"cg25152925_BC21",TRUE,TRUE
"cg08630978_BC21",TRUE,TRUE
"cg14188831_TC21",TRUE,TRUE
"cg10937306_TC21",TRUE,TRUE
"cg23369455_BC21",TRUE,TRUE
"cg25413661_BC21",TRUE,TRUE
"cg20824134_TC21",TRUE,TRUE
"cg21219745_TC21",TRUE,TRUE
"cg04266774_BC21",TRUE,TRUE
"cg18026995_BC21",TRUE,TRUE
"cg20932268_TC21",TRUE,TRUE
"cg23121447_TC21",TRUE,TRUE
"cg08729690_TC21",TRUE,TRUE
"cg16442670_TC21",TRUE,TRUE
"cg10265865_TC21",TRUE,TRUE
"cg15219905_TC21",TRUE,TRUE
"cg01880156_TC21",TRUE,TRUE
"cg00075726_TC21",TRUE,TRUE
"cg09918525_BC21",TRUE,TRUE
"cg00771309_TC21",TRUE,TRUE
"cg07568086_BC21",TRUE,TRUE
"cg14776162_TC21",TRUE,TRUE
"cg13184896_TC21",TRUE,TRUE
"cg27077770_TC21",TRUE,TRUE
"cg05108024_BC21",TRUE,TRUE
"cg17758992_TC21",TRUE,TRUE
"cg23050219_TC21",TRUE,TRUE
"cg05243498_TC21",TRUE,TRUE
"cg25909708_BC21",TRUE,TRUE
"cg06343288_BC21",TRUE,TRUE
"cg02287445_TC21",TRUE,TRUE
"cg27264614_BC21",TRUE,TRUE
"cg17563268_BC21",TRUE,TRUE
"cg02761084_TC21",TRUE,TRUE
"cg22499342_TC21",TRUE,TRUE
"cg15305552_BC21",TRUE,TRUE
"cg06380188_BC21",TRUE,TRUE
"cg05896659_BC21",TRUE,TRUE
"cg21896357_BC21",TRUE,TRUE
"cg27327253_TC21",TRUE,TRUE
"cg12175090_TC21",TRUE,TRUE
"cg13592417_TC21",TRUE,TRUE
"cg19472358_BC21",TRUE,TRUE
"cg13887050_TC21",TRUE,TRUE
"cg06842319_BC21",TRUE,TRUE
"cg24538813_TC21",TRUE,TRUE
"cg24936154_BC21",TRUE,TRUE
"cg23888024_BC21",TRUE,TRUE
"cg08000746_TC21",TRUE,TRUE
"cg26237812_TC21",TRUE,TRUE
"cg20003668_BC21",TRUE,TRUE
"cg22275446_BC21",TRUE,TRUE
"cg11136662_TC21",TRUE,TRUE
"cg02429814_BC21",TRUE,TRUE
"cg03187988_BC21",TRUE,TRUE
"cg05914874_BC21",TRUE,TRUE
"cg09938425_TC21",TRUE,TRUE
"cg18901143_TC21",TRUE,TRUE
"cg19188228_BC21",TRUE,TRUE
"cg05669200_BC21",TRUE,TRUE
"cg06350912_TC21",TRUE,TRUE
"cg06423531_BC21",TRUE,TRUE
"cg24918622_BC21",TRUE,TRUE
"cg01261289_TC21",TRUE,TRUE
"cg09457196_BC21",TRUE,TRUE
"cg07683750_BC21",TRUE,TRUE
"cg04509843_BC21",TRUE,TRUE
"cg08153385_BC21",TRUE,TRUE
"cg05194532_TC21",TRUE,TRUE
"cg23692755_BC21",TRUE,TRUE
"cg17010705_TC21",TRUE,TRUE
"cg22706227_BC21",TRUE,TRUE
"cg21461091_TC21",TRUE,TRUE
"cg09245215_BC21",TRUE,TRUE
"cg27304856_BC21",TRUE,TRUE
"cg12162324_BC21",TRUE,TRUE
"cg16546758_BC21",TRUE,TRUE
"cg17009948_BC21",TRUE,TRUE
"cg27309484_BC21",TRUE,TRUE
"cg16066430_TC21",TRUE,TRUE
"cg12186796_TC21",TRUE,TRUE
"cg02250171_TC21",TRUE,TRUE
"cg26020483_TC21",TRUE,TRUE
"cg19290700_BC21",TRUE,TRUE
"cg26880148_BC21",TRUE,TRUE
"cg12190935_TC21",TRUE,TRUE
"cg13228100_TC21",TRUE,TRUE
"cg08413738_BC21",TRUE,TRUE
"cg24119516_TC21",TRUE,TRUE
"cg22550084_TC21",TRUE,TRUE
"cg19262433_BC21",TRUE,TRUE
"cg22098143_BC21",TRUE,TRUE
"cg20429714_BC21",TRUE,TRUE
"cg09294338_BC21",TRUE,TRUE
"cg19318707_TC21",TRUE,TRUE
"cg27605677_BC21",TRUE,TRUE
"cg04472673_TC21",TRUE,TRUE
"cg16728155_TC21",TRUE,TRUE
"cg12883416_BC21",TRUE,TRUE
"cg23810370_BC21",TRUE,TRUE
"cg17402612_BC21",TRUE,TRUE
"cg23078267_TC21",TRUE,TRUE
"cg16092347_TC21",TRUE,TRUE
"cg03835150_BC21",TRUE,TRUE
"cg19694482_BC21",TRUE,TRUE
"cg05373885_TC21",TRUE,TRUE
"cg09078466_BC21",TRUE,TRUE
"cg05883205_BC21",TRUE,TRUE
"cg11545307_TC21",TRUE,TRUE
"cg03986027_TC21",TRUE,TRUE
"cg07339969_TC21",TRUE,TRUE
"cg08749872_BC21",TRUE,TRUE
"cg22748556_TC21",TRUE,TRUE
"cg08324963_TC21",TRUE,TRUE
"cg06210825_BC21",TRUE,TRUE
"cg18064385_BC21",TRUE,TRUE
"cg01368132_BC21",TRUE,TRUE
"cg12503184_BC21",TRUE,TRUE
"cg14641335_BC21",TRUE,TRUE
"cg22042316_TC21",TRUE,TRUE
"cg25010275_TC21",TRUE,TRUE
"cg02904015_TC21",TRUE,TRUE
"cg19030815_TC21",TRUE,TRUE
"cg19943010_TC21",TRUE,TRUE
"cg05274749_TC21",TRUE,TRUE
"cg06724230_BC21",TRUE,TRUE
"cg22510215_TC21",TRUE,TRUE
"cg23177176_TC21",TRUE,TRUE
"cg25180249_TC21",TRUE,TRUE
"cg03839297_TC21",TRUE,TRUE
"cg06396706_BC21",TRUE,TRUE
"cg24207904_BC21",TRUE,TRUE
"cg21161590_TC21",TRUE,TRUE
"cg19990038_TC21",TRUE,TRUE
"cg11803236_TC21",TRUE,TRUE
"cg18378875_BC21",TRUE,TRUE
"cg25077699_TC21",TRUE,TRUE
"cg23286138_BC21",TRUE,TRUE
"cg06784292_BC21",TRUE,TRUE
"cg07071096_BC21",TRUE,TRUE
"cg12167822_TC21",TRUE,TRUE
"cg11465043_TC21",TRUE,TRUE
"cg22877605_TC21",TRUE,TRUE
"cg08620189_BC21",TRUE,TRUE
"cg12362510_BC21",TRUE,TRUE
"cg16756861_BC21",TRUE,TRUE
"cg06089892_BC21",TRUE,TRUE
"cg20085603_TC21",TRUE,TRUE
"cg04331405_TC21",TRUE,TRUE
"cg05626541_BC21",TRUE,TRUE
"cg00607832_BC21",TRUE,TRUE
"cg24017056_BC21",TRUE,TRUE
"cg10121097_TC21",TRUE,TRUE
"cg17811022_TC21",TRUE,TRUE
"cg02856798_BC21",TRUE,TRUE
"cg20257947_TC21",TRUE,TRUE
"cg22351390_TC21",TRUE,TRUE
"cg09768664_TC21",TRUE,TRUE
"cg15970267_TC21",TRUE,TRUE
"cg18828297_TC21",TRUE,TRUE
"cg23174502_TC21",TRUE,TRUE
"cg10488735_TC21",TRUE,TRUE
"cg25128304_BC21",TRUE,TRUE
"cg08406595_BC21",TRUE,TRUE
"cg00590602_TC21",TRUE,TRUE
"cg17524525_BC21",TRUE,TRUE
"cg26380117_BC21",TRUE,TRUE
"cg11626609_BC21",TRUE,TRUE
"cg11939019_BC21",TRUE,TRUE
"cg10832737_BC21",TRUE,TRUE
"cg20053366_TC21",TRUE,TRUE
"cg26056508_BC21",TRUE,TRUE
"cg10485069_TC21",TRUE,TRUE
"cg05490608_TC21",TRUE,TRUE
"cg08420190_TC21",TRUE,TRUE
"cg17442807_BC21",TRUE,TRUE
"cg15163887_TC21",TRUE,TRUE
"cg18184895_TC21",TRUE,TRUE
"cg07281364_BC21",TRUE,TRUE
"cg03259384_TC21",TRUE,TRUE
"cg24320292_BC21",TRUE,TRUE
"cg04687972_TC21",TRUE,TRUE
"cg12371846_BC21",TRUE,TRUE
"cg05449221_BC21",TRUE,TRUE
"cg18978584_BC21",TRUE,TRUE
"cg26254159_TC21",TRUE,TRUE
"cg02149985_BC21",TRUE,TRUE
"cg18824162_BC21",TRUE,TRUE
"cg15250471_BC21",TRUE,TRUE
"cg09898271_TC21",TRUE,TRUE
"cg00926650_TC21",TRUE,TRUE
"cg05670994_TC21",TRUE,TRUE
"cg05694328_BC21",TRUE,TRUE
"cg07263777_BC21",TRUE,TRUE
"cg03102669_BC21",TRUE,TRUE
"cg25657262_BC21",TRUE,TRUE
"cg22650065_BC21",TRUE,TRUE
"cg24713494_BC21",TRUE,TRUE
"cg22081327_TC21",TRUE,TRUE
"cg00041585_BC21",TRUE,TRUE
"cg02763113_BC21",TRUE,TRUE
"cg05558257_BC21",TRUE,TRUE
"cg20805605_BC21",TRUE,TRUE
"cg01342217_TC21",TRUE,TRUE
"cg18529321_BC21",TRUE,TRUE
"cg19897729_BC21",TRUE,TRUE
"cg00409537_TC21",TRUE,TRUE
"cg06637768_BC21",TRUE,TRUE
"cg00748253_TC21",TRUE,TRUE
"cg25353782_BC21",TRUE,TRUE
"cg09361296_TC21",TRUE,TRUE
"cg17557172_BC21",TRUE,TRUE
"cg12422393_BC21",TRUE,TRUE
"cg03471320_TC21",TRUE,TRUE
"cg14565975_BC21",TRUE,TRUE
"cg16090534_TC21",TRUE,TRUE
"cg24611985_BC21",TRUE,TRUE
"cg05477656_TC21",TRUE,TRUE
"cg06877577_BC21",TRUE,TRUE
"cg23427909_BC21",TRUE,TRUE
"cg10912586_BC21",TRUE,TRUE
"cg19299344_BC21",TRUE,TRUE
"cg19424094_BC21",TRUE,TRUE
"cg07806979_TC21",TRUE,TRUE
"cg24271163_TC21",TRUE,TRUE
"cg11888282_BC21",TRUE,TRUE
"cg02558954_BC21",TRUE,TRUE
"cg09187639_BC21",TRUE,TRUE
"cg15032048_BC21",TRUE,TRUE
"cg21236003_TC21",TRUE,TRUE
"cg05339956_BC21",TRUE,TRUE
"cg02993437_BC21",TRUE,TRUE
"cg23379040_BC21",TRUE,TRUE
"cg27158181_BC21",TRUE,TRUE
"cg06703017_BC21",TRUE,TRUE
"cg14690132_TC21",TRUE,TRUE
"cg00620801_BC21",TRUE,TRUE
"cg03370998_TC21",TRUE,TRUE
"cg05291490_TC21",TRUE,TRUE
"cg09508140_BC21",TRUE,TRUE
"cg20546404_BC21",TRUE,TRUE
"cg24499994_BC21",TRUE,TRUE
"cg10001654_BC21",TRUE,TRUE
"cg05260982_BC21",TRUE,TRUE
"cg02035631_BC21",TRUE,TRUE
"cg23206482_BC21",TRUE,TRUE
"cg24259052_BC21",TRUE,TRUE
"cg13417749_BC21",TRUE,TRUE
"cg14751979_BC21",TRUE,TRUE
"cg07250204_BC21",TRUE,TRUE
"cg19196749_TC21",TRUE,TRUE
"cg10719145_BC21",TRUE,TRUE
"cg25459295_BC21",TRUE,TRUE
"cg14052289_TC21",TRUE,TRUE
"cg09088237_TC21",TRUE,TRUE
"cg22941494_TC21",TRUE,TRUE
"cg21686978_TC21",TRUE,TRUE
"cg11428067_BC21",TRUE,TRUE
"cg21607748_BC21",TRUE,TRUE
"cg20342859_TC21",TRUE,TRUE
"cg07724668_TC21",TRUE,TRUE
"cg17015310_TC21",TRUE,TRUE
"cg20287328_TC21",TRUE,TRUE
"cg07920963_BC21",TRUE,TRUE
"cg13795666_TC21",TRUE,TRUE
"cg05260703_TC21",TRUE,TRUE
"cg23396842_BC21",TRUE,TRUE
"cg13100981_BC21",TRUE,TRUE
"cg26685951_TC21",TRUE,TRUE
"cg04199023_BC21",TRUE,TRUE
"cg24034332_BC21",TRUE,TRUE
"cg08241953_BC21",TRUE,TRUE
"cg07400852_TC21",TRUE,TRUE
"cg03663538_BC21",TRUE,TRUE
"cg15674557_TC21",TRUE,TRUE
"cg17635494_BC21",TRUE,TRUE
"cg17179886_TC21",TRUE,TRUE
"cg16788433_TC21",TRUE,TRUE
"cg07251540_BC21",TRUE,TRUE
"cg07341883_TC21",TRUE,TRUE
"cg16457430_BC21",TRUE,TRUE
"cg14029579_BC21",TRUE,TRUE
"cg20223994_BC21",TRUE,TRUE
"cg26495760_BC21",TRUE,TRUE
"cg16017181_BC21",TRUE,TRUE
"cg19632822_BC21",TRUE,TRUE
"cg15413828_TC21",TRUE,TRUE
"cg15984808_BC21",TRUE,TRUE
"cg25832187_TC21",TRUE,TRUE
"cg10513201_BC21",TRUE,TRUE
"cg22563704_BC21",TRUE,TRUE
"cg18584830_BC21",TRUE,TRUE
"cg20832064_TC21",TRUE,TRUE
"cg07925274_TC21",TRUE,TRUE
"cg05839425_BC21",TRUE,TRUE
"cg27655490_TC21",TRUE,TRUE
"cg03058036_BC21",TRUE,TRUE
"cg16587750_TC21",TRUE,TRUE
"cg08713979_TC21",TRUE,TRUE
"cg20911675_BC21",TRUE,TRUE
"cg21547498_BC21",TRUE,TRUE
"cg16672940_TC21",TRUE,TRUE
"cg07391674_BC21",TRUE,TRUE
"cg10669257_BC21",TRUE,TRUE
"cg20076297_TC21",TRUE,TRUE
"cg10840286_BC21",TRUE,TRUE
"cg02515491_TC21",TRUE,TRUE
"cg06825627_BC21",TRUE,TRUE
"cg24051135_BC21",TRUE,TRUE
"cg19090364_BC21",TRUE,TRUE
"cg25321406_TC21",TRUE,TRUE
"cg22269304_TC21",TRUE,TRUE
"cg20021491_BC21",TRUE,TRUE
"cg20704957_BC21",TRUE,TRUE
"cg05594914_TC21",TRUE,TRUE
"cg24392936_TC21",TRUE,TRUE
"cg00330542_TC21",TRUE,TRUE
"cg16160714_TC21",TRUE,TRUE
"cg05472476_BC21",TRUE,TRUE
"cg12950452_TC21",TRUE,TRUE
"cg22396985_TC21",TRUE,TRUE
"cg07316764_BC21",TRUE,TRUE
"cg24727089_BC21",TRUE,TRUE
"cg19398862_BC21",TRUE,TRUE
"cg21392220_TC21",TRUE,TRUE
"cg07430920_TC21",TRUE,TRUE
"cg00280142_BC21",TRUE,TRUE
"cg19450610_BC21",TRUE,TRUE
"cg22613685_BC21",TRUE,TRUE
"cg07938212_BC21",TRUE,TRUE
"cg05733557_TC21",TRUE,TRUE
"cg08430753_TC21",TRUE,TRUE
"cg26798738_TC21",TRUE,TRUE
"cg21217780_TC21",TRUE,TRUE
"cg13741665_TC21",TRUE,TRUE
"cg26867502_BC21",TRUE,TRUE
"cg09343494_BC21",TRUE,TRUE
"cg03574206_TC21",TRUE,TRUE
"cg05807947_BC21",TRUE,TRUE
"cg24165375_BC21",TRUE,TRUE
"cg10813370_BC21",TRUE,TRUE
"cg14168690_BC21",TRUE,TRUE
"cg25362900_TC21",TRUE,TRUE
"cg25655528_BC21",TRUE,TRUE
"cg11545402_TC21",TRUE,TRUE
"cg10487247_BC21",TRUE,TRUE
"cg23606989_TC21",TRUE,TRUE
"cg09145771_TC21",TRUE,TRUE
"cg17337378_BC21",TRUE,TRUE
"cg02193887_TC21",TRUE,TRUE
"cg27416732_TC21",TRUE,TRUE
"cg21934353_TC21",TRUE,TRUE
"cg19949142_BC21",TRUE,TRUE
"cg18716872_TC21",TRUE,TRUE
"cg18338985_BC21",TRUE,TRUE
"cg14333970_BC21",TRUE,TRUE
"cg22801860_TC21",TRUE,TRUE
"cg16900294_TC21",TRUE,TRUE
"cg18185391_BC21",TRUE,TRUE
"cg14904861_TC21",TRUE,TRUE
"cg02700351_TC21",TRUE,TRUE
"cg01362175_BC21",TRUE,TRUE
"cg04072411_TC21",TRUE,TRUE
"cg22964466_BC21",TRUE,TRUE
"cg22442745_BC21",TRUE,TRUE
"cg18786012_BC21",TRUE,TRUE
"cg09379443_TC21",TRUE,TRUE
"cg24295186_BC21",TRUE,TRUE
"cg26410415_BC21",TRUE,TRUE
"cg25190343_BC21",TRUE,TRUE
"cg15488736_BC21",TRUE,TRUE
"cg17480741_BC21",TRUE,TRUE
"cg16271254_BC21",TRUE,TRUE
"cg17738124_TC21",TRUE,TRUE
"cg14649060_TC21",TRUE,TRUE
"cg00020877_TC21",TRUE,TRUE
"cg03569420_TC21",TRUE,TRUE
"cg02938774_BC21",TRUE,TRUE
"cg27245312_BC21",TRUE,TRUE
"cg22172558_TC21",TRUE,TRUE
"cg03009213_BC21",TRUE,TRUE
"cg04579781_TC21",TRUE,TRUE
"cg27483896_BC21",TRUE,TRUE
"cg08047401_TC21",TRUE,TRUE
"cg17366224_TC21",TRUE,TRUE
"cg15389801_TC21",TRUE,TRUE
"cg14270413_BC21",TRUE,TRUE
"cg14419353_BC21",TRUE,TRUE
"cg26321843_BC21",TRUE,TRUE
"cg22051798_BC21",TRUE,TRUE
"cg20087125_TC21",TRUE,TRUE
"cg27632351_TC21",TRUE,TRUE
"cg17254305_TC21",TRUE,TRUE
"cg06672736_BC21",TRUE,TRUE
"cg24492304_BC21",TRUE,TRUE
"cg17275804_BC21",TRUE,TRUE
"cg07083475_BC21",TRUE,TRUE
"cg12220639_BC21",TRUE,TRUE
"cg17578847_TC21",TRUE,TRUE
"cg23733857_BC21",TRUE,TRUE
"cg23785456_BC21",TRUE,TRUE
"cg20551172_TC21",TRUE,TRUE
"cg06846216_BC21",TRUE,TRUE
"cg14029070_TC21",TRUE,TRUE
"cg03124177_BC21",TRUE,TRUE
"cg22206078_TC21",TRUE,TRUE
"cg26069467_BC21",TRUE,TRUE
"cg20505338_TC21",TRUE,TRUE
"cg25386129_BC21",TRUE,TRUE
"cg15400074_BC21",TRUE,TRUE
"cg22399490_BC21",TRUE,TRUE
"cg21263965_BC21",TRUE,TRUE
"cg21703926_BC21",TRUE,TRUE
"cg19645974_TC21",TRUE,TRUE
"cg12885826_BC21",TRUE,TRUE
"cg13530263_TC21",TRUE,TRUE
"cg06067213_TC21",TRUE,TRUE
"cg10613667_TC21",TRUE,TRUE
"cg23594984_TC21",TRUE,TRUE
"cg01335710_BC21",TRUE,TRUE
"cg10995206_BC21",TRUE,TRUE
"cg27221229_TC21",TRUE,TRUE
"cg01599592_BC21",TRUE,TRUE
"cg14924906_TC21",TRUE,TRUE
"cg20423093_BC21",TRUE,TRUE
"cg00281375_BC21",TRUE,TRUE
"cg16485076_BC21",TRUE,TRUE
"cg13608623_BC21",TRUE,TRUE
"cg27399080_BC21",TRUE,TRUE
"cg13523714_BC21",TRUE,TRUE
"cg08258108_BC21",TRUE,TRUE
"cg15690024_TC21",TRUE,TRUE
"cg19869212_TC21",TRUE,TRUE
"cg02943710_BC21",TRUE,TRUE
"cg01013403_TC21",TRUE,TRUE
"cg17661265_BC21",TRUE,TRUE
"cg17047036_TC21",TRUE,TRUE
"cg05121260_TC21",TRUE,TRUE
"cg15859721_BC21",TRUE,TRUE
"cg13746184_TC21",TRUE,TRUE
"cg14043002_BC21",TRUE,TRUE
"cg23411604_TC21",TRUE,TRUE
"cg08344051_BC21",TRUE,TRUE
"cg03054402_TC21",TRUE,TRUE
"cg02152606_BC21",TRUE,TRUE
"cg25019383_TC21",TRUE,TRUE
"cg06195719_TC21",TRUE,TRUE
"cg22115787_BC21",TRUE,TRUE
"cg14755567_BC21",TRUE,TRUE
"cg14161588_TC21",TRUE,TRUE
"cg14127414_BC21",TRUE,TRUE
"cg12465060_TC21",TRUE,TRUE
"cg01971674_BC21",TRUE,TRUE
"cg19359802_BC21",TRUE,TRUE
"cg14971470_BC21",TRUE,TRUE
"cg18166979_TC21",TRUE,TRUE
"cg24306414_TC21",TRUE,TRUE
"cg11740865_BC21",TRUE,TRUE
"cg02556133_BC21",TRUE,TRUE
"cg20843809_TC21",TRUE,TRUE
"cg01161438_TC21",TRUE,TRUE
"cg13726981_BC21",TRUE,TRUE
"cg27467815_TC21",TRUE,TRUE
"cg06426401_BC21",TRUE,TRUE
"cg18129801_BC21",TRUE,TRUE
"cg15086650_TC21",TRUE,TRUE
"cg21886348_BC21",TRUE,TRUE
"cg17241353_BC21",TRUE,TRUE
"cg09967894_TC21",TRUE,TRUE
"cg15280056_TC21",TRUE,TRUE
"cg14023672_TC21",TRUE,TRUE
"cg22277966_BC21",TRUE,TRUE
"cg21066768_BC21",TRUE,TRUE
"cg20721322_BC21",TRUE,TRUE
"cg25537708_TC21",TRUE,TRUE
"cg01136754_TC21",TRUE,TRUE
"cg06014601_TC21",TRUE,TRUE
"cg01569372_TC21",TRUE,TRUE
"cg16658156_TC21",TRUE,TRUE
"cg14108414_BC21",TRUE,TRUE
"cg07352614_BC21",TRUE,TRUE
"cg18912406_TC21",TRUE,TRUE
"cg22348008_BC21",TRUE,TRUE
"cg25811451_TC21",TRUE,TRUE
"cg10222693_BC21",TRUE,TRUE
"cg13482207_TC21",TRUE,TRUE
"cg11173906_BC21",TRUE,TRUE
"cg11615331_BC21",TRUE,TRUE
"cg27304647_BC21",TRUE,TRUE
"cg10138791_BC21",TRUE,TRUE
"cg19485406_BC21",TRUE,TRUE
"cg00070165_BC21",TRUE,TRUE
"cg01963430_BC21",TRUE,TRUE
"cg19059890_TC21",TRUE,TRUE
"cg16844962_TC21",TRUE,TRUE
"cg05486891_TC21",TRUE,TRUE
"cg22173373_BC21",TRUE,TRUE
"cg24694758_TC21",TRUE,TRUE
"cg21494073_TC21",TRUE,TRUE
"cg07733057_TC21",TRUE,TRUE
"cg02894483_BC21",TRUE,TRUE
"cg05096706_TC21",TRUE,TRUE
"cg26856451_BC21",TRUE,TRUE
"cg23219462_TC21",TRUE,TRUE
"cg05941499_BC21",TRUE,TRUE
"cg25611175_BC21",TRUE,TRUE
"cg07298447_TC21",TRUE,TRUE
"cg01422679_TC21",TRUE,TRUE
"cg14463467_BC21",TRUE,TRUE
"cg22386324_TC21",TRUE,TRUE
"cg26211288_TC21",TRUE,TRUE
"cg03398447_TC21",TRUE,TRUE
"cg22826016_TC21",TRUE,TRUE
"cg16547625_BC21",TRUE,TRUE
"cg19399009_BC21",TRUE,TRUE
"cg01727128_BC21",TRUE,TRUE
"cg05003654_BC21",TRUE,TRUE
"cg11478392_BC21",TRUE,TRUE
"cg15109916_BC21",TRUE,TRUE
"cg14663542_BC21",TRUE,TRUE
"cg26842333_TC21",TRUE,TRUE
"cg04615113_BC21",TRUE,TRUE
"cg15547764_TC21",TRUE,TRUE
"cg23437993_BC21",TRUE,TRUE
"cg06508534_TC21",TRUE,TRUE
"cg06418245_TC21",TRUE,TRUE
"cg06763280_BC21",TRUE,TRUE
"cg05997690_TC21",TRUE,TRUE
"cg00634258_TC21",TRUE,TRUE
"cg24715467_BC21",TRUE,TRUE
"cg25333046_BC21",TRUE,TRUE
"cg20659428_BC21",TRUE,TRUE
"cg26164240_BC21",TRUE,TRUE
"cg15340172_BC21",TRUE,TRUE
"cg18677699_BC21",TRUE,TRUE
"cg20648871_BC21",TRUE,TRUE
"cg12839975_TC21",TRUE,TRUE
"cg09001369_BC21",TRUE,TRUE
"cg01361239_BC21",TRUE,TRUE
"cg01135239_TC21",TRUE,TRUE
"cg02364051_BC21",TRUE,TRUE
"cg12228627_TC21",TRUE,TRUE
"cg23415847_BC21",TRUE,TRUE
"cg03326065_BC21",TRUE,TRUE
"cg13878581_TC21",TRUE,TRUE
"cg08131086_TC21",TRUE,TRUE
"cg24370499_TC21",TRUE,TRUE
"cg01043399_BC21",TRUE,TRUE
"cg23078678_BC21",TRUE,TRUE
"cg27157540_BC21",TRUE,TRUE
"cg18672919_TC21",TRUE,TRUE
"cg21255987_BC21",TRUE,TRUE
"cg00679794_TC21",TRUE,TRUE
"cg23722960_BC21",TRUE,TRUE
"cg09493985_BC21",TRUE,TRUE
"cg02469223_TC21",TRUE,TRUE
"cg07667019_BC21",TRUE,TRUE
"cg21422584_BC21",TRUE,TRUE
"cg00940055_TC21",TRUE,TRUE
"cg03237261_BC21",TRUE,TRUE
"cg12752155_BC21",TRUE,TRUE
"cg13463374_TC21",TRUE,TRUE
"cg25737992_BC21",TRUE,TRUE
"cg27095776_TC21",TRUE,TRUE
"cg05336579_TC21",TRUE,TRUE
"cg08077801_BC21",TRUE,TRUE
"cg14174831_BC21",TRUE,TRUE
"cg15651927_TC21",TRUE,TRUE
"cg00290795_BC21",TRUE,TRUE
"cg22773662_TC21",TRUE,TRUE
"cg08079214_BC21",TRUE,TRUE
"cg21175505_TC21",TRUE,TRUE
"cg04096918_BC21",TRUE,TRUE
"cg00600261_TC21",TRUE,TRUE
"cg23759367_TC21",TRUE,TRUE
"cg06897338_TC21",TRUE,TRUE
"cg07233151_BC21",TRUE,TRUE
"cg11857866_BC21",TRUE,TRUE
"cg10429902_BC21",TRUE,TRUE
"cg22286521_BC21",TRUE,TRUE
"cg10832180_BC21",TRUE,TRUE
"cg07605826_BC21",TRUE,TRUE
"cg02703494_BC21",TRUE,TRUE
"cg25483051_BC21",TRUE,TRUE
"cg03645281_BC21",TRUE,TRUE
"cg24827876_TC21",TRUE,TRUE
"cg06938475_BC21",TRUE,TRUE
"cg24453911_BC21",TRUE,TRUE
"cg05767444_BC21",TRUE,TRUE
"cg19988026_BC21",TRUE,TRUE
"cg03033632_BC21",TRUE,TRUE
"cg27366998_BC21",TRUE,TRUE
"cg05735139_TC21",TRUE,TRUE
"cg08603296_TC21",TRUE,TRUE
"cg25234123_TC21",TRUE,TRUE
"cg09290894_TC21",TRUE,TRUE
"cg04679974_BC21",TRUE,TRUE
"cg22783006_BC21",TRUE,TRUE
"cg12424249_BC21",TRUE,TRUE
"cg18838103_BC21",TRUE,TRUE
"cg16039576_TC21",TRUE,TRUE
"cg13511418_BC21",TRUE,TRUE
"cg15985323_TC21",TRUE,TRUE
"cg05617918_TC21",TRUE,TRUE
"cg25331922_BC21",TRUE,TRUE
"cg16647139_TC21",TRUE,TRUE
"cg23974734_TC21",TRUE,TRUE
"cg24943005_BC21",TRUE,TRUE
"cg09629866_BC21",TRUE,TRUE
"cg24702282_TC21",TRUE,TRUE
"cg11465358_BC21",TRUE,TRUE
"cg03958406_TC21",TRUE,TRUE
"cg13081109_TC21",TRUE,TRUE
"cg00626234_TC21",TRUE,TRUE
"cg19973340_TC21",TRUE,TRUE
"cg18555404_BC21",TRUE,TRUE
"cg00520595_TC21",TRUE,TRUE
"cg07796901_BC21",TRUE,TRUE
"cg06417094_BC21",TRUE,TRUE
"cg12790975_BC21",TRUE,TRUE
"cg27619831_TC21",TRUE,TRUE
"cg25499608_TC21",TRUE,TRUE
"cg10775753_BC21",TRUE,TRUE
"cg06006641_TC21",TRUE,TRUE
"cg19160380_BC21",TRUE,TRUE
"cg24223470_TC21",TRUE,TRUE
"cg07586946_BC21",TRUE,TRUE
"cg09064156_BC21",TRUE,TRUE
"cg09747404_TC21",TRUE,TRUE
"cg07182955_TC21",TRUE,TRUE
"cg26105594_BC21",TRUE,TRUE
"cg08030629_BC21",TRUE,TRUE
"cg06637027_TC21",TRUE,TRUE
"cg05196120_BC21",TRUE,TRUE
"cg17455208_TC21",TRUE,TRUE
"cg03786011_BC21",TRUE,TRUE
"cg10229660_BC21",TRUE,TRUE
"cg02259192_TC21",TRUE,TRUE
"cg11494355_BC21",TRUE,TRUE
"cg15435143_TC21",TRUE,TRUE
"cg04927098_TC21",TRUE,TRUE
"cg02083877_TC21",TRUE,TRUE
"cg06850593_TC21",TRUE,TRUE
"cg00293330_TC21",TRUE,TRUE
"cg04447794_TC21",TRUE,TRUE
"cg04473315_TC21",TRUE,TRUE
"cg13981513_TC21",TRUE,TRUE
"cg20610798_BC21",TRUE,TRUE
"cg16581747_TC21",TRUE,TRUE
"cg21415745_BC21",TRUE,TRUE
"cg20512925_BC21",TRUE,TRUE
"cg18036824_BC21",TRUE,TRUE
"cg18694480_BC21",TRUE,TRUE
"cg05671639_TC21",TRUE,TRUE
"cg02211737_BC21",TRUE,TRUE
"cg17068512_BC21",TRUE,TRUE
"cg25334253_BC21",TRUE,TRUE
"cg20489234_BC21",TRUE,TRUE
"cg17733966_TC21",TRUE,TRUE
"cg06485372_BC21",TRUE,TRUE
"cg05814335_TC21",TRUE,TRUE
"cg14641278_TC21",TRUE,TRUE
"cg12547033_BC21",TRUE,TRUE
"cg17966245_BC21",TRUE,TRUE
"cg07866664_TC21",TRUE,TRUE
"cg12056183_TC21",TRUE,TRUE
"cg27024821_BC21",TRUE,TRUE
"cg00277065_BC21",TRUE,TRUE
"cg10131064_BC21",TRUE,TRUE
"cg06026459_BC21",TRUE,TRUE
"cg03503252_TC21",TRUE,TRUE
"cg24510548_TC21",TRUE,TRUE
"cg14496239_BC21",TRUE,TRUE
"cg00755031_BC21",TRUE,TRUE
"cg08632474_BC21",TRUE,TRUE
"cg13571657_TC21",TRUE,TRUE
"cg21810531_TC21",TRUE,TRUE
"cg09250048_TC21",TRUE,TRUE
"cg22856578_BC21",TRUE,TRUE
"cg00162383_TC21",TRUE,TRUE
"cg02103888_TC21",TRUE,TRUE
"cg04430363_TC21",TRUE,TRUE
"cg03199938_TC21",TRUE,TRUE
"cg15264555_BC21",TRUE,TRUE
"cg01655210_TC21",TRUE,TRUE
"cg11457855_BC21",TRUE,TRUE
"cg20830941_BC21",TRUE,TRUE
"cg23846000_BC21",TRUE,TRUE
"cg15005754_TC21",TRUE,TRUE
"cg11129060_BC21",TRUE,TRUE
"cg14668933_TC21",TRUE,TRUE
"cg02723908_TC21",TRUE,TRUE
"cg08250002_TC21",TRUE,TRUE
"cg19958010_BC21",TRUE,TRUE
"cg06096279_TC21",TRUE,TRUE
"cg03965746_TC21",TRUE,TRUE
"cg26965794_TC21",TRUE,TRUE
"cg18629442_BC21",TRUE,TRUE
"cg10212854_BC21",TRUE,TRUE
"cg21927913_TC21",TRUE,TRUE
"cg10414878_BC21",TRUE,TRUE
"cg26307233_TC21",TRUE,TRUE
"cg13591910_BC21",TRUE,TRUE
"cg02680901_TC21",TRUE,TRUE
"cg24620759_BC21",TRUE,TRUE
"cg07455641_BC21",TRUE,TRUE
"cg14882238_TC21",TRUE,TRUE
"cg05218743_TC21",TRUE,TRUE
"cg13994593_BC21",TRUE,TRUE
"cg06199597_BC21",TRUE,TRUE
"cg17687700_TC21",TRUE,TRUE
"cg22468974_BC21",TRUE,TRUE
"cg06845811_TC21",TRUE,TRUE
"cg21146991_TC21",TRUE,TRUE
"cg24702066_BC21",TRUE,TRUE
"cg12969503_TC21",TRUE,TRUE
"cg00483729_BC21",TRUE,TRUE
"cg04167809_BC21",TRUE,TRUE
"cg18264060_TC21",TRUE,TRUE
"cg01474855_BC21",TRUE,TRUE
"cg01916664_TC21",TRUE,TRUE
"cg08642370_BC21",TRUE,TRUE
"cg18187703_BC21",TRUE,TRUE
"cg00748128_BC21",TRUE,TRUE
"cg27052772_BC21",TRUE,TRUE
"cg13485269_BC21",TRUE,TRUE
"cg07765885_BC21",TRUE,TRUE
"cg14031487_BC21",TRUE,TRUE
"cg03782827_BC21",TRUE,TRUE
"cg20828149_TC21",TRUE,TRUE
"cg12140212_TC21",TRUE,TRUE
"cg18778188_BC21",TRUE,TRUE
"cg20310842_TC21",TRUE,TRUE
"cg19174396_BC21",TRUE,TRUE
"cg04504093_BC21",TRUE,TRUE
"cg10035818_TC21",TRUE,TRUE
"cg10133369_TC21",TRUE,TRUE
"cg25177089_TC21",TRUE,TRUE
"cg03078708_BC21",TRUE,TRUE
"cg13815351_BC21",TRUE,TRUE
"cg20415960_TC21",TRUE,TRUE
"cg07774037_TC21",TRUE,TRUE
"cg17268592_TC21",TRUE,TRUE
"cg09435729_BC21",TRUE,TRUE
"cg25958604_TC21",TRUE,TRUE
"cg26340538_BC21",TRUE,TRUE
"cg05239887_BC21",TRUE,TRUE
"cg01395581_TC21",TRUE,TRUE
"cg08240981_TC21",TRUE,TRUE
"cg11975598_TC21",TRUE,TRUE
"cg10591850_TC21",TRUE,TRUE
"cg05935576_BC21",TRUE,TRUE
"cg07325776_BC21",TRUE,TRUE
"cg15686096_TC21",TRUE,TRUE
"cg12440855_TC21",TRUE,TRUE
"cg19954427_TC21",TRUE,TRUE
"cg16884612_BC21",TRUE,TRUE
"cg18641842_BC21",TRUE,TRUE
"cg03212902_TC21",TRUE,TRUE
"cg12183347_TC21",TRUE,TRUE
"cg04367379_BC21",TRUE,TRUE
"cg14769691_BC21",TRUE,TRUE
"cg26063850_TC21",TRUE,TRUE
"cg11986875_TC21",TRUE,TRUE
"cg06301080_TC21",TRUE,TRUE
"cg15804774_TC21",TRUE,TRUE
"cg15480053_TC21",TRUE,TRUE
"cg03856775_TC21",TRUE,TRUE
"cg11334475_TC21",TRUE,TRUE
"cg05911086_BC21",TRUE,TRUE
"cg11233593_TC21",TRUE,TRUE
"cg26105320_BC21",TRUE,TRUE
"cg13783402_BC21",TRUE,TRUE
"cg04650055_BC21",TRUE,TRUE
"cg25876720_BC21",TRUE,TRUE
"cg25995200_TC21",TRUE,TRUE
"cg17489112_BC21",TRUE,TRUE
"cg10299228_BC21",TRUE,TRUE
"cg20250487_BC21",TRUE,TRUE
"cg12746928_BC21",TRUE,TRUE
"cg21232273_TC21",TRUE,TRUE
"cg14041350_BC21",TRUE,TRUE
"cg14563789_BC21",TRUE,TRUE
"cg12665022_BC21",TRUE,TRUE
"cg15678685_BC21",TRUE,TRUE
"cg08795444_TC21",TRUE,TRUE
"cg09357113_BC21",TRUE,TRUE
"cg17020056_BC21",TRUE,TRUE
"cg21373150_TC21",TRUE,TRUE
"cg04313317_TC21",TRUE,TRUE
"cg01184709_BC21",TRUE,TRUE
"cg07425397_BC21",TRUE,TRUE
"cg12228276_TC21",TRUE,TRUE
"cg19279842_TC21",TRUE,TRUE
"cg03835197_TC21",TRUE,TRUE
"cg20701987_TC21",TRUE,TRUE
"cg25732187_BC21",TRUE,TRUE
"cg14550340_BC21",TRUE,TRUE
"cg22045518_TC21",TRUE,TRUE
"cg04580104_BC21",TRUE,TRUE
"cg15918608_TC21",TRUE,TRUE
"cg23649326_BC21",TRUE,TRUE
"cg15841438_BC21",TRUE,TRUE
"cg22638976_TC21",TRUE,TRUE
"cg22794887_BC21",TRUE,TRUE
"cg09352483_BC21",TRUE,TRUE
"cg15841445_BC21",TRUE,TRUE
"cg27493578_TC21",TRUE,TRUE
"cg19984726_TC21",TRUE,TRUE
"cg06632551_BC21",TRUE,TRUE
"cg21327997_BC21",TRUE,TRUE
"cg19102118_BC21",TRUE,TRUE
"cg05725185_BC21",TRUE,TRUE
"cg00646073_TC21",TRUE,TRUE
"cg17850273_BC21",TRUE,TRUE
"cg19523166_BC21",TRUE,TRUE
"cg04103193_BC21",TRUE,TRUE
"cg05127736_BC21",TRUE,TRUE
"cg10781029_BC21",TRUE,TRUE
"cg05783316_TC21",TRUE,TRUE
"cg03169191_BC21",TRUE,TRUE
"cg22149964_BC21",TRUE,TRUE
"cg23407997_BC21",TRUE,TRUE
"cg03980318_TC21",TRUE,TRUE
"cg15423200_TC21",TRUE,TRUE
"cg07821697_TC21",TRUE,TRUE
"cg23178782_TC21",TRUE,TRUE
"cg08469666_BC21",TRUE,TRUE
"cg06747522_BC21",TRUE,TRUE
"cg26111732_BC21",TRUE,TRUE
"cg00286181_BC21",TRUE,TRUE
"cg17755752_BC21",TRUE,TRUE
"cg27143132_BC21",TRUE,TRUE
"cg14011835_TC21",TRUE,TRUE
"cg00618271_TC21",TRUE,TRUE
"cg12663554_BC21",TRUE,TRUE
"cg10964826_TC21",TRUE,TRUE
"cg01840665_TC21",TRUE,TRUE
"cg25915295_BC21",TRUE,TRUE
"cg17489610_BC21",TRUE,TRUE
"cg07814745_TC21",TRUE,TRUE
"cg01064665_TC21",TRUE,TRUE
"cg01275262_TC21",TRUE,TRUE
"cg27045374_TC21",TRUE,TRUE
"cg14618678_BC21",TRUE,TRUE
"cg08843271_BC21",TRUE,TRUE
"cg18003211_TC21",TRUE,TRUE
"cg05330848_TC21",TRUE,TRUE
"cg03764335_TC21",TRUE,TRUE
"cg13239004_TC21",TRUE,TRUE
"cg10868949_BC21",TRUE,TRUE
"cg22292554_BC21",TRUE,TRUE
"cg12490509_BC21",TRUE,TRUE
"cg12501932_BC21",TRUE,TRUE
"cg19364260_TC21",TRUE,TRUE
"cg02755395_BC21",TRUE,TRUE
"cg00925469_TC21",TRUE,TRUE
"cg15842006_BC21",TRUE,TRUE
"cg02235014_TC21",TRUE,TRUE
"cg11530376_BC21",TRUE,TRUE
"cg00019589_BC21",TRUE,TRUE
"cg01312898_BC21",TRUE,TRUE
"cg17326082_BC21",TRUE,TRUE
"cg07413658_BC21",TRUE,TRUE
"cg23868571_BC21",TRUE,TRUE
"cg00010743_TC21",TRUE,TRUE
"cg06288552_TC21",TRUE,TRUE
"cg24729699_BC21",TRUE,TRUE
"cg13098611_BC21",TRUE,TRUE
"cg12611725_TC21",TRUE,TRUE
"cg01289112_TC21",TRUE,TRUE
"cg10812630_TC21",TRUE,TRUE
"cg25949529_BC21",TRUE,TRUE
"cg06330673_BC21",TRUE,TRUE
"cg10276641_BC21",TRUE,TRUE
"cg23008076_BC21",TRUE,TRUE
"cg25504830_BC21",TRUE,TRUE
"cg02571311_BC21",TRUE,TRUE
"cg26384678_TC21",TRUE,TRUE
"cg03918690_TC21",TRUE,TRUE
"cg20015773_TC21",TRUE,TRUE
"cg16263179_TC21",TRUE,TRUE
"cg09788025_BC21",TRUE,TRUE
"cg20565684_BC21",TRUE,TRUE
"cg17187722_TC21",TRUE,TRUE
"cg15102027_BC21",TRUE,TRUE
"cg21701692_BC21",TRUE,TRUE
"cg20850174_BC21",TRUE,TRUE
"cg11118562_TC21",TRUE,TRUE
"cg01682915_BC21",TRUE,TRUE
"cg15325044_BC21",TRUE,TRUE
"cg18628655_BC21",TRUE,TRUE
"cg24476365_TC21",TRUE,TRUE
"cg12312370_TC21",TRUE,TRUE
"cg05221782_TC21",TRUE,TRUE
"cg22477338_BC21",TRUE,TRUE
"cg06496748_BC21",TRUE,TRUE
"cg03077534_BC21",TRUE,TRUE
"cg01492550_BC21",TRUE,TRUE
"cg04390512_TC21",TRUE,TRUE
"cg06820364_TC21",TRUE,TRUE
"cg10274084_TC21",TRUE,TRUE
"cg13180328_TC21",TRUE,TRUE
"cg07489664_TC21",TRUE,TRUE
"cg06745968_BC21",TRUE,TRUE
"cg12622070_TC21",TRUE,TRUE
"cg06092100_BC21",TRUE,TRUE
"cg25481838_TC21",TRUE,TRUE
"cg01530466_TC21",TRUE,TRUE
"cg07140382_TC21",TRUE,TRUE
"cg20246030_TC21",TRUE,TRUE
"cg22286760_TC21",TRUE,TRUE
"cg24078653_BC21",TRUE,TRUE
"cg21180010_TC21",TRUE,TRUE
"cg01020128_BC21",TRUE,TRUE
"cg17345350_BC21",TRUE,TRUE
"cg09022647_TC21",TRUE,TRUE
"cg18532182_TC21",TRUE,TRUE
"cg08088670_TC21",TRUE,TRUE
"cg13203437_TC21",TRUE,TRUE
"cg24343147_TC21",TRUE,TRUE
"cg11370966_TC21",TRUE,TRUE
"cg09043854_BC21",TRUE,TRUE
"cg03334395_TC21",TRUE,TRUE
"cg04819017_BC21",TRUE,TRUE
"cg08796721_BC21",TRUE,TRUE
"cg11858194_TC21",TRUE,TRUE
"cg08399134_TC21",TRUE,TRUE
"cg22256471_TC21",TRUE,TRUE
"cg12154751_BC21",TRUE,TRUE
"cg05465104_TC21",TRUE,TRUE
"cg07103557_TC21",TRUE,TRUE
"cg05439349_BC21",TRUE,TRUE
"cg22218051_TC21",TRUE,TRUE
"cg07313649_TC21",TRUE,TRUE
"cg07850534_TC21",TRUE,TRUE
"cg03466524_TC21",TRUE,TRUE
"cg06367881_TC21",TRUE,TRUE
"cg16425917_BC21",TRUE,TRUE
"cg25320281_TC21",TRUE,TRUE
"cg07681048_BC21",TRUE,TRUE
"cg22027887_BC21",TRUE,TRUE
"cg13083251_TC21",TRUE,TRUE
"cg02301514_BC21",TRUE,TRUE
"cg23456664_TC21",TRUE,TRUE
"cg00808478_TC21",TRUE,TRUE
"cg10278938_TC21",TRUE,TRUE
"cg13169954_BC21",TRUE,TRUE
"cg26722601_TC21",TRUE,TRUE
"cg09855735_BC21",TRUE,TRUE
"cg27050584_TC21",TRUE,TRUE
"cg13856272_BC21",TRUE,TRUE
"cg02994302_BC21",TRUE,TRUE
"cg01474866_BC21",TRUE,TRUE
"cg14263099_BC21",TRUE,TRUE
"cg07577294_BC21",TRUE,TRUE
"cg10533666_TC21",TRUE,TRUE
"cg26217297_BC21",TRUE,TRUE
"cg07521035_BC21",TRUE,TRUE
"cg04182197_TC21",TRUE,TRUE
"cg22184042_TO21",TRUE,TRUE
"cg01954098_BC21",TRUE,TRUE
"cg19059735_BC21",TRUE,TRUE
"cg17945238_BC21",TRUE,TRUE
"cg04767599_TC21",TRUE,TRUE
"cg01485008_TC21",TRUE,TRUE
"cg14138799_BC21",TRUE,TRUE
"cg01992611_BC21",TRUE,TRUE
"cg11421132_TC21",TRUE,TRUE
"cg17532418_TC21",TRUE,TRUE
"cg11824434_BC21",TRUE,TRUE
"cg14498246_BC21",TRUE,TRUE
"cg07015303_BC21",TRUE,TRUE
"cg03671265_TC21",TRUE,TRUE
"cg07807095_BC21",TRUE,TRUE
"cg08027238_BC21",TRUE,TRUE
"cg12889494_TC21",TRUE,TRUE
"cg19979388_TC21",TRUE,TRUE
"cg21690383_TC21",TRUE,TRUE
"cg26011032_BC21",TRUE,TRUE
"cg21239597_TC21",TRUE,TRUE
"cg04558601_BC21",TRUE,TRUE
"cg23654927_TC21",TRUE,TRUE
"cg21604100_BC21",TRUE,TRUE
"cg19153028_BC21",TRUE,TRUE
"cg24279140_BC21",TRUE,TRUE
"cg06344209_TC21",TRUE,TRUE
"cg15375051_TC21",TRUE,TRUE
"cg22616935_TC21",TRUE,TRUE
"cg22052395_BC21",TRUE,TRUE
"cg01344727_BC21",TRUE,TRUE
"cg27092947_TC21",TRUE,TRUE
"cg14809906_BC21",TRUE,TRUE
"cg06933381_BC21",TRUE,TRUE
"cg23850317_TC21",TRUE,TRUE
"cg18724091_BC21",TRUE,TRUE
"cg00624997_TC21",TRUE,TRUE
"cg24324777_TC21",TRUE,TRUE
"cg04258514_BC21",TRUE,TRUE
"cg22890262_BC21",TRUE,TRUE
"cg05836555_BC21",TRUE,TRUE
"cg24372185_TC21",TRUE,TRUE
"cg11830489_BC21",TRUE,TRUE
"cg24543140_BC21",TRUE,TRUE
"cg16942568_BC21",TRUE,TRUE
"cg04548490_BC21",TRUE,TRUE
"cg19686059_TC21",TRUE,TRUE
"cg23548536_BC21",TRUE,TRUE
"cg21498120_TC21",TRUE,TRUE
"cg25633983_TC21",TRUE,TRUE
"cg17467670_TC21",TRUE,TRUE
"cg02329238_BC21",TRUE,TRUE
"cg07996920_BC21",TRUE,TRUE
"cg00350284_TC21",TRUE,TRUE
"cg25629576_TC21",TRUE,TRUE
"cg18535881_BC21",TRUE,TRUE
"cg17758808_BC21",TRUE,TRUE
"cg23740067_TC21",TRUE,TRUE
"cg19182680_TC21",TRUE,TRUE
"cg09265658_BC21",TRUE,TRUE
"cg19759212_BC21",TRUE,TRUE
"cg02133455_TC21",TRUE,TRUE
"cg18538924_BC21",TRUE,TRUE
"cg11089291_TC21",TRUE,TRUE
"cg05506201_TC21",TRUE,TRUE
"cg26427915_BC21",TRUE,TRUE
"cg19025042_BC21",TRUE,TRUE
"cg12864738_TC21",TRUE,TRUE
"cg06180638_TC21",TRUE,TRUE
"cg16873396_TC21",TRUE,TRUE
"cg01548763_BC21",TRUE,TRUE
"cg24270157_TC21",TRUE,TRUE
"cg19045415_BC21",TRUE,TRUE
"cg13253318_BC21",TRUE,TRUE
"cg24100629_TC21",TRUE,TRUE
"cg23399347_BC21",TRUE,TRUE
"cg07137840_BC21",TRUE,TRUE
"cg01805138_TC21",TRUE,TRUE
"cg19194608_TC21",TRUE,TRUE
"cg17079587_BC21",TRUE,TRUE
"cg04543427_BC21",TRUE,TRUE
"cg24855744_BC21",TRUE,TRUE
"cg25285494_BC21",TRUE,TRUE
"cg24825909_TC21",TRUE,TRUE
"cg20632814_TC21",TRUE,TRUE
"cg10214938_BC21",TRUE,TRUE
"cg11974480_TC21",TRUE,TRUE
"cg22421813_TC21",TRUE,TRUE
"cg03121124_BC21",TRUE,TRUE
"cg06483775_TC21",TRUE,TRUE
"cg15071029_TC21",TRUE,TRUE
"cg17118458_TC21",TRUE,TRUE
"cg17164117_BC21",TRUE,TRUE
"cg08644771_BC21",TRUE,TRUE
"cg21053388_BC21",TRUE,TRUE
"cg00923719_TC21",TRUE,TRUE
"cg19418162_TC21",TRUE,TRUE
"cg26602760_BC21",TRUE,TRUE
"cg06269545_TC21",TRUE,TRUE
"cg21575235_TC21",TRUE,TRUE
"cg18919462_TC21",TRUE,TRUE
"cg18008112_BC21",TRUE,TRUE
"cg09192834_BC21",TRUE,TRUE
"cg15964092_BC21",TRUE,TRUE
"cg01535617_BC21",TRUE,TRUE
"cg27428961_BC21",TRUE,TRUE
"cg21738819_TC21",TRUE,TRUE
"cg21337411_BC21",TRUE,TRUE
"cg15825819_BC21",TRUE,TRUE
"cg10308744_TC21",TRUE,TRUE
"cg07998141_BC21",TRUE,TRUE
"cg13121213_BC21",TRUE,TRUE
"cg15639174_TC21",TRUE,TRUE
"cg18165761_TC21",TRUE,TRUE
"cg02543444_TC21",TRUE,TRUE
"cg25508837_TC21",TRUE,TRUE
"cg20975802_TC21",TRUE,TRUE
"cg10822320_BC21",TRUE,TRUE
"cg01655349_TC21",TRUE,TRUE
"cg00574023_TC21",TRUE,TRUE
"cg25732087_TC21",TRUE,TRUE
"cg10351422_BC21",TRUE,TRUE
"cg22165593_BC21",TRUE,TRUE
"cg12708239_BC21",TRUE,TRUE
"cg02652128_TC21",TRUE,TRUE
"cg09573929_BC21",TRUE,TRUE
"cg01541725_BC21",TRUE,TRUE
"cg08517686_TC21",TRUE,TRUE
"cg22809603_TC21",TRUE,TRUE
"cg15602162_TC21",TRUE,TRUE
"cg04419769_BC21",TRUE,TRUE
"cg09932403_BC21",TRUE,TRUE
"cg08418303_BC21",TRUE,TRUE
"cg18637626_TC21",TRUE,TRUE
"cg26556455_TC21",TRUE,TRUE
"cg24027858_BC21",TRUE,TRUE
"cg05876692_TC21",TRUE,TRUE
"cg20215029_TC21",TRUE,TRUE
"cg05492629_TC21",TRUE,TRUE
"cg15181975_BC21",TRUE,TRUE
"cg02852070_BC21",TRUE,TRUE
"cg24363673_TC21",TRUE,TRUE
"cg05539668_TC21",TRUE,TRUE
"cg03591565_BC21",TRUE,TRUE
"cg15340505_TC21",TRUE,TRUE
"cg12241515_BC21",TRUE,TRUE
"cg05973920_TC21",TRUE,TRUE
"cg14429776_BC21",TRUE,TRUE
"cg24345543_TC21",TRUE,TRUE
"cg12696562_BC21",TRUE,TRUE
"cg18816603_BC21",TRUE,TRUE
"cg02364304_TC21",TRUE,TRUE
"cg22530157_BC21",TRUE,TRUE
"cg06031737_TC21",TRUE,TRUE
"cg25376266_BC21",TRUE,TRUE
"cg12646705_BC21",TRUE,TRUE
"cg07922314_BC21",TRUE,TRUE
"cg24523306_BC21",TRUE,TRUE
"cg10023966_BC21",TRUE,TRUE
"cg03211587_TC21",TRUE,TRUE
"cg24106793_TC21",TRUE,TRUE
"cg21244684_BC21",TRUE,TRUE
"cg00883188_BC21",TRUE,TRUE
"cg02247429_TC21",TRUE,TRUE
"cg19159682_TC21",TRUE,TRUE
"cg21913997_TC21",TRUE,TRUE
"cg02828505_BC21",TRUE,TRUE
"cg22317649_TC21",TRUE,TRUE
"cg09784987_TC21",TRUE,TRUE
"cg12551370_BC21",TRUE,TRUE
"cg10618621_TC21",TRUE,TRUE
"cg15235079_TC21",TRUE,TRUE
"cg21232609_BC21",TRUE,TRUE
"cg17439568_BC21",TRUE,TRUE
"cg05652834_TC21",TRUE,TRUE
"cg15826089_BC21",TRUE,TRUE
"cg27555081_BC21",TRUE,TRUE
"cg10532464_TC21",TRUE,TRUE
"cg06160772_BC21",TRUE,TRUE
"cg19539975_TC21",TRUE,TRUE
"cg16786341_BC21",TRUE,TRUE
"cg27018063_BC21",TRUE,TRUE
"cg15510170_BC21",TRUE,TRUE
"cg04637881_BC21",TRUE,TRUE
"cg19547630_BC21",TRUE,TRUE
"cg26076318_BC21",TRUE,TRUE
"cg01974213_BC21",TRUE,TRUE
"cg10204911_TC21",TRUE,TRUE
"cg11296601_BC21",TRUE,TRUE
"cg00117961_TC21",TRUE,TRUE
"cg02556038_TC21",TRUE,TRUE
"cg02783824_BC21",TRUE,TRUE
"cg12429188_BC21",TRUE,TRUE
"cg04290820_TC21",TRUE,TRUE
"cg18928511_TC21",TRUE,TRUE
"cg05108668_BC21",TRUE,TRUE
"cg00918487_BC21",TRUE,TRUE
"cg26237169_BC21",TRUE,TRUE
"cg05881890_BC21",TRUE,TRUE
"cg25014159_TC21",TRUE,TRUE
"cg07370781_TC21",TRUE,TRUE
"cg04226929_TC21",TRUE,TRUE
"cg25883027_BC21",TRUE,TRUE
"cg24430081_BC21",TRUE,TRUE
"cg25922445_TC21",TRUE,TRUE
"cg15116962_BC21",TRUE,TRUE
"cg19100002_BC21",TRUE,TRUE
"cg10658520_TC21",TRUE,TRUE
"cg09344222_BC21",TRUE,TRUE
"cg13635052_TC21",TRUE,TRUE
"cg14064105_BC21",TRUE,TRUE
"cg24481207_BC21",TRUE,TRUE
"cg25531074_TC21",TRUE,TRUE
"cg20729910_TC21",TRUE,TRUE
"cg07407549_BC21",TRUE,TRUE
"cg17059447_TC21",TRUE,TRUE
"cg05165779_BC21",TRUE,TRUE
"cg17329676_TC21",TRUE,TRUE
"cg10365659_BC21",TRUE,TRUE
"cg15924527_TC21",TRUE,TRUE
"cg14787030_BC21",TRUE,TRUE
"cg11148296_BC21",TRUE,TRUE
"cg03874890_TC21",TRUE,TRUE
"cg12422515_TC21",TRUE,TRUE
"cg02399049_BC21",TRUE,TRUE
"cg03771702_TC21",TRUE,TRUE
"cg01064256_BC21",TRUE,TRUE
"cg04648275_TC21",TRUE,TRUE
"cg03288838_BC21",TRUE,TRUE
"cg25747596_BC21",TRUE,TRUE
"cg06494392_TC21",TRUE,TRUE
"cg14818112_TC21",TRUE,TRUE
"cg27397339_TC21",TRUE,TRUE
"cg24065817_TC21",TRUE,TRUE
"cg18845814_BC21",TRUE,TRUE
"cg12168100_TC21",TRUE,TRUE
"cg27427111_BC21",TRUE,TRUE
"cg06869938_BC21",TRUE,TRUE
"cg24377204_BC21",TRUE,TRUE
"cg26251249_TC21",TRUE,TRUE
"cg14802011_TC21",TRUE,TRUE
"cg13627129_TC21",TRUE,TRUE
"cg10920240_BC21",TRUE,TRUE
"cg02234216_BC21",TRUE,TRUE
"cg22921970_TC21",TRUE,TRUE
"cg16444924_TC21",TRUE,TRUE
"cg03207759_BC21",TRUE,TRUE
"cg12869931_TC21",TRUE,TRUE
"cg21965302_TC21",TRUE,TRUE
"cg07827441_TC21",TRUE,TRUE
"cg06286086_TC21",TRUE,TRUE
"cg05690492_TC21",TRUE,TRUE
"cg16604118_TC21",TRUE,TRUE
"cg21640106_BC21",TRUE,TRUE
"cg18200430_TC21",TRUE,TRUE
"cg23626046_BC21",TRUE,TRUE
"cg16351109_BC21",TRUE,TRUE
"cg24199132_BC21",TRUE,TRUE
"cg07899068_BC21",TRUE,TRUE
"cg10961034_TC21",TRUE,TRUE
"cg02050951_BC21",TRUE,TRUE
"cg11509676_TC21",TRUE,TRUE
"cg09396101_TC21",TRUE,TRUE
"cg18214315_BC21",TRUE,TRUE
"cg19709166_BC21",TRUE,TRUE
"cg19339334_TC21",TRUE,TRUE
"cg13302977_BC21",TRUE,TRUE
"cg18818774_BC21",TRUE,TRUE
"cg11013605_BC21",TRUE,TRUE
"cg24460351_TC21",TRUE,TRUE
"cg01921369_BC21",TRUE,TRUE
"cg08982380_BC21",TRUE,TRUE
"cg04157633_BC21",TRUE,TRUE
"cg18361704_BC21",TRUE,TRUE
"cg19047333_TC21",TRUE,TRUE
"cg20738895_BC21",TRUE,TRUE
"cg04984024_BC21",TRUE,TRUE
"cg24769302_BC21",TRUE,TRUE
"cg09578562_BC21",TRUE,TRUE
"cg16779787_TC21",TRUE,TRUE
"cg25023679_BC21",TRUE,TRUE
"cg24395262_BC21",TRUE,TRUE
"cg03944348_BC21",TRUE,TRUE
"cg27622912_BC21",TRUE,TRUE
"cg03110160_BC21",TRUE,TRUE
"cg19867115_BC21",TRUE,TRUE
"cg18332093_BC21",TRUE,TRUE
"cg15225071_BC21",TRUE,TRUE
"cg07253771_BC21",TRUE,TRUE
"cg23754408_BC21",TRUE,TRUE
"cg22715252_BC21",TRUE,TRUE
"cg25059303_BC21",TRUE,TRUE
"cg19087807_BC21",TRUE,TRUE
"cg09111127_BC21",TRUE,TRUE
"cg00434475_BC21",TRUE,TRUE
"cg07227440_BC21",TRUE,TRUE
"cg19915167_BC21",TRUE,TRUE
"cg22661966_BC21",TRUE,TRUE
"cg15686123_BC21",TRUE,TRUE
"cg12847471_BC21",TRUE,TRUE
"cg26117004_BC21",TRUE,TRUE
"cg21391582_BC21",TRUE,TRUE
"cg07505174_BC21",TRUE,TRUE
"cg22467902_BC21",TRUE,TRUE
"cg27034088_BC21",TRUE,TRUE
"cg21960506_BC21",TRUE,TRUE
"cg07423315_BC21",TRUE,TRUE
"cg04735346_BC21",TRUE,TRUE
"cg22083449_BC21",TRUE,TRUE
"cg04210697_TC21",TRUE,TRUE
"cg27089978_BC21",TRUE,TRUE
"cg06394670_BC21",TRUE,TRUE
"cg17577947_BC21",TRUE,TRUE
"cg16588591_BC21",TRUE,TRUE
"cg08751988_BC21",TRUE,TRUE
"cg17019931_BC21",TRUE,TRUE
"cg17924475_BC21",TRUE,TRUE
"cg15424570_BC21",TRUE,TRUE
"cg10340108_BC21",TRUE,TRUE
"cg21474379_BC21",TRUE,TRUE
"cg23639964_BC21",TRUE,TRUE
"cg08317910_BC21",TRUE,TRUE
"cg17941149_BC21",TRUE,TRUE
"cg18280591_BC21",TRUE,TRUE
"cg19078696_BC21",TRUE,TRUE
"cg01177539_BC21",TRUE,TRUE
"cg07720164_BC21",TRUE,TRUE
"cg12716668_BC21",TRUE,TRUE
"cg00183450_BC21",TRUE,TRUE
"cg09495738_BC21",TRUE,TRUE
"cg03361576_BC21",TRUE,TRUE
"cg27824897_BC21",TRUE,TRUE
"cg25468041_BC21",TRUE,TRUE
"cg26769204_BC21",TRUE,TRUE
"cg26561105_BC21",TRUE,TRUE
"cg25967869_BC21",TRUE,TRUE
"cg23244675_BC21",TRUE,TRUE
"cg18232284_BC21",TRUE,TRUE
"cg09569183_BC21",TRUE,TRUE
"cg17317575_TC21",TRUE,TRUE
"cg17507646_TC21",TRUE,TRUE
"cg16306066_TC21",TRUE,TRUE
"cg11100302_BC21",TRUE,TRUE
"cg14120340_BC21",TRUE,TRUE
"cg21524529_BC21",TRUE,TRUE
"cg27861802_BC21",TRUE,TRUE
"cg10080127_BC21",TRUE,TRUE
"cg06275117_BC21",TRUE,TRUE
"cg27442723_BC21",TRUE,TRUE
"cg20187220_BC21",TRUE,TRUE
"cg00955032_BC21",TRUE,TRUE
"cg16484281_BC21",TRUE,TRUE
"cg16281109_BC21",TRUE,TRUE
"cg13273929_TC21",TRUE,TRUE
"cg17789716_TC21",TRUE,TRUE
"cg06506913_BC21",TRUE,TRUE
"cg02083805_BC21",TRUE,TRUE
"cg01386711_BC21",TRUE,TRUE
"cg11096309_TC21",TRUE,TRUE
"cg00670176_TC21",TRUE,TRUE
"cg03282964_BC21",TRUE,TRUE
"cg03444242_TC21",TRUE,TRUE
"cg03154433_BC21",TRUE,TRUE
"cg23051269_BC21",TRUE,TRUE
"cg17596434_BC21",TRUE,TRUE
"cg15130866_BC21",TRUE,TRUE
"cg10052811_BC21",TRUE,TRUE
"cg11012069_BC21",TRUE,TRUE
"cg25171399_BC21",TRUE,TRUE
"cg14735592_BC21",TRUE,TRUE
"cg10126720_BC21",TRUE,TRUE
"cg02305773_BC21",TRUE,TRUE
"cg20480918_BC21",TRUE,TRUE
"cg12632621_BC21",TRUE,TRUE
"cg03760638_BC21",TRUE,TRUE
"cg12045702_BC21",TRUE,TRUE
"cg22459936_BC21",TRUE,TRUE
"cg27010449_BC21",TRUE,TRUE
"cg01764692_TC21",TRUE,TRUE
"cg22885153_BC21",TRUE,TRUE
"cg22882563_TC21",TRUE,TRUE
"cg25561208_TC21",TRUE,TRUE
"cg07933728_BC21",TRUE,TRUE
"cg18125880_BC21",TRUE,TRUE
"cg12923256_BC21",TRUE,TRUE
"cg05577404_BC21",TRUE,TRUE
"cg10456384_BC21",TRUE,TRUE
"cg13719531_BC21",TRUE,TRUE
"cg27816232_BC21",TRUE,TRUE
"cg26259849_BC21",TRUE,TRUE
"cg13472200_BC21",TRUE,TRUE
"cg06959496_BC21",TRUE,TRUE
"cg15531299_BC21",TRUE,TRUE
"cg22205137_BC21",TRUE,TRUE
"cg26216971_BC21",TRUE,TRUE
"cg27209618_BC21",TRUE,TRUE
"cg22867070_BC21",TRUE,TRUE
"cg24611903_BC21",TRUE,TRUE
"cg18427377_BC21",TRUE,TRUE
"cg16620263_TC21",TRUE,TRUE
"cg19081359_BC21",TRUE,TRUE
"cg14475518_BC21",TRUE,TRUE
"cg14153415_BC21",TRUE,TRUE
"cg23849184_BC21",TRUE,TRUE
"cg19294457_BC21",TRUE,TRUE
"cg02955781_BC21",TRUE,TRUE
"cg26259875_BC21",TRUE,TRUE
"cg19893549_BC21",TRUE,TRUE
"cg18015339_BC21",TRUE,TRUE
"cg05524765_BC21",TRUE,TRUE
"cg10266664_BC21",TRUE,TRUE
"cg12126267_BC21",TRUE,TRUE
"cg14136899_BC21",TRUE,TRUE
"cg24338770_BC21",TRUE,TRUE
"cg17154170_BC21",TRUE,TRUE
"cg08034384_BC21",TRUE,TRUE
"cg22819685_BC21",TRUE,TRUE
"cg19558197_BC21",TRUE,TRUE
"cg27050420_BC21",TRUE,TRUE
"cg05023269_BC21",TRUE,TRUE
"cg22510961_BC21",TRUE,TRUE
"cg26111308_TC21",TRUE,TRUE
"cg06143073_BC21",TRUE,TRUE
"cg24804197_TC21",TRUE,TRUE
"cg19290326_BC21",TRUE,TRUE
"cg12303505_BC21",TRUE,TRUE
"cg06461841_BC21",TRUE,TRUE
"cg17344658_TC21",TRUE,TRUE
"cg01368550_BC21",TRUE,TRUE
"cg12186357_TC21",TRUE,TRUE
"cg08854467_TC21",TRUE,TRUE
"cg25443806_TC21",TRUE,TRUE
"cg17063517_BC21",TRUE,TRUE
"cg20841180_BC21",TRUE,TRUE
"cg08390105_BC21",TRUE,TRUE
"cg06104434_BC21",TRUE,TRUE
"cg16834408_BC21",TRUE,TRUE
"cg14099808_BC21",TRUE,TRUE
"cg25335737_BC21",TRUE,TRUE
"cg05213199_BC21",TRUE,TRUE
"cg11118446_BC21",TRUE,TRUE
"cg01766134_TC21",TRUE,TRUE
"cg01460957_TC21",TRUE,TRUE
"cg24871399_BC21",TRUE,TRUE
"cg27648121_BC21",TRUE,TRUE
"cg27847743_BC21",TRUE,TRUE
"cg23806500_BC21",TRUE,TRUE
"cg12998508_BC21",TRUE,TRUE
"cg09958121_BC21",TRUE,TRUE
"cg27586329_BC21",TRUE,TRUE
"cg05792501_BC21",TRUE,TRUE
"cg19751213_BC21",TRUE,TRUE
"cg06953017_BC21",TRUE,TRUE
"cg24938744_BC21",TRUE,TRUE
"cg22974789_BC21",TRUE,TRUE
"cg19263036_TC21",TRUE,TRUE
"cg15226357_TC21",TRUE,TRUE
"cg13782382_TC21",TRUE,TRUE
"cg13842678_BC21",TRUE,TRUE
"cg24711852_BC21",TRUE,TRUE
"cg19225503_BC21",TRUE,TRUE
"cg01525178_BC21",TRUE,TRUE
"cg06895552_TC21",TRUE,TRUE
"cg00149463_BC21",TRUE,TRUE
"cg20338066_TC21",TRUE,TRUE
"cg22458939_BC21",TRUE,TRUE
"cg23497396_TC21",TRUE,TRUE
"cg17327476_TC21",TRUE,TRUE
"cg03070985_TC21",TRUE,TRUE
"cg27019757_BC21",TRUE,TRUE
"cg02306431_BC21",TRUE,TRUE
"cg10660684_BC21",TRUE,TRUE
"cg24626958_BC21",TRUE,TRUE
"cg26719246_BC21",TRUE,TRUE
"cg00552735_BC21",TRUE,TRUE
"cg21192158_BC21",TRUE,TRUE
"cg17082242_BC21",TRUE,TRUE
"cg00488012_BC21",TRUE,TRUE
"cg16562589_BC21",TRUE,TRUE
"cg26336644_BC21",TRUE,TRUE
"cg11536166_BC21",TRUE,TRUE
"cg09257702_TC21",TRUE,TRUE
"cg22846692_BC21",TRUE,TRUE
"cg18317398_BC21",TRUE,TRUE
"cg16635176_BC21",TRUE,TRUE
"cg11458599_BC21",TRUE,TRUE
"cg17994962_BC21",TRUE,TRUE
"cg15343627_BC21",TRUE,TRUE
"cg25865192_BC21",TRUE,TRUE
"cg27258683_BC21",TRUE,TRUE
"cg06506901_BC21",TRUE,TRUE
"cg24764011_BC21",TRUE,TRUE
"cg19596609_BC21",TRUE,TRUE
"cg05522317_BC21",TRUE,TRUE
"cg18162541_BC21",TRUE,TRUE
"cg13451403_BC21",TRUE,TRUE
"cg22467871_BC21",TRUE,TRUE
"cg22229960_TC21",TRUE,TRUE
"cg27561290_TC21",TRUE,TRUE
"cg21317815_BC21",TRUE,TRUE
"cg15678428_TC21",TRUE,TRUE
"cg05295198_BC21",TRUE,TRUE
"cg08973053_BC21",TRUE,TRUE
"cg09970125_TC21",TRUE,TRUE
"cg03267538_BC21",TRUE,TRUE
"cg06206607_BC21",TRUE,TRUE
"cg11629766_BC21",TRUE,TRUE
"cg15705487_BC21",TRUE,TRUE
"cg27540337_BC21",TRUE,TRUE
"cg01605885_BC21",TRUE,TRUE
"cg15742874_BC21",TRUE,TRUE
"cg24832092_BC21",TRUE,TRUE
"cg21150892_TC21",TRUE,TRUE
"cg22861473_BC21",TRUE,TRUE
"cg18465749_TC21",TRUE,TRUE
"cg18029202_TC21",TRUE,TRUE
"cg27466454_BC21",TRUE,TRUE
"cg02593699_BC21",TRUE,TRUE
"cg07151736_BC21",TRUE,TRUE
"cg16454372_BC21",TRUE,TRUE
"cg17511936_BC21",TRUE,TRUE
"cg04831373_BC21",TRUE,TRUE
"cg04371981_BC21",TRUE,TRUE
"cg00693915_BC21",TRUE,TRUE
"cg01067167_BC21",TRUE,TRUE
"cg01745695_BC21",TRUE,TRUE
"cg13693544_BC21",TRUE,TRUE
"cg22651669_BC21",TRUE,TRUE
"cg09218220_BC21",TRUE,TRUE
"cg06471054_BC21",TRUE,TRUE
"cg03141074_BC21",TRUE,TRUE
"cg16108817_BC21",TRUE,TRUE
"cg17347592_BC21",TRUE,TRUE
"cg03172014_BC21",TRUE,TRUE
"cg04201910_BC21",TRUE,TRUE
"cg20596771_BC21",TRUE,TRUE
"cg25083186_BC21",TRUE,TRUE
"cg23911675_BC21",TRUE,TRUE
"cg12592865_BC21",TRUE,TRUE
"cg24880649_BC21",TRUE,TRUE
"cg26284827_BC21",TRUE,TRUE
"cg02730709_BC21",TRUE,TRUE
"cg24508530_BC21",TRUE,TRUE
"cg00891796_BC21",TRUE,TRUE
"cg10506142_BC21",TRUE,TRUE
"cg15097444_BC21",TRUE,TRUE
"cg17643286_BC21",TRUE,TRUE
"cg22150797_BC21",TRUE,TRUE
"cg11853366_BC21",TRUE,TRUE
"cg25293130_BC21",TRUE,TRUE
"cg26028059_BC21",TRUE,TRUE
"cg22169467_BC21",TRUE,TRUE
"cg18106045_BC21",TRUE,TRUE
"cg15076998_BC21",TRUE,TRUE
"cg16341483_BC21",TRUE,TRUE
"cg04191848_BC21",TRUE,TRUE
"cg10876224_BC21",TRUE,TRUE
"cg08651841_BC21",TRUE,TRUE
"cg23957735_BC21",TRUE,TRUE
"cg19672854_BC21",TRUE,TRUE
"cg21066127_BC21",TRUE,TRUE
"cg06712277_BC21",TRUE,TRUE
"cg00310125_BC21",TRUE,TRUE
"cg09391459_BC21",TRUE,TRUE
"cg17696777_BC21",TRUE,TRUE
"cg04910348_BC21",TRUE,TRUE
"cg14147450_BC21",TRUE,TRUE
"cg08001446_BC21",TRUE,TRUE
"cg20083297_BC21",TRUE,TRUE
"cg02093910_BC21",TRUE,TRUE
"cg05778504_BC21",TRUE,TRUE
"cg27886596_BC21",TRUE,TRUE
"cg14593493_BC21",TRUE,TRUE
"cg17987666_BC21",TRUE,TRUE
"cg07963712_BC21",TRUE,TRUE
"cg23301972_BC21",TRUE,TRUE
"cg18633134_BC21",TRUE,TRUE
"cg16306252_BC21",TRUE,TRUE
"cg16549277_BC21",TRUE,TRUE
"cg02906448_BC21",TRUE,TRUE
"cg16709020_BC21",TRUE,TRUE
"cg14965546_BC21",TRUE,TRUE
"cg04007359_BC21",TRUE,TRUE
"cg21771367_BC21",TRUE,TRUE
"cg12083553_BC21",TRUE,TRUE
"cg04476387_BC21",TRUE,TRUE
"cg09748396_BC21",TRUE,TRUE
"cg27654838_BC21",TRUE,TRUE
"cg16546635_BC21",TRUE,TRUE
"cg20652441_BC21",TRUE,TRUE
"cg10337694_BC21",TRUE,TRUE
"cg01322699_BC21",TRUE,TRUE
"cg15542695_BC21",TRUE,TRUE
"cg09383792_BC21",TRUE,TRUE
"cg16002509_BC21",TRUE,TRUE
"cg11502186_BC21",TRUE,TRUE
"cg03653374_BC21",TRUE,TRUE
"cg26523915_BC21",TRUE,TRUE
"cg08770598_BC21",TRUE,TRUE
"cg27233070_BC21",TRUE,TRUE
"cg21859292_BC21",TRUE,TRUE
"cg15680365_BC21",TRUE,TRUE
"cg10474599_BC21",TRUE,TRUE
"cg09236056_BC21",TRUE,TRUE
"cg14107011_BC21",TRUE,TRUE
"cg03228671_BC21",TRUE,TRUE
"cg10290225_BC21",TRUE,TRUE
"cg02622228_BC21",TRUE,TRUE
"cg27824690_BC21",TRUE,TRUE
"cg25864122_BC21",TRUE,TRUE
"cg14552422_BC21",TRUE,TRUE
"cg19348445_BC21",TRUE,TRUE
"cg14411350_BC21",TRUE,TRUE
"cg09381333_BC21",TRUE,TRUE
"cg11831457_BC21",TRUE,TRUE
"cg11780786_BC21",TRUE,TRUE
"cg22653620_BC21",TRUE,TRUE
"cg07565837_BC21",TRUE,TRUE
"cg01944185_BC21",TRUE,TRUE
"cg25332326_BC21",TRUE,TRUE
"cg04733478_BC21",TRUE,TRUE
"cg27575362_BC21",TRUE,TRUE
"cg18996095_BC21",TRUE,TRUE
"cg07636984_BC21",TRUE,TRUE
"cg23799853_BC21",TRUE,TRUE
"cg26738396_BC21",TRUE,TRUE
"cg22502160_BC21",TRUE,TRUE
"cg03172264_BC21",TRUE,TRUE
"cg14608015_BC21",TRUE,TRUE
"cg10800639_BC21",TRUE,TRUE
"cg06619546_BC21",TRUE,TRUE
"cg02947025_BC21",TRUE,TRUE
"cg14213441_BC21",TRUE,TRUE
"cg02145337_BC21",TRUE,TRUE
"cg05937871_BC21",TRUE,TRUE
"cg01495866_BC21",TRUE,TRUE
"cg22133889_BC21",TRUE,TRUE
"cg25934800_BC21",TRUE,TRUE
"cg00582557_BC21",TRUE,TRUE
"cg07741817_BC21",TRUE,TRUE
"cg06579458_BC21",TRUE,TRUE
"cg15087341_BC21",TRUE,TRUE
"cg06725923_BC21",TRUE,TRUE
"cg17160437_BC21",TRUE,TRUE
"cg25078079_BC21",TRUE,TRUE
"cg09747005_BC21",TRUE,TRUE
"cg02702708_BC21",TRUE,TRUE
"cg11534675_BC21",TRUE,TRUE
"cg06655326_BC21",TRUE,TRUE
"cg03704657_BC21",TRUE,TRUE
"cg22271879_BC21",TRUE,TRUE
"cg18278603_BC21",TRUE,TRUE
"cg18103963_BC21",TRUE,TRUE
"cg18519267_BC21",TRUE,TRUE
"cg18433943_BC21",TRUE,TRUE
"cg18016414_BC21",TRUE,TRUE
"cg11991151_BC21",TRUE,TRUE
"cg17891397_BC21",TRUE,TRUE
"cg11282070_BC21",TRUE,TRUE
"cg27036487_BC21",TRUE,TRUE
"cg27127883_BC21",TRUE,TRUE
"cg21908056_BC21",TRUE,TRUE
"cg09792650_BC21",TRUE,TRUE
"cg26856792_BC21",TRUE,TRUE
"cg06297160_BC21",TRUE,TRUE
"cg22520289_BC21",TRUE,TRUE
"cg10245086_BC21",TRUE,TRUE
"cg04773700_BC21",TRUE,TRUE
"cg00612979_BC21",TRUE,TRUE
"cg22331699_BC21",TRUE,TRUE
"cg11195856_BC21",TRUE,TRUE
"cg07645480_BC21",TRUE,TRUE
"cg00127560_BC21",TRUE,TRUE
"cg11581472_BC21",TRUE,TRUE
"cg26295874_BC21",TRUE,TRUE
"cg05460746_BC21",TRUE,TRUE
"cg12619363_BC21",TRUE,TRUE
"cg14602300_BC21",TRUE,TRUE
"cg17603313_BC21",TRUE,TRUE
"cg03625113_BC21",TRUE,TRUE
"cg03647833_BC21",TRUE,TRUE
"cg04160628_BC21",TRUE,TRUE
"cg02205940_BC21",TRUE,TRUE
"cg17265515_BC21",TRUE,TRUE
"cg13706609_BC21",TRUE,TRUE
"cg23654764_BC21",TRUE,TRUE
"cg25479122_BC21",TRUE,TRUE
"cg06285610_BC21",TRUE,TRUE
"cg07402797_BC21",TRUE,TRUE
"cg13021216_BC21",TRUE,TRUE
"cg05662885_BC21",TRUE,TRUE
"cg17342034_BC21",TRUE,TRUE
"cg24993177_BC21",TRUE,TRUE
"cg27565189_BC21",TRUE,TRUE
"cg09083667_BC21",TRUE,TRUE
"cg25209959_BC21",TRUE,TRUE
"cg19204179_BC21",TRUE,TRUE
"cg12371799_BC21",TRUE,TRUE
"cg12792097_BC21",TRUE,TRUE
"cg04396179_BC21",TRUE,TRUE
"cg26463933_BC21",TRUE,TRUE
"cg02045397_BC21",TRUE,TRUE
"cg11228763_BC21",TRUE,TRUE
"cg09213148_BC21",TRUE,TRUE
"cg11051980_BC21",TRUE,TRUE
"cg22247231_BC21",TRUE,TRUE
"cg04865495_BC21",TRUE,TRUE
"cg02700275_BC21",TRUE,TRUE
"cg02446036_BC21",TRUE,TRUE
"cg27788725_BC21",TRUE,TRUE
"cg01626050_BC21",TRUE,TRUE
"cg13027227_BC21",TRUE,TRUE
"cg12495189_BC21",TRUE,TRUE
"cg03565349_BC21",TRUE,TRUE
"cg14611964_BC21",TRUE,TRUE
"cg11563078_BC21",TRUE,TRUE
"cg11212334_BC21",TRUE,TRUE
"cg13871123_BC21",TRUE,TRUE
"cg06735349_BC21",TRUE,TRUE
"cg06973275_BC21",TRUE,TRUE
"cg24888665_BC21",TRUE,TRUE
"cg21908507_BC21",TRUE,TRUE
"cg11830877_BC21",TRUE,TRUE
"cg24732428_BC21",TRUE,TRUE
"cg24776903_BC21",TRUE,TRUE
"cg12849530_BC21",TRUE,TRUE
"cg20521128_BC21",TRUE,TRUE
"cg24129291_BC21",TRUE,TRUE
"cg12375919_BC21",TRUE,TRUE
"cg23394681_BC21",TRUE,TRUE
"cg18310072_BC21",TRUE,TRUE
"cg11525839_BC21",TRUE,TRUE
"cg10817033_BC21",TRUE,TRUE
"cg22085122_BC21",TRUE,TRUE
"cg16454212_BC21",TRUE,TRUE
"cg14708912_BC21",TRUE,TRUE
"cg27885948_BC21",TRUE,TRUE
"cg06571139_BC21",TRUE,TRUE
"cg19325036_BC21",TRUE,TRUE
"cg11067567_BC21",TRUE,TRUE
"cg07460632_BC21",TRUE,TRUE
"cg05520852_BC21",TRUE,TRUE
"cg20220518_BC21",TRUE,TRUE
"cg12001977_BC21",TRUE,TRUE
"cg13735174_BC21",TRUE,TRUE
"cg08627067_BC21",TRUE,TRUE
"cg07390769_BC21",TRUE,TRUE
"cg22453381_BC21",TRUE,TRUE
"cg14274617_BC21",TRUE,TRUE
"cg09866963_BC21",TRUE,TRUE
"cg23120275_BC21",TRUE,TRUE
"cg00892269_BC21",TRUE,TRUE
"cg05968222_BC21",TRUE,TRUE
"cg21147778_BC21",TRUE,TRUE
"cg24393184_BC21",TRUE,TRUE
"cg26870159_BC21",TRUE,TRUE
"cg14736341_BC21",TRUE,TRUE
"cg16006354_BC21",TRUE,TRUE
"cg17163163_BC21",TRUE,TRUE
"cg19993961_BC21",TRUE,TRUE
"cg22492745_BC21",TRUE,TRUE
"cg10270174_BC21",TRUE,TRUE
"cg14144317_BC21",TRUE,TRUE
"cg27500510_BC21",TRUE,TRUE
"cg09377741_BC21",TRUE,TRUE
"cg18040683_BC21",TRUE,TRUE
"cg00631550_BC21",TRUE,TRUE
"cg06308471_BC21",TRUE,TRUE
"cg00592598_BC21",TRUE,TRUE
"cg26745957_BC21",TRUE,TRUE
"cg18867119_BC21",TRUE,TRUE
"cg07280551_BC21",TRUE,TRUE
"cg26810467_BC21",TRUE,TRUE
"cg02369670_BC21",TRUE,TRUE
"cg05093194_BC21",TRUE,TRUE
"cg22426729_BC21",TRUE,TRUE
"cg04872573_BC21",TRUE,TRUE
"cg16636330_BC21",TRUE,TRUE
"cg26310780_BC21",TRUE,TRUE
"cg06796079_BC21",TRUE,TRUE
"cg02072305_BC21",TRUE,TRUE
"cg06002491_BC21",TRUE,TRUE
"cg25581251_BC21",TRUE,TRUE
"cg01642577_BC21",TRUE,TRUE
"cg16724760_BC21",TRUE,TRUE
"cg24237420_BC21",TRUE,TRUE
"cg11886568_BC21",TRUE,TRUE
"cg05073906_BC21",TRUE,TRUE
"cg09533074_BC21",TRUE,TRUE
"cg02583077_BC21",TRUE,TRUE
"cg21127878_BC21",TRUE,TRUE
"cg26837272_BC21",TRUE,TRUE
"cg02420056_BC21",TRUE,TRUE
"cg15056802_BC21",TRUE,TRUE
"cg09308544_BC21",TRUE,TRUE
"cg00158735_BC21",TRUE,TRUE
"cg27641191_BC21",TRUE,TRUE
"cg26465201_BC21",TRUE,TRUE
"cg10350894_BC21",TRUE,TRUE
"cg16614878_BC21",TRUE,TRUE
"cg23269671_BC21",TRUE,TRUE
"cg14916913_BC21",TRUE,TRUE
"cg03298447_BC21",TRUE,TRUE
"cg13601509_BC21",TRUE,TRUE
"cg24322282_BC21",TRUE,TRUE
"cg24218911_BC21",TRUE,TRUE
"cg16224321_BC21",TRUE,TRUE
"cg06595448_BC21",TRUE,TRUE
"cg25150293_BC21",TRUE,TRUE
"cg02143383_BC21",TRUE,TRUE
"cg02343098_BC21",TRUE,TRUE
"cg27739714_BC21",TRUE,TRUE
"cg24387312_BC21",TRUE,TRUE
"cg11761095_BC21",TRUE,TRUE
"cg00640090_BC21",TRUE,TRUE
"cg00663464_BC21",TRUE,TRUE
"cg00524818_BC21",TRUE,TRUE
"cg19597580_BC21",TRUE,TRUE
"cg19738332_BC21",TRUE,TRUE
"cg05028526_BC21",TRUE,TRUE
"cg20349333_BC21",TRUE,TRUE
"cg17775868_BC21",TRUE,TRUE
"cg14021222_BC21",TRUE,TRUE
"cg15018620_BC21",TRUE,TRUE
"cg00757160_BC21",TRUE,TRUE
"cg08003505_BC21",TRUE,TRUE
"cg15343405_BC21",TRUE,TRUE
"cg19702472_BC21",TRUE,TRUE
"cg19518925_BC21",TRUE,TRUE
"cg14721796_BC21",TRUE,TRUE
"cg15778107_BC21",TRUE,TRUE
"cg14864212_BC21",TRUE,TRUE
"cg21547437_BC21",TRUE,TRUE
"cg05997725_BC21",TRUE,TRUE
"cg05441094_BC21",TRUE,TRUE
"cg04484255_BC21",TRUE,TRUE
"cg13064202_BC21",TRUE,TRUE
"cg14111320_BC21",TRUE,TRUE
"cg19625397_BC21",TRUE,TRUE
"cg24942523_BC21",TRUE,TRUE
"cg15563114_BC21",TRUE,TRUE
"cg01157950_BC21",TRUE,TRUE
"cg22020396_BC21",TRUE,TRUE
"cg01064704_BC21",TRUE,TRUE
"cg01877188_BC21",TRUE,TRUE
"cg02231434_BC21",TRUE,TRUE
"cg16885081_BC21",TRUE,TRUE
"cg03679911_BC21",TRUE,TRUE
"cg05113038_BC21",TRUE,TRUE
"cg17768647_BC21",TRUE,TRUE
"cg11195861_BC21",TRUE,TRUE
"cg21872559_BC21",TRUE,TRUE
"cg27073817_BC21",TRUE,TRUE
"cg00715521_BC21",TRUE,TRUE
"cg22617570_BC21",TRUE,TRUE
"cg01061952_BC21",TRUE,TRUE
"cg20156329_BC21",TRUE,TRUE
"cg22939988_BC21",TRUE,TRUE
"cg02768778_BC21",TRUE,TRUE
"cg07608986_BC21",TRUE,TRUE
"cg10509091_BC21",TRUE,TRUE
"cg12258486_BC21",TRUE,TRUE
"cg13559955_BC21",TRUE,TRUE
"cg25870098_BC21",TRUE,TRUE
"cg17390061_BC21",TRUE,TRUE
"cg01923708_BC21",TRUE,TRUE
"cg19010136_BC21",TRUE,TRUE
"cg00212022_BC21",TRUE,TRUE
"cg18163889_BC21",TRUE,TRUE
"cg05663539_BC21",TRUE,TRUE
"cg27306929_BC21",TRUE,TRUE
"cg27539454_BC21",TRUE,TRUE
"cg02662240_BC21",TRUE,TRUE
"cg00906360_BC21",TRUE,TRUE
"cg10829409_BC21",TRUE,TRUE
"cg10255741_BC21",TRUE,TRUE
"cg08888175_BC21",TRUE,TRUE
"cg08981801_BC21",TRUE,TRUE
"cg20422467_BC21",TRUE,TRUE
"cg11247836_BC21",TRUE,TRUE
"cg06387910_BC21",TRUE,TRUE
"cg22490045_BC21",TRUE,TRUE
"cg07476377_BC21",TRUE,TRUE
"cg23660721_BC21",TRUE,TRUE
"cg24642956_BC21",TRUE,TRUE
"cg02104063_BC21",TRUE,TRUE
"cg08714048_BC21",TRUE,TRUE
"cg08010168_BC21",TRUE,TRUE
"cg05689210_BC21",TRUE,TRUE
"cg17378179_BC21",TRUE,TRUE
"cg04933933_BC21",TRUE,TRUE
"cg06833618_BC21",TRUE,TRUE
"cg22134401_BC21",TRUE,TRUE
"cg16093891_BC21",TRUE,TRUE
"cg18224080_BC21",TRUE,TRUE
"cg23255628_BC21",TRUE,TRUE
"cg23251824_BC21",TRUE,TRUE
"cg13865905_BC21",TRUE,TRUE
"cg21669120_BC21",TRUE,TRUE
"cg23087288_BC21",TRUE,TRUE
"cg15122786_BC21",TRUE,TRUE
"cg14389235_BC21",TRUE,TRUE
"cg18065023_BC21",TRUE,TRUE
"cg27799308_BC21",TRUE,TRUE
"cg19936382_BC21",TRUE,TRUE
"cg20223340_BC21",TRUE,TRUE
"cg14771447_BC21",TRUE,TRUE
"cg14809239_BC21",TRUE,TRUE
"cg15460318_BC21",TRUE,TRUE
"cg15819894_BC21",TRUE,TRUE
"cg16148491_BC21",TRUE,TRUE
"cg16697363_BC21",TRUE,TRUE
"cg20843816_BC21",TRUE,TRUE
"cg25139689_BC21",TRUE,TRUE
"cg27815718_BC21",TRUE,TRUE
"cg27155093_BC21",TRUE,TRUE
"cg26130313_BC21",TRUE,TRUE
"cg22323132_BC21",TRUE,TRUE
"cg22936552_BC21",TRUE,TRUE
"cg23673861_BC21",TRUE,TRUE
"cg27882783_BC21",TRUE,TRUE
"cg02793577_BC21",TRUE,TRUE
"cg01800064_BC21",TRUE,TRUE
"cg03955052_BC21",TRUE,TRUE
"cg04004308_BC21",TRUE,TRUE
"cg04630101_BC21",TRUE,TRUE
"cg04891379_BC21",TRUE,TRUE
"cg13462918_BC21",TRUE,TRUE
"cg13550272_BC21",TRUE,TRUE
"cg13653819_BC21",TRUE,TRUE
"cg09410332_BC21",TRUE,TRUE
"cg10185344_BC21",TRUE,TRUE
"cg14025120_BC21",TRUE,TRUE
"cg12500040_BC21",TRUE,TRUE
"cg11285772_BC21",TRUE,TRUE
"cg01944737_BC21",TRUE,TRUE
"cg27679001_BC21",TRUE,TRUE
"cg07676420_BC21",TRUE,TRUE
"cg06958948_BC21",TRUE,TRUE
"cg21679876_BC21",TRUE,TRUE
"cg18795251_BC21",TRUE,TRUE
"cg25719318_BO21",TRUE,TRUE
"cg04250233_BC21",TRUE,TRUE
"cg04623571_BC21",TRUE,TRUE
"cg00229502_BC21",TRUE,TRUE
"cg23243948_BC21",TRUE,TRUE
"cg22868983_BC21",TRUE,TRUE
"cg01412254_BC21",TRUE,TRUE
"cg12534559_BC21",TRUE,TRUE
"cg22477419_BC21",TRUE,TRUE
"cg17094580_BC21",TRUE,TRUE
"cg10529210_BC21",TRUE,TRUE
"cg05525845_BC21",TRUE,TRUE
"cg07584380_BC21",TRUE,TRUE
"cg06191806_BC21",TRUE,TRUE
"cg17221508_BC21",TRUE,TRUE
"cg18412780_BC21",TRUE,TRUE
"cg12876478_BC21",TRUE,TRUE
"cg15116103_BC21",TRUE,TRUE
"cg13515043_BC21",TRUE,TRUE
"cg13755616_BC21",TRUE,TRUE
"cg13273503_BC21",TRUE,TRUE
"cg08048296_BC21",TRUE,TRUE
"cg07756906_BC21",TRUE,TRUE
"cg08759196_BC21",TRUE,TRUE
"cg04648305_BC21",TRUE,TRUE
"cg06402665_BC21",TRUE,TRUE
"cg04390689_BC21",TRUE,TRUE
"cg02945871_BC21",TRUE,TRUE
"cg17163830_BC21",TRUE,TRUE
"cg13150849_BC21",TRUE,TRUE
"cg02806079_BC21",TRUE,TRUE
"cg12045757_BC21",TRUE,TRUE
"cg17894436_BC21",TRUE,TRUE
"cg14101384_BC21",TRUE,TRUE
"cg20857421_BC21",TRUE,TRUE
"cg04185639_BC21",TRUE,TRUE
"cg02763370_BC21",TRUE,TRUE
"cg05103078_BC21",TRUE,TRUE
"cg05713467_BC21",TRUE,TRUE
"cg09910308_BC21",TRUE,TRUE
"cg27537523_BC21",TRUE,TRUE
"cg14705391_BC21",TRUE,TRUE
"cg03974886_BC21",TRUE,TRUE
"cg09852679_BC21",TRUE,TRUE
"cg05837520_BC21",TRUE,TRUE
"cg09881646_BC21",TRUE,TRUE
"cg20550149_BC21",TRUE,TRUE
"cg13637747_BC21",TRUE,TRUE
"cg13212223_BC21",TRUE,TRUE
"cg19692289_BC21",TRUE,TRUE
"cg17895788_BC21",TRUE,TRUE
"cg13150939_BC21",TRUE,TRUE
"cg27333707_BC21",TRUE,TRUE
"cg00855125_BC21",TRUE,TRUE
"cg00482267_BC21",TRUE,TRUE
"cg11319238_BC21",TRUE,TRUE
"cg02903983_BC21",TRUE,TRUE
"cg20939322_TC21",TRUE,TRUE
"cg20911986_TC21",TRUE,TRUE
"cg12635263_BC21",TRUE,TRUE
"cg15440402_BC21",TRUE,TRUE
"cg16601590_BC21",TRUE,TRUE
"cg20595271_TC21",TRUE,TRUE
"cg27058221_TC21",TRUE,TRUE
"cg01887804_BC21",TRUE,TRUE
"cg01680674_BC21",TRUE,TRUE
"cg22067481_TC21",TRUE,TRUE
"cg20478934_TC21",TRUE,TRUE
"cg05866150_TC21",TRUE,TRUE
"cg13913085_BC21",TRUE,TRUE
"cg12426653_TC21",TRUE,TRUE
"cg00749520_TC21",TRUE,TRUE
"cg24419602_BC21",TRUE,TRUE
"cg17789193_TC21",TRUE,TRUE
"cg17140034_BC21",TRUE,TRUE
"cg26967272_BC21",TRUE,TRUE
"cg17176698_BC21",TRUE,TRUE
"cg14383327_BC21",TRUE,TRUE
"cg06231362_BC21",TRUE,TRUE
"cg00272582_TC21",TRUE,TRUE
"cg14273923_TC21",TRUE,TRUE
"cg21245521_BC21",TRUE,TRUE
"cg21221206_TC21",TRUE,TRUE
"cg21081962_BC21",TRUE,TRUE
"cg02455209_BC21",TRUE,TRUE
"cg13706967_BC21",TRUE,TRUE
"cg13706966_BC21",TRUE,TRUE
"cg13656850_TC21",TRUE,TRUE
"cg13408363_BC21",TRUE,TRUE
"cg26217848_BC21",TRUE,TRUE
"cg25488844_BC21",TRUE,TRUE
"cg08721870_TC21",TRUE,TRUE
"cg08427012_BC21",TRUE,TRUE
"cg08400829_TC21",TRUE,TRUE
"cg08296273_TC21",TRUE,TRUE
"cg08264975_BC21",TRUE,TRUE
"cg08103741_BC21",TRUE,TRUE
"cg08100359_TC21",TRUE,TRUE
"cg00477377_BC21",TRUE,TRUE
"cg00380931_TC21",TRUE,TRUE
"cg00369165_TC21",TRUE,TRUE
"cg27530404_BC21",TRUE,TRUE
"cg27530301_BC21",TRUE,TRUE
"cg27530250_BC21",TRUE,TRUE
"cg27530182_TC21",TRUE,TRUE
"cg27529931_BC21",TRUE,TRUE
"cg27225922_BC21",TRUE,TRUE
"cg27225918_TC21",TRUE,TRUE
"cg27225799_TC21",TRUE,TRUE
"cg20884203_BC21",TRUE,TRUE
"cg20873641_TC21",TRUE,TRUE
"cg20815394_TC21",TRUE,TRUE
"cg17343791_BC21",TRUE,TRUE
"cg17343666_BC21",TRUE,TRUE
"cg17158595_TC21",TRUE,TRUE
"cg16866208_TC21",TRUE,TRUE
"cg16866060_TC21",TRUE,TRUE
"cg16865672_TC21",TRUE,TRUE
"cg16865630_BC21",TRUE,TRUE
"cg01782207_BC21",TRUE,TRUE
"cg07911969_BC21",TRUE,TRUE
"cg04302096_BC21",TRUE,TRUE
"cg20494442_TC21",TRUE,TRUE
"cg20425382_BC21",TRUE,TRUE
"cg04089103_TC21",TRUE,TRUE
"cg04031632_BC21",TRUE,TRUE
"cg03974886_BC22",TRUE,TRUE
"cg03969158_TC21",TRUE,TRUE
"cg03933044_BC21",TRUE,TRUE
"cg03917872_BC21",TRUE,TRUE
"cg03911739_TC21",TRUE,TRUE
"cg03863084_TC21",TRUE,TRUE
"cg03766031_BC21",TRUE,TRUE
"cg03753230_TC21",TRUE,TRUE
"cg25869271_TC21",TRUE,TRUE
"cg25860375_TC21",TRUE,TRUE
"cg25706492_BC21",TRUE,TRUE
"cg25692652_TC21",TRUE,TRUE
"cg25544272_TC21",TRUE,TRUE
"cg16888705_BC21",TRUE,TRUE
"cg16881434_TC21",TRUE,TRUE
"cg16876540_BC21",TRUE,TRUE
"cg16773549_TC21",TRUE,TRUE
"cg16652695_BC21",TRUE,TRUE
"cg06975373_BC21",TRUE,TRUE
"cg06735104_TC21",TRUE,TRUE
"cg06732929_TC21",TRUE,TRUE
"cg06697408_TC21",TRUE,TRUE
"cg06455611_BC21",TRUE,TRUE
"cg06452854_BC21",TRUE,TRUE
"cg05811800_TC21",TRUE,TRUE
"cg05724753_TC21",TRUE,TRUE
"cg05676172_BC21",TRUE,TRUE
"cg09836374_TC21",TRUE,TRUE
"cg08390086_TC21",TRUE,TRUE
"cg08389634_BC21",TRUE,TRUE
"cg13763059_BC21",TRUE,TRUE
"cg13763058_TC21",TRUE,TRUE
"cg13761908_TC21",TRUE,TRUE
"cg13745599_TC21",TRUE,TRUE
"cg13745588_TC21",TRUE,TRUE
"cg13745569_TC21",TRUE,TRUE
"cg03738475_BC21",TRUE,TRUE
"cg03646499_TC21",TRUE,TRUE
"cg16755361_TC21",TRUE,TRUE
"cg16686165_BC21",TRUE,TRUE
"cg15946325_BC21",TRUE,TRUE
"cg13387652_BC21",TRUE,TRUE
"cg13027978_BC21",TRUE,TRUE
"cg12790975_BC22",TRUE,TRUE
"cg12759138_BC21",TRUE,TRUE
"cg21821368_TC21",TRUE,TRUE
"cg21772582_BC21",TRUE,TRUE
"cg21746891_BC21",TRUE,TRUE
"cg18874861_BC21",TRUE,TRUE
"cg18874852_TC21",TRUE,TRUE
"cg18719562_TC21",TRUE,TRUE
"cg18719414_BC21",TRUE,TRUE
"cg18718843_BC21",TRUE,TRUE
"cg18552495_BC21",TRUE,TRUE
"cg01904171_BC21",TRUE,TRUE
"cg01872514_BC21",TRUE,TRUE
"cg01771592_BC21",TRUE,TRUE
"cg01771591_TC21",TRUE,TRUE
"cg01591425_BC21",TRUE,TRUE
"cg01201449_BC21",TRUE,TRUE
"cg18505253_BC21",TRUE,TRUE
"cg18008416_BC21",TRUE,TRUE
"cg17983647_TC21",TRUE,TRUE
"cg17791506_TC21",TRUE,TRUE
"cg17788881_BC21",TRUE,TRUE
"cg17771322_TC21",TRUE,TRUE
"cg17426545_TC21",TRUE,TRUE
"cg09728077_BC21",TRUE,TRUE
"cg09691724_BC21",TRUE,TRUE
"cg09647359_BC21",TRUE,TRUE
"cg09646379_BC21",TRUE,TRUE
"cg09642755_TC21",TRUE,TRUE
"cg09604510_TC21",TRUE,TRUE
"cg09594338_TC21",TRUE,TRUE
"cg25893047_TC21",TRUE,TRUE
"cg06059081_BC21",TRUE,TRUE
"cg05925114_TC21",TRUE,TRUE
"cg05865147_BC21",TRUE,TRUE
"cg05643768_BC21",TRUE,TRUE
"cg05643554_BC21",TRUE,TRUE
"cg05643532_BC21",TRUE,TRUE
"cg10239918_TC21",TRUE,TRUE
"cg10239917_TC21",TRUE,TRUE
"cg10183897_TC21",TRUE,TRUE
"cg27516419_TC21",TRUE,TRUE
"cg27453407_TC21",TRUE,TRUE
"cg27452878_TC21",TRUE,TRUE
"cg27452876_TC21",TRUE,TRUE
"cg27312106_TC21",TRUE,TRUE
"cg27298681_BC21",TRUE,TRUE
"cg27298675_TC21",TRUE,TRUE
"cg27256325_BC21",TRUE,TRUE
"cg27224352_BC21",TRUE,TRUE
"cg18562373_TC21",TRUE,TRUE
"cg12361081_TC21",TRUE,TRUE
"cg12221708_BC21",TRUE,TRUE
"cg11951267_TC21",TRUE,TRUE
"cg13734743_TC21",TRUE,TRUE
"cg13373438_BC21",TRUE,TRUE
"cg10169515_TC22",TRUE,TRUE
"cg09895378_TC21",TRUE,TRUE
"cg09895372_BC21",TRUE,TRUE
"cg09758667_TC21",TRUE,TRUE
"cg09559760_TC21",TRUE,TRUE
"cg09041818_TC21",TRUE,TRUE
"cg04010139_BC21",TRUE,TRUE
"cg03982071_TC21",TRUE,TRUE
"cg03974197_TC21",TRUE,TRUE
"cg03921923_TC21",TRUE,TRUE
"cg20433305_TC21",TRUE,TRUE
"cg07855386_TC21",TRUE,TRUE
"cg07736985_BC21",TRUE,TRUE
"cg07736979_TC21",TRUE,TRUE
"cg14630593_TC21",TRUE,TRUE
"cg05531510_TC21",TRUE,TRUE
"cg22520922_BC21",TRUE,TRUE
"cg22228448_BC21",TRUE,TRUE
"cg19223276_BC21",TRUE,TRUE
"cg10319139_TC21",TRUE,TRUE
"cg10126833_TC21",TRUE,TRUE
"cg10018818_BC21",TRUE,TRUE
"cg10005871_TC21",TRUE,TRUE
"cg09977136_BC21",TRUE,TRUE
"cg09965027_TC21",TRUE,TRUE
"cg09880543_TC21",TRUE,TRUE
"cg23066436_BC21",TRUE,TRUE
"cg16589970_BC21",TRUE,TRUE
"cg16589953_BC21",TRUE,TRUE
"cg23362769_TC21",TRUE,TRUE
"cg18408988_BC21",TRUE,TRUE
"cg18170648_BC21",TRUE,TRUE
"cg16673977_TC21",TRUE,TRUE
"cg16617293_BC21",TRUE,TRUE
"cg16112924_BC21",TRUE,TRUE
"cg16009398_BC21",TRUE,TRUE
"cg01538208_BC21",TRUE,TRUE
"cg01423686_BC21",TRUE,TRUE
"cg01276256_TC21",TRUE,TRUE
"cg14154385_BC21",TRUE,TRUE
"cg14151915_BC21",TRUE,TRUE
"cg13866395_BC21",TRUE,TRUE
"cg13853963_BC21",TRUE,TRUE
"cg08838702_TC21",TRUE,TRUE
"cg27405604_BC21",TRUE,TRUE
"cg27295010_TC21",TRUE,TRUE
"cg27280849_TC21",TRUE,TRUE
"cg27268526_BC21",TRUE,TRUE
"cg27242309_BC21",TRUE,TRUE
"cg27224302_TC21",TRUE,TRUE
"cg27100256_BC21",TRUE,TRUE
"cg13369551_TC21",TRUE,TRUE
"cg12830041_BC21",TRUE,TRUE
"cg12671922_TC21",TRUE,TRUE
"cg06721677_TC21",TRUE,TRUE
"cg06693549_TC21",TRUE,TRUE
"cg06684943_BC21",TRUE,TRUE
"cg06647231_BC21",TRUE,TRUE
"cg06622874_TC21",TRUE,TRUE
"cg03899052_TC21",TRUE,TRUE
"cg03627231_BC21",TRUE,TRUE
"cg03582302_TC21",TRUE,TRUE
"cg15120823_BC21",TRUE,TRUE
"cg15111400_TC21",TRUE,TRUE
"cg15058582_BC22",TRUE,TRUE
"cg14865325_BC21",TRUE,TRUE
"cg26347359_TC22",TRUE,TRUE
"cg27599845_TC21",TRUE,TRUE
"cg26652489_TC21",TRUE,TRUE
"cg26641939_TC21",TRUE,TRUE
"cg07897463_TC21",TRUE,TRUE
"cg07897223_BC21",TRUE,TRUE
"cg07897175_BC21",TRUE,TRUE
"cg07897126_BC21",TRUE,TRUE
"cg24036317_BC21",TRUE,TRUE
"cg23613766_BC21",TRUE,TRUE
"cg18837867_BC21",TRUE,TRUE
"cg10500552_TC21",TRUE,TRUE
"cg10079353_BC21",TRUE,TRUE
"cg02001101_TC22",TRUE,TRUE
"cg01954313_BC21",TRUE,TRUE
"cg01805503_TC21",TRUE,TRUE
"cg01781409_BC21",TRUE,TRUE
"cg01773177_TC21",TRUE,TRUE
"cg01753254_BC21",TRUE,TRUE
"cg01668578_BC21",TRUE,TRUE
"cg27724110_TC21",TRUE,TRUE
"cg27604123_BC21",TRUE,TRUE
"cg27555903_TC21",TRUE,TRUE
"cg27461131_TC21",TRUE,TRUE
"cg19688576_TC21",TRUE,TRUE
"cg19688575_TC21",TRUE,TRUE
"cg23757455_BC21",TRUE,TRUE
"cg07177389_TC21",TRUE,TRUE
"cg07127973_TC21",TRUE,TRUE
"cg07011493_BC21",TRUE,TRUE
"cg07004161_BC21",TRUE,TRUE
"cg06938003_TC21",TRUE,TRUE
"cg06877969_BC21",TRUE,TRUE
"cg06869267_TC21",TRUE,TRUE
"cg06782341_TC21",TRUE,TRUE
"cg06780904_TC21",TRUE,TRUE
"cg07906362_BC21",TRUE,TRUE
"cg22408517_BC21",TRUE,TRUE
"cg22359031_BC21",TRUE,TRUE
"cg22759558_TC21",TRUE,TRUE
"cg22617719_BC21",TRUE,TRUE
"cg22617636_TC21",TRUE,TRUE
"cg22617505_TC21",TRUE,TRUE
"cg22617363_BC21",TRUE,TRUE
"cg22616909_TC21",TRUE,TRUE
"cg22461799_BC21",TRUE,TRUE
"cg10089813_BC21",TRUE,TRUE
"cg09950493_BC21",TRUE,TRUE
"cg09237016_BC21",TRUE,TRUE
"cg03676240_BC21",TRUE,TRUE
"cg03629949_BC21",TRUE,TRUE
"cg03464908_BC21",TRUE,TRUE
"cg03308856_BC21",TRUE,TRUE
"cg02848279_TC21",TRUE,TRUE
"cg02847307_BC21",TRUE,TRUE
"cg02681672_TC21",TRUE,TRUE
"cg08068383_BC21",TRUE,TRUE
"cg10718469_TC21",TRUE,TRUE
"cg10700187_TC21",TRUE,TRUE
"cg10672780_BC21",TRUE,TRUE
"cg17279221_TC21",TRUE,TRUE
"cg17188880_TC21",TRUE,TRUE
"cg17066632_BC21",TRUE,TRUE
"cg17014316_BC21",TRUE,TRUE
"cg08695335_TC21",TRUE,TRUE
"cg08638698_TC21",TRUE,TRUE
"cg08580475_BC21",TRUE,TRUE
"cg19778813_BC21",TRUE,TRUE
"cg01016742_BC21",TRUE,TRUE
"cg01016741_BC21",TRUE,TRUE
"cg11056009_TC21",TRUE,TRUE
"cg26720888_TC21",TRUE,TRUE
"cg00740217_TC21",TRUE,TRUE
"cg02782345_TC21",TRUE,TRUE
"cg02479140_TC21",TRUE,TRUE
"cg02362520_TC21",TRUE,TRUE
"cg02251322_TC21",TRUE,TRUE
"cg13758621_BC21",TRUE,TRUE
"cg05309399_TC22",TRUE,TRUE
"cg03943268_TC21",TRUE,TRUE
"cg03939065_BC21",TRUE,TRUE
"cg23229344_BC21",TRUE,TRUE
"cg23172061_BC21",TRUE,TRUE
"cg22561672_TC21",TRUE,TRUE
"cg23649130_TC21",TRUE,TRUE
"cg26716197_TC21",TRUE,TRUE
"cg26593635_BC21",TRUE,TRUE
"cg26103902_BC21",TRUE,TRUE
"cg25914884_TC21",TRUE,TRUE
"cg05438259_BC21",TRUE,TRUE
"cg05391420_TC21",TRUE,TRUE
"cg05380209_TC21",TRUE,TRUE
"cg26971064_TC21",TRUE,TRUE
"cg27912920_TC21",TRUE,TRUE
"cg27835705_TC21",TRUE,TRUE
"cg27690815_BC21",TRUE,TRUE
"cg27684521_BC21",TRUE,TRUE
"cg27631710_BC21",TRUE,TRUE
"cg15026998_BC22",TRUE,TRUE
"cg10960647_TC21",TRUE,TRUE
"cg10844806_TC21",TRUE,TRUE
"cg04449352_TC21",TRUE,TRUE
"cg03034305_BC21",TRUE,TRUE
"cg02961651_TC21",TRUE,TRUE
"cg02928570_BC21",TRUE,TRUE
"cg02798192_TC21",TRUE,TRUE
"cg04671901_BC21",TRUE,TRUE
"cg04219134_TC21",TRUE,TRUE
"cg04095914_BC21",TRUE,TRUE
"cg03990141_BC21",TRUE,TRUE
"cg18095231_TC21",TRUE,TRUE
"cg18080895_BC21",TRUE,TRUE
"cg17946490_TC21",TRUE,TRUE
"cg17888004_TC21",TRUE,TRUE
"cg17882745_BC21",TRUE,TRUE
"cg17851250_BC21",TRUE,TRUE
"cg17654734_BC21",TRUE,TRUE
"cg17530026_BC21",TRUE,TRUE
"cg17358523_TC21",TRUE,TRUE
"cg17341412_TC22",TRUE,TRUE
"cg13002097_BC21",TRUE,TRUE
"cg13002095_BC21",TRUE,TRUE
"cg00484861_TC21",TRUE,TRUE
"cg25597644_BC21",TRUE,TRUE
"cg23138149_BC21",TRUE,TRUE
"cg26916272_BC21",TRUE,TRUE
"cg26809836_BC21",TRUE,TRUE
"cg08240849_TC21",TRUE,TRUE
"cg08024776_BC21",TRUE,TRUE
"cg08018833_BC21",TRUE,TRUE
"cg07879094_TC21",TRUE,TRUE
"cg07448068_BC21",TRUE,TRUE
"cg07432644_BC21",TRUE,TRUE
"cg07400209_TC21",TRUE,TRUE
"cg07385036_TC21",TRUE,TRUE
"cg01111154_TC21",TRUE,TRUE
"cg01044271_BC21",TRUE,TRUE
"cg25281144_TC21",TRUE,TRUE
"cg13396136_BC21",TRUE,TRUE
"cg12747664_TC21",TRUE,TRUE
"cg12738977_BC21",TRUE,TRUE
"cg12735725_TC21",TRUE,TRUE
"cg12620484_BC21",TRUE,TRUE
"cg12495605_BC21",TRUE,TRUE
"cg12495603_BC21",TRUE,TRUE
"cg12495599_BC22",TRUE,TRUE
"cg14103476_TC21",TRUE,TRUE
"cg14025424_BC21",TRUE,TRUE
"cg17964505_BC22",TRUE,TRUE
"cg20097403_TC21",TRUE,TRUE
"cg20097397_TC21",TRUE,TRUE
"cg05197413_BC21",TRUE,TRUE
"cg05190807_TC21",TRUE,TRUE
"cg04921886_TC21",TRUE,TRUE
"cg24950764_TC21",TRUE,TRUE
"cg27225427_TC21",TRUE,TRUE
"cg27225425_BC21",TRUE,TRUE
"cg27225421_BC21",TRUE,TRUE
"cg26982621_BC21",TRUE,TRUE
"cg26982253_TC21",TRUE,TRUE
"cg16865561_TC21",TRUE,TRUE
"cg16865461_BC21",TRUE,TRUE
"cg11924984_TC21",TRUE,TRUE
"cg00929137_TC21",TRUE,TRUE
"cg00998462_TC21",TRUE,TRUE
"cg26574926_TC21",TRUE,TRUE
"cg08328832_BC21",TRUE,TRUE
"cg19606643_TC21",TRUE,TRUE
"cg19516184_BC21",TRUE,TRUE
"cg19353469_TC21",TRUE,TRUE
"cg19329842_BC21",TRUE,TRUE
"cg19018577_BC21",TRUE,TRUE
"cg18923227_BC21",TRUE,TRUE
"cg18869957_BC21",TRUE,TRUE
"cg18787018_TC21",TRUE,TRUE
"cg18763194_TC21",TRUE,TRUE
"cg18680182_TC21",TRUE,TRUE
"cg18679734_TC21",TRUE,TRUE
"cg18670877_TC21",TRUE,TRUE
"cg18670876_BC21",TRUE,TRUE
"cg12945601_TC21",TRUE,TRUE
"cg12754593_BC21",TRUE,TRUE
"cg19318945_BC21",TRUE,TRUE
"cg19863691_TC21",TRUE,TRUE
"cg19855556_BC21",TRUE,TRUE
"cg19576076_TC22",TRUE,TRUE
"cg11872432_TC21",TRUE,TRUE
"cg11690708_TC21",TRUE,TRUE
"cg11578963_TC21",TRUE,TRUE
"cg11435126_BC21",TRUE,TRUE
"cg26584624_BC21",TRUE,TRUE
"cg15576743_TC21",TRUE,TRUE
"cg15552500_TC21",TRUE,TRUE
"cg15317104_TC21",TRUE,TRUE
"cg15980584_BC21",TRUE,TRUE
"cg15967638_BC21",TRUE,TRUE
"cg15716324_TC21",TRUE,TRUE
"cg15571147_TC21",TRUE,TRUE
"cg24990023_BC21",TRUE,TRUE
"cg24948590_BC21",TRUE,TRUE
"cg24945763_TC21",TRUE,TRUE
"cg24937901_TC21",TRUE,TRUE
"cg24397155_TC21",TRUE,TRUE
"cg24395913_BC21",TRUE,TRUE
"cg21169049_BC21",TRUE,TRUE
"cg06581928_TC21",TRUE,TRUE
"cg13793602_TC21",TRUE,TRUE
"cg16107764_TC21",TRUE,TRUE
"cg12137618_BC21",TRUE,TRUE
"cg12098431_TC21",TRUE,TRUE
"cg11654842_BC21",TRUE,TRUE
"cg11630434_TC21",TRUE,TRUE
"cg25302946_TC21",TRUE,TRUE
"cg12425434_BC21",TRUE,TRUE
"cg07369081_BC21",TRUE,TRUE
"cg07363205_BC21",TRUE,TRUE
"cg07359509_BC21",TRUE,TRUE
"cg07056146_BC21",TRUE,TRUE
"cg26917757_TC21",TRUE,TRUE
"cg26913821_BC21",TRUE,TRUE
"cg26810467_BC22",TRUE,TRUE
"cg26810463_TC21",TRUE,TRUE
"cg26360085_TC21",TRUE,TRUE
"cg26360084_BC21",TRUE,TRUE
"cg12714063_TC21",TRUE,TRUE
"cg12691823_TC21",TRUE,TRUE
"cg15167392_TC21",TRUE,TRUE
"cg01170456_BC21",TRUE,TRUE
"cg10756702_BC21",TRUE,TRUE
"cg10659983_BC21",TRUE,TRUE
"cg10365758_BC21",TRUE,TRUE
"cg24929249_BC21",TRUE,TRUE
"cg24370837_BC21",TRUE,TRUE
"cg24333782_BC21",TRUE,TRUE
"cg24313420_TC21",TRUE,TRUE
"cg23518483_BC21",TRUE,TRUE
"cg13809359_TC21",TRUE,TRUE
"cg13809358_BC21",TRUE,TRUE
"cg25626355_TC21",TRUE,TRUE
"cg25368803_BC21",TRUE,TRUE
"cg11971189_TC21",TRUE,TRUE
"cg11816346_TC21",TRUE,TRUE
"cg11581868_BC21",TRUE,TRUE
"cg11539219_BC21",TRUE,TRUE
"cg11440328_BC21",TRUE,TRUE
"cg11288189_BC21",TRUE,TRUE
"cg11217075_BC21",TRUE,TRUE
"cg10896869_BC21",TRUE,TRUE
"cg14760822_BC21",TRUE,TRUE
"cg05198872_BC21",TRUE,TRUE
"cg05104784_TC21",TRUE,TRUE
"cg04751784_TC21",TRUE,TRUE
"cg04630791_BC21",TRUE,TRUE
"cg26967392_BC21",TRUE,TRUE
"cg26903296_BC21",TRUE,TRUE
"cg17465178_BC21",TRUE,TRUE
"cg17274370_BC21",TRUE,TRUE
"cg17183085_BC21",TRUE,TRUE
"cg09258344_BC21",TRUE,TRUE
"cg09162690_BC21",TRUE,TRUE
"cg09130823_BC22",TRUE,TRUE
"cg14760670_BC21",TRUE,TRUE
"cg14268568_BC21",TRUE,TRUE
"cg17770622_TC21",TRUE,TRUE
"cg15586034_BC21",TRUE,TRUE
"cg14856628_BC21",TRUE,TRUE
"cg25890623_BC21",TRUE,TRUE
"cg14119360_BC21",TRUE,TRUE
"cg14119229_BC21",TRUE,TRUE
"cg19122275_BC21",TRUE,TRUE
"cg23966720_TC21",TRUE,TRUE
"cg16436843_BC21",TRUE,TRUE
"cg15102202_TC21",TRUE,TRUE
"cg15102178_BC21",TRUE,TRUE
"cg15079491_TC21",TRUE,TRUE
"cg15062808_BC21",TRUE,TRUE
"cg21072260_BC21",TRUE,TRUE
"cg19398589_BC21",TRUE,TRUE
"cg19395942_BC21",TRUE,TRUE
"cg20433261_TC21",TRUE,TRUE
"cg20406474_BC21",TRUE,TRUE
"cg20369724_TC21",TRUE,TRUE
"cg20346751_BC21",TRUE,TRUE
"cg26824000_TC21",TRUE,TRUE
"cg26813067_BC21",TRUE,TRUE
"cg26803161_BC21",TRUE,TRUE
"cg12905199_TC21",TRUE,TRUE
"cg00265575_TC21",TRUE,TRUE
"cg12482747_BC21",TRUE,TRUE
"cg12447572_TC21",TRUE,TRUE
"cg26274168_TC21",TRUE,TRUE
"cg26246554_BC21",TRUE,TRUE
"cg26243644_BC21",TRUE,TRUE
"cg26220697_TC21",TRUE,TRUE
"cg16865530_BC21",TRUE,TRUE
"cg16828325_BC21",TRUE,TRUE
"cg16828299_BC21",TRUE,TRUE
"cg16827868_TC21",TRUE,TRUE
"cg16824382_TC21",TRUE,TRUE
"cg16479763_BC21",TRUE,TRUE
"cg16479370_TC21",TRUE,TRUE
"cg23158942_BC21",TRUE,TRUE
"cg03425772_TC21",TRUE,TRUE
"cg26700356_TC21",TRUE,TRUE
"cg26698562_BC21",TRUE,TRUE
"cg26707891_TC21",TRUE,TRUE
"cg19267880_BC21",TRUE,TRUE
"cg19156138_BC21",TRUE,TRUE
"cg22729280_BC21",TRUE,TRUE
"cg25926599_BC21",TRUE,TRUE
"cg16205434_BC21",TRUE,TRUE
"cg16189999_BC21",TRUE,TRUE
"cg16169328_BC21",TRUE,TRUE
"cg17642897_TC21",TRUE,TRUE
"cg14597221_TC21",TRUE,TRUE
"cg14583494_TC21",TRUE,TRUE
"cg14540492_TC21",TRUE,TRUE
"cg01553554_BC21",TRUE,TRUE
"cg01552958_TC21",TRUE,TRUE
"cg01545630_BC21",TRUE,TRUE
"cg27563642_BC21",TRUE,TRUE
"cg27559538_TC21",TRUE,TRUE
"cg27558702_BC21",TRUE,TRUE
"cg27509302_BC21",TRUE,TRUE
"cg27483691_BC21",TRUE,TRUE
"cg27468743_BC21",TRUE,TRUE
"cg27450131_BC21",TRUE,TRUE
"cg13387650_TC21",TRUE,TRUE
"cg26894969_TC21",TRUE,TRUE
"cg07755271_BC21",TRUE,TRUE
"cg27320392_TC21",TRUE,TRUE
"cg27309669_BC21",TRUE,TRUE
"cg23761421_BC21",TRUE,TRUE
"cg23656010_BC21",TRUE,TRUE
"cg24199098_TC21",TRUE,TRUE
"cg09165153_BC21",TRUE,TRUE
"cg08916556_TC21",TRUE,TRUE
"cg26088226_TC21",TRUE,TRUE
"cg26065145_BC21",TRUE,TRUE
"cg16890381_BC21",TRUE,TRUE
"cg05358800_BC21",TRUE,TRUE
"cg05205676_BC21",TRUE,TRUE
"cg08353705_BC21",TRUE,TRUE
"cg17125080_BC21",TRUE,TRUE
"cg18631716_TC21",TRUE,TRUE
"cg18589111_TC21",TRUE,TRUE
"cg07151807_BC21",TRUE,TRUE
"cg07143366_TC21",TRUE,TRUE
"cg06937270_BC21",TRUE,TRUE
"cg17290059_BC21",TRUE,TRUE
"cg05747732_BC21",TRUE,TRUE
"cg26501614_TC21",TRUE,TRUE
"cg26495111_BC21",TRUE,TRUE
"cg13582261_TC21",TRUE,TRUE
"cg13561626_BC21",TRUE,TRUE
"cg13519730_BC21",TRUE,TRUE
"cg13498012_BC21",TRUE,TRUE
"cg13493918_BC21",TRUE,TRUE
"cg02194395_TC21",TRUE,TRUE
"cg02165521_BC21",TRUE,TRUE
"cg02138752_TC21",TRUE,TRUE
"cg02123862_TC21",TRUE,TRUE
"cg11365234_BC21",TRUE,TRUE
"cg01781565_BC21",TRUE,TRUE
"cg01778339_BC21",TRUE,TRUE
"cg01685855_BC21",TRUE,TRUE
"cg19596695_TC21",TRUE,TRUE
"cg19589584_TC21",TRUE,TRUE
"cg19575701_TC21",TRUE,TRUE
"cg08573901_BC21",TRUE,TRUE
"cg17161397_TC21",TRUE,TRUE
"cg17161025_BC21",TRUE,TRUE
"cg16781224_BC21",TRUE,TRUE
"cg12581774_BC21",TRUE,TRUE
"cg10236047_TC21",TRUE,TRUE
"cg14310390_BC21",TRUE,TRUE
"cg17402063_TC21",TRUE,TRUE
"cg17388242_TC21",TRUE,TRUE
"cg17320140_BC21",TRUE,TRUE
"cg17992070_TC21",TRUE,TRUE
"cg17732130_BC21",TRUE,TRUE
"cg16233400_TC21",TRUE,TRUE
"cg13922405_BC21",TRUE,TRUE
"cg11395838_BC21",TRUE,TRUE
"cg19348708_TC21",TRUE,TRUE
"cg22243530_TC21",TRUE,TRUE
"cg15510386_TC21",TRUE,TRUE
"cg25578402_TC21",TRUE,TRUE
"cg25558043_BC21",TRUE,TRUE
"cg11563382_BC21",TRUE,TRUE
"cg02776297_BC21",TRUE,TRUE
"cg25443260_BC21",TRUE,TRUE
"cg07510571_TC21",TRUE,TRUE
"cg07479475_BC21",TRUE,TRUE
"cg07414607_BC21",TRUE,TRUE
"cg07324193_BC21",TRUE,TRUE
"cg07301366_TC21",TRUE,TRUE
"cg07273172_TC21",TRUE,TRUE
"cg11448923_TC21",TRUE,TRUE
"cg16290021_TC21",TRUE,TRUE
"cg16275083_TC21",TRUE,TRUE
"cg16275082_TC21",TRUE,TRUE
"cg20273660_TC21",TRUE,TRUE
"cg20265307_TC21",TRUE,TRUE
"cg20238626_TC21",TRUE,TRUE
"cg14786449_BC21",TRUE,TRUE
"cg14769583_TC21",TRUE,TRUE
"cg19352481_BC21",TRUE,TRUE
"cg19349185_BC21",TRUE,TRUE
"cg16999717_BC21",TRUE,TRUE
"cg16998507_TC21",TRUE,TRUE
"cg22882732_BC21",TRUE,TRUE
"cg17274055_BC21",TRUE,TRUE
"cg17267904_BC21",TRUE,TRUE
"cg11709180_BC21",TRUE,TRUE
"cg21709662_BC21",TRUE,TRUE
"cg21704660_TC21",TRUE,TRUE
"cg21511734_BC21",TRUE,TRUE
"cg21371222_BC21",TRUE,TRUE
"cg21371220_TC21",TRUE,TRUE
"cg21365495_BC21",TRUE,TRUE
"cg25753665_BC21",TRUE,TRUE
"cg11010267_TC21",TRUE,TRUE
"cg14838879_TC21",TRUE,TRUE
"cg14832492_BC21",TRUE,TRUE
"cg26631553_TC21",TRUE,TRUE
"cg26605214_TC21",TRUE,TRUE
"cg14804868_TC21",TRUE,TRUE
"cg14801738_TC21",TRUE,TRUE
"cg20883406_TC21",TRUE,TRUE
"cg20867896_BC21",TRUE,TRUE
"cg06028473_BC21",TRUE,TRUE
"cg03026808_BC21",TRUE,TRUE
"cg13752845_BC21",TRUE,TRUE
"cg13730359_BC21",TRUE,TRUE
"cg13725865_BC21",TRUE,TRUE
"cg13723539_TC21",TRUE,TRUE
"cg13720881_TC21",TRUE,TRUE
"cg13661440_BC21",TRUE,TRUE
"cg01599303_TC21",TRUE,TRUE
"cg17738629_BC21",TRUE,TRUE
"cg16913551_BC21",TRUE,TRUE
"cg14853312_TC21",TRUE,TRUE
"cg14846756_TC21",TRUE,TRUE
"cg18142622_BC21",TRUE,TRUE
"cg01098309_TC21",TRUE,TRUE
"cg01068107_BC21",TRUE,TRUE
"cg27067384_BC21",TRUE,TRUE
"cg27058127_TC21",TRUE,TRUE
"cg26993420_TC21",TRUE,TRUE
"cg26969897_TC21",TRUE,TRUE
"cg26956497_TC21",TRUE,TRUE
"cg26946502_TO21",TRUE,TRUE
"cg19379443_BC21",TRUE,TRUE
"cg13822523_BC21",TRUE,TRUE
"cg13792019_TC21",TRUE,TRUE
"cg08014073_BC21",TRUE,TRUE
"cg18723453_BC21",TRUE,TRUE
"cg18723172_BC21",TRUE,TRUE
"cg18676931_TC21",TRUE,TRUE
"cg26191113_BC21",TRUE,TRUE
"cg13220081_BC21",TRUE,TRUE
"cg13143522_TC21",TRUE,TRUE
"cg13122100_TC21",TRUE,TRUE
"cg25024355_BC21",TRUE,TRUE
"cg25023695_BC21",TRUE,TRUE
"cg17542154_TC21",TRUE,TRUE
"cg17532945_TC21",TRUE,TRUE
"cg24301705_BC21",TRUE,TRUE
"cg04802073_TC21",TRUE,TRUE
"cg04787110_TC21",TRUE,TRUE
"cg04664833_BC21",TRUE,TRUE
"cg04658651_BC21",TRUE,TRUE
"cg24679099_TC21",TRUE,TRUE
"cg15008977_BC21",TRUE,TRUE
"cg14992160_BC21",TRUE,TRUE
"cg14899741_BC21",TRUE,TRUE
"cg22542268_BC21",TRUE,TRUE
"cg10753863_TC21",TRUE,TRUE
"cg10695127_TC21",TRUE,TRUE
"cg10602426_BC21",TRUE,TRUE
"cg10574690_BC21",TRUE,TRUE
"cg09834328_BC21",TRUE,TRUE
"cg12683337_BC21",TRUE,TRUE
"cg18192986_BC21",TRUE,TRUE
"cg21670103_BC21",TRUE,TRUE
"cg18946357_TC21",TRUE,TRUE
"cg18938700_BC21",TRUE,TRUE
"cg18885321_BC21",TRUE,TRUE
"cg18862120_TC21",TRUE,TRUE
"cg18841136_BC21",TRUE,TRUE
"cg18818030_BC21",TRUE,TRUE
"cg18813560_TC21",TRUE,TRUE
"cg18802677_BC21",TRUE,TRUE
"cg12292428_BC21",TRUE,TRUE
"cg12239373_BC21",TRUE,TRUE
"cg12152096_TC21",TRUE,TRUE
"cg10445622_TC21",TRUE,TRUE
"cg10321194_TC21",TRUE,TRUE
"cg22363330_TC21",TRUE,TRUE
"cg22359356_BC21",TRUE,TRUE
"cg04174030_TC21",TRUE,TRUE
"cg04170242_BC21",TRUE,TRUE
"cg19046050_BC21",TRUE,TRUE
"cg22978117_BC21",TRUE,TRUE
"cg12866710_TC21",TRUE,TRUE
"cg12727457_TC21",TRUE,TRUE
"cg12715875_BC21",TRUE,TRUE
"cg10062111_BC21",TRUE,TRUE
"cg09921462_TC21",TRUE,TRUE
"cg09920923_BC21",TRUE,TRUE
"cg05683015_BC21",TRUE,TRUE
"cg05679266_BC21",TRUE,TRUE
"cg19030403_BC21",TRUE,TRUE
"cg17918970_TC21",TRUE,TRUE
"cg23491848_BC21",TRUE,TRUE
"cg23408037_BC21",TRUE,TRUE
"cg23404858_BC21",TRUE,TRUE
"cg23400978_BC21",TRUE,TRUE
"cg23400889_BC21",TRUE,TRUE
"cg23399334_TC21",TRUE,TRUE
"cg26275562_BC21",TRUE,TRUE
"cg14631341_TC21",TRUE,TRUE
"cg14612840_BC21",TRUE,TRUE
"cg14605588_BC21",TRUE,TRUE
"cg17433355_TC21",TRUE,TRUE
"cg17429950_TC21",TRUE,TRUE
"cg17416028_BC21",TRUE,TRUE
"cg17413890_TC21",TRUE,TRUE
"cg17411358_TC21",TRUE,TRUE
"cg03879618_TC21",TRUE,TRUE
"cg13367579_BC21",TRUE,TRUE
"cg15781366_TC21",TRUE,TRUE
"cg19115927_TC21",TRUE,TRUE
"cg19072059_TC21",TRUE,TRUE
"cg01973214_TC21",TRUE,TRUE
"cg25356116_BC21",TRUE,TRUE
"cg15651174_BC21",TRUE,TRUE
"cg17223197_TC21",TRUE,TRUE
"cg18469289_BC21",TRUE,TRUE
"cg18462701_TC21",TRUE,TRUE
"cg17946433_BC21",TRUE,TRUE
"cg14211740_BC21",TRUE,TRUE
"cg17495876_TC21",TRUE,TRUE
"cg19787678_BC21",TRUE,TRUE
"cg19757033_TC21",TRUE,TRUE
"cg20810124_BC21",TRUE,TRUE
"cg25308636_BC21",TRUE,TRUE
"cg00889714_TC21",TRUE,TRUE
"cg25663308_BC21",TRUE,TRUE
"cg26747519_BC21",TRUE,TRUE
"cg26718465_TC21",TRUE,TRUE
"cg23259794_BC21",TRUE,TRUE
"cg23137007_TC21",TRUE,TRUE
"cg15494354_BC21",TRUE,TRUE
"cg15484217_BC21",TRUE,TRUE
"cg15422563_BC21",TRUE,TRUE
"cg15415299_BC21",TRUE,TRUE
"cg15314797_BC21",TRUE,TRUE
"cg17788626_BC21",TRUE,TRUE
"cg17785651_BC21",TRUE,TRUE
"cg17768731_BC21",TRUE,TRUE
"cg17766942_TC21",TRUE,TRUE
"cg17763950_BC21",TRUE,TRUE
"cg23374890_TC21",TRUE,TRUE
"cg23344905_BC21",TRUE,TRUE
"cg23320312_TC21",TRUE,TRUE
"cg17281191_BC21",TRUE,TRUE
"cg17279591_TC21",TRUE,TRUE
"cg01867299_BC21",TRUE,TRUE
"cg05450325_BC21",TRUE,TRUE
"cg09656432_TC21",TRUE,TRUE
"cg09589062_TC21",TRUE,TRUE
"cg09480258_BC21",TRUE,TRUE
"cg13601987_TC21",TRUE,TRUE
"cg16689352_BC21",TRUE,TRUE
"cg16670415_BC21",TRUE,TRUE
"cg20564105_TC21",TRUE,TRUE
"cg20652923_TC21",TRUE,TRUE
"cg20636138_BC21",TRUE,TRUE
"cg17857264_BC21",TRUE,TRUE
"cg17852635_TC21",TRUE,TRUE
"cg17851342_BC21",TRUE,TRUE
"cg17845923_BC21",TRUE,TRUE
"cg17845912_BC21",TRUE,TRUE
"cg17831718_TC21",TRUE,TRUE
"cg21243339_TC21",TRUE,TRUE
"cg21229219_BC21",TRUE,TRUE
"cg12924702_TC21",TRUE,TRUE
"cg12922726_TC21",TRUE,TRUE
"cg02007410_BC21",TRUE,TRUE
"cg05595459_TC21",TRUE,TRUE
"cg11279758_TC21",TRUE,TRUE
"cg11019858_BC21",TRUE,TRUE
"cg25085297_TC21",TRUE,TRUE
"cg27666686_BC21",TRUE,TRUE
"cg27666684_BC21",TRUE,TRUE
"cg16738518_TC21",TRUE,TRUE
"cg06849787_TC21",TRUE,TRUE
"cg06817550_TC21",TRUE,TRUE
"cg06807850_BC21",TRUE,TRUE
"cg06798512_TC21",TRUE,TRUE
"cg06785151_BC21",TRUE,TRUE
"cg16924780_BC21",TRUE,TRUE
"cg25772262_BC21",TRUE,TRUE
"cg02395231_TC21",TRUE,TRUE
"cg15212283_TC21",TRUE,TRUE
"cg15186996_TC21",TRUE,TRUE
"cg15127536_TC21",TRUE,TRUE
"cg13043482_BC21",TRUE,TRUE
"cg12962928_BC21",TRUE,TRUE
"cg24654389_TC21",TRUE,TRUE
"cg22513058_TC21",TRUE,TRUE
"cg25868705_TC21",TRUE,TRUE
"cg25857987_BC21",TRUE,TRUE
"cg25828070_TC21",TRUE,TRUE
"cg25785213_BC21",TRUE,TRUE
"cg03701036_BC21",TRUE,TRUE
"cg03620595_BC21",TRUE,TRUE
"cg02661693_BC21",TRUE,TRUE
"cg02607170_BC21",TRUE,TRUE
"cg02535350_TC21",TRUE,TRUE
"cg02512793_BC21",TRUE,TRUE
"cg02493586_BC21",TRUE,TRUE
"cg05001349_BC21",TRUE,TRUE
"cg20396111_BC21",TRUE,TRUE
"cg08779777_TC21",TRUE,TRUE
"cg25116839_BC21",TRUE,TRUE
"cg08090179_BC21",TRUE,TRUE
"cg27054887_TC21",TRUE,TRUE
"cg13462878_TC21",TRUE,TRUE
"cg13473124_BC21",TRUE,TRUE
"cg02129146_BC21",TRUE,TRUE
"cg02352679_TC21",TRUE,TRUE
"cg15851958_TC21",TRUE,TRUE
"cg04062868_BC21",TRUE,TRUE
"cg20194668_BC21",TRUE,TRUE
"cg02643214_BC21",TRUE,TRUE
"cg02672146_BC21",TRUE,TRUE
"cg02982000_TC21",TRUE,TRUE
"cg03809827_TC21",TRUE,TRUE
"cg03346498_BC21",TRUE,TRUE
"cg00063477_TC21",TRUE,TRUE
"cg13308744_TC21",TRUE,TRUE
"cg13693622_BC21",TRUE,TRUE
"cg14526044_TC21",TRUE,TRUE
"cg15154546_TC21",TRUE,TRUE
"cg10938866_BC21",TRUE,TRUE
"cg20048186_TC21",TRUE,TRUE
"cg20281583_TC21",TRUE,TRUE
"cg04169747_TC21",TRUE,TRUE
"cg05586384_TC21",TRUE,TRUE
"cg16421851_BC21",TRUE,TRUE
"cg19800897_BC21",TRUE,TRUE
"cg01149634_BC21",TRUE,TRUE
"cg24106365_BC21",TRUE,TRUE
"cg26612987_TC21",TRUE,TRUE
"cg09215818_TC21",TRUE,TRUE
"cg10617983_TC21",TRUE,TRUE
"cg17448954_TC21",TRUE,TRUE
"cg05385723_TC21",TRUE,TRUE
"cg01274266_TC21",TRUE,TRUE
"cg17981596_TC21",TRUE,TRUE
"cg03941746_BC21",TRUE,TRUE
"cg26734070_TC21",TRUE,TRUE
"cg09255825_BC21",TRUE,TRUE
"cg00321682_TC21",TRUE,TRUE
"cg06193692_BC21",TRUE,TRUE
"cg08016897_TC21",TRUE,TRUE
"cg25454825_TC21",TRUE,TRUE
"cg23105869_TC21",TRUE,TRUE
"cg23767334_BC21",TRUE,TRUE
"cg05153152_TC21",TRUE,TRUE
"cg19331076_TC21",TRUE,TRUE
"cg16727867_TC21",TRUE,TRUE
"cg12148126_BC21",TRUE,TRUE
"cg10727307_BC21",TRUE,TRUE
"cg24725934_BC21",TRUE,TRUE
"cg21123002_BC21",TRUE,TRUE
"cg02544752_TC21",TRUE,TRUE
"cg18481884_BC21",TRUE,TRUE
"cg01625392_TC21",TRUE,TRUE
"cg14231049_BC21",TRUE,TRUE
"cg14060364_BC21",TRUE,TRUE
"cg07133047_BC21",TRUE,TRUE
"cg15260981_TC21",TRUE,TRUE
"cg22875345_TC21",TRUE,TRUE
"cg13952522_TC21",TRUE,TRUE
"cg23414180_BC21",TRUE,TRUE
"cg25412177_BC21",TRUE,TRUE
"cg00483546_BC21",TRUE,TRUE
"cg18000586_BC21",TRUE,TRUE
"cg02420138_BC21",TRUE,TRUE
"cg09929209_BC21",TRUE,TRUE
"cg23239675_TC21",TRUE,TRUE
"cg07285373_TC21",TRUE,TRUE
"cg16792483_TC21",TRUE,TRUE
"cg15167105_BC21",TRUE,TRUE
"cg27428480_TC21",TRUE,TRUE
"cg13923196_BC21",TRUE,TRUE
"cg11700878_BC21",TRUE,TRUE
"cg06509613_BC21",TRUE,TRUE
"cg25347869_BC21",TRUE,TRUE
"cg10400511_TC21",TRUE,TRUE
"cg26975850_TC21",TRUE,TRUE
"cg14484687_BC21",TRUE,TRUE
"cg10112889_TC21",TRUE,TRUE
"cg03046144_TC21",TRUE,TRUE
"cg27295145_TC21",TRUE,TRUE
"cg15217459_TC21",TRUE,TRUE
"cg00163040_TC21",TRUE,TRUE
"cg16010122_TC21",TRUE,TRUE
"cg01778608_TC21",TRUE,TRUE
"cg10270053_TC21",TRUE,TRUE
"cg15482351_TC21",TRUE,TRUE
"cg24914644_BC21",TRUE,TRUE
"cg10854533_BC21",TRUE,TRUE
"cg16345699_BC21",TRUE,TRUE
"cg23392978_BC21",TRUE,TRUE
"cg12407135_TC21",TRUE,TRUE
"cg06279159_TC21",TRUE,TRUE
"cg05747171_BC21",TRUE,TRUE
"cg12088497_TC21",TRUE,TRUE
"cg18563852_TC21",TRUE,TRUE
"cg17806377_BC21",TRUE,TRUE
"cg05732683_BC21",TRUE,TRUE
"cg03141845_TC21",TRUE,TRUE
"cg22723276_BC21",TRUE,TRUE
"cg09315305_TC21",TRUE,TRUE
"cg17246105_BC21",TRUE,TRUE
"cg13875267_TC21",TRUE,TRUE
"cg08347606_BC21",TRUE,TRUE
"cg20823187_BC21",TRUE,TRUE
"cg21480211_TC21",TRUE,TRUE
"cg10669098_TC21",TRUE,TRUE
"cg17030504_BC21",TRUE,TRUE
"cg08695784_TC21",TRUE,TRUE
"cg20845461_BC21",TRUE,TRUE
"cg18146667_BC21",TRUE,TRUE
"cg16784828_BC21",TRUE,TRUE
"cg05075236_BC21",TRUE,TRUE
"cg13618861_BC21",TRUE,TRUE
"cg15952086_TC21",TRUE,TRUE
"cg07398853_BC21",TRUE,TRUE
"cg21106446_BC21",TRUE,TRUE
"cg08485488_BC21",TRUE,TRUE
"cg04898932_TC21",TRUE,TRUE
"cg21027076_BC21",TRUE,TRUE
"cg26419469_TC21",TRUE,TRUE
"cg23386635_TC21",TRUE,TRUE
"cg15252996_TC21",TRUE,TRUE
"cg27849406_TC21",TRUE,TRUE
"cg19830845_TC21",TRUE,TRUE
"cg27788579_TC21",TRUE,TRUE
"cg12624482_TC21",TRUE,TRUE
"cg07469964_TC21",TRUE,TRUE
"cg00165615_TC21",TRUE,TRUE
"cg25529179_TC21",TRUE,TRUE
"cg15045033_TC21",TRUE,TRUE
"cg07801575_TC21",TRUE,TRUE
"cg17344853_TC21",TRUE,TRUE
"cg20267469_TC21",TRUE,TRUE
"cg20373475_BC21",TRUE,TRUE
"cg25716919_TC21",TRUE,TRUE
"cg07142890_TC21",TRUE,TRUE
"cg05809966_BC21",TRUE,TRUE
"cg03812268_TC21",TRUE,TRUE
"cg12956241_BC21",TRUE,TRUE
"cg18718927_BC21",TRUE,TRUE
"cg01236641_TC21",TRUE,TRUE
"cg09694945_BC21",TRUE,TRUE
"cg09613858_TC21",TRUE,TRUE
"cg27464655_BC21",TRUE,TRUE
"cg27464654_TC21",TRUE,TRUE
"cg27456004_BC21",TRUE,TRUE
"cg26604295_BC21",TRUE,TRUE
"cg02845681_TC21",TRUE,TRUE
"cg10700212_BC21",TRUE,TRUE
"cg10905163_BC21",TRUE,TRUE
"cg26734070_TC22",TRUE,TRUE
"cg26969701_TC21",TRUE,TRUE
"cg17976890_BC21",TRUE,TRUE
"cg17808821_BC21",TRUE,TRUE
"cg07908539_TC21",TRUE,TRUE
"cg12495597_TC21",TRUE,TRUE
"cg00990158_TC21",TRUE,TRUE
"cg19404774_TC21",TRUE,TRUE
"cg27332730_BC21",TRUE,TRUE
"cg06396113_BC21",TRUE,TRUE
"cg06373291_TC21",TRUE,TRUE
"cg18036268_TC21",TRUE,TRUE
"cg18702500_TC21",TRUE,TRUE
"cg12716833_TC21",TRUE,TRUE
"cg20572796_BC21",TRUE,TRUE
"cg16006133_TC21",TRUE,TRUE
"cg03714881_BC21",TRUE,TRUE
"cg21426667_TC21",TRUE,TRUE
"nv-GRCh38-chr14-104773276-104773276-C-T_BC21",TRUE,TRUE
"nv-GRCh38-chr5-68295278-68295278-A-G_BC21",TRUE,TRUE
"nv-GRCh38-chr5-68295258-68295258-A-G_BC21",TRUE,TRUE
"nv-GRCh38-chrX-41346601-41346601-A-G_BC21",TRUE,TRUE
"nv-GRCh38-chr22-28696962-28696962-T-C_BC21",TRUE,TRUE
"nv-GRCh38-chr3-10149807-10149807-T-C_BC21",TRUE,TRUE
"nv-GRCh38-chr12-56087875-56087875-G-A_BC21",TRUE,TRUE
"nv-GRCh38-chr12-112489068-112489068-C-T_BC21",TRUE,TRUE
"nv-GRCh38-chr12-112473033-112473033-C-G_BC21",TRUE,TRUE
"nv-GRCh38-chr18-51065525-51065525-A-G_BC21",TRUE,TRUE
"nv-GRCh38-chr1-11128116-11128116-T-C_BC21",TRUE,TRUE
"nv-GRCh38-chr1-11128096-11128096-T-C_BC21",TRUE,TRUE
"nv-GRCh38-chr7-140754204-140754204-C-T_BC21",TRUE,TRUE
"nv-GRCh38-chr7-140754226-140754226-G-C_BC21",TRUE,TRUE
"nv-GRCh38-chr4-54728038-54728038-C-T_BC21",TRUE,TRUE
"nv-GRCh38-chr7-55154072-55154072-A-G_BC21",TRUE,TRUE
"nv-GRCh38-chr3-179203760-179203760-G-A_BC21",TRUE,TRUE
"nv-GRCh38-chr16-68808825-68808825-A-G_BC21",TRUE,TRUE
"nv-GRCh38-chr19-10491904-10491904-C-T_BC21",TRUE,TRUE
"nv-GRCh38-chr19-10489750-10489750-C-T_BC21",TRUE,TRUE
"ch.17.1528808F_BC21",TRUE,TRUE
"ch.3.2658749R_TC21",TRUE,TRUE
"ch.1.1254155F_BC21",TRUE,TRUE
"ch.1.1604750R_TC21",TRUE,TRUE
"ch.7.2086776R_BO21",TRUE,TRUE
"ch.7.2252844R_BC21",TRUE,TRUE
"ch.7.2809681F_BC21",TRUE,TRUE
"ch.12.2759882R_BC21",TRUE,TRUE
"ch.13.557053R_BC21",TRUE,TRUE
"ch.1.173213985R_BC21",TRUE,TRUE
"ch.22.363412F_BC21",TRUE,TRUE
"ch.22.436090R_BC21",TRUE,TRUE
"ch.21.284298R_BC21",TRUE,TRUE
"cg18038005_TC21",TRUE,TRUE
"cg06476934_TC21",TRUE,TRUE
"cg14053702_BC21",TRUE,TRUE
"cg02397989_TC21",TRUE,TRUE
"cg08731712_TC21",TRUE,TRUE
"cg05977048_TC21",TRUE,TRUE
"cg15258206_BC21",TRUE,TRUE
"cg02503882_TC21",TRUE,TRUE
"cg22617616_TC21",TRUE,TRUE
"cg27826447_TO21",TRUE,TRUE
"cg27826149_TC21",TRUE,TRUE
"cg27826148_BC21",TRUE,TRUE
"cg27826145_BC21",TRUE,TRUE
"cg27825336_BC21",TRUE,TRUE
"cg27825335_BC21",TRUE,TRUE
"cg27825333_TC21",TRUE,TRUE
"cg27825332_BC21",TRUE,TRUE
"cg27825268_BC21",TRUE,TRUE
"cg27825267_BC21",TRUE,TRUE
"cg27825266_BC21",TRUE,TRUE
"cg26576888_TC21",TRUE,TRUE
"cg27492033_TC21",TRUE,TRUE
"cg13862648_BC21",TRUE,TRUE
"cg13301410_BC21",TRUE,TRUE
"cg06796434_BC21",TRUE,TRUE
"cg23364401_BC21",TRUE,TRUE
"cg22202057_TC21",TRUE,TRUE
"cg15535282_BC21",TRUE,TRUE
"nv-GRCh38-chr12-112489088-112489088-G-T_TC21",TRUE,TRUE
"cg01151686_TC11",FALSE,TRUE
"cg05650055_TC11",FALSE,TRUE
"cg07355507_TC11",FALSE,TRUE
"cg03490289_BC11",FALSE,TRUE
"cg18124907_BC11",FALSE,TRUE
"cg27308346_BC11",FALSE,TRUE
"cg16026813_BC11",FALSE,TRUE
"cg03890843_BC11",FALSE,TRUE
"cg19318150_TC11",FALSE,TRUE
"cg22549881_TC11",FALSE,TRUE
"cg14599857_TC11",FALSE,TRUE
"cg15605315_TC11",FALSE,TRUE
"cg13458596_TC11",FALSE,TRUE
"cg12999318_BC11",FALSE,TRUE
"cg14840664_BC11",FALSE,TRUE
"cg02716147_BC11",FALSE,TRUE
"cg05353710_BC11",FALSE,TRUE
"cg20564913_TC11",FALSE,TRUE
"cg24332389_BC11",FALSE,TRUE
"cg12943317_BC11",FALSE,TRUE
"cg02692441_BC11",FALSE,TRUE
"cg24641417_BC11",FALSE,TRUE
"cg11794881_BC11",FALSE,TRUE
"cg03128469_BC11",FALSE,TRUE
"cg02758899_BC11",FALSE,TRUE
"cg11461836_BC11",FALSE,TRUE
"cg25388404_BC11",FALSE,TRUE
"cg01143569_TC11",FALSE,TRUE
"cg05145573_BC11",FALSE,TRUE
"cg18364837_BC11",FALSE,TRUE
"cg27090191_BC11",FALSE,TRUE
"cg03766516_BC11",FALSE,TRUE
"cg13710790_TC11",FALSE,TRUE
"cg03746133_TC11",FALSE,TRUE
"cg03960654_BC11",FALSE,TRUE
"cg21117559_BC11",FALSE,TRUE
"cg16353608_BC11",FALSE,TRUE
"cg23022785_TC11",FALSE,TRUE
"cg16691989_BC11",FALSE,TRUE
"cg25069742_TC11",FALSE,TRUE
"cg18729681_BC11",FALSE,TRUE
"cg01117833_BC11",FALSE,TRUE
"cg19595234_BC11",FALSE,TRUE
"cg03044684_BC11",FALSE,TRUE
"cg18704724_TC11",FALSE,TRUE
"cg23514174_TC11",FALSE,TRUE
"cg09753193_BC11",FALSE,TRUE
"cg19350812_BC11",FALSE,TRUE
"cg17083506_TC11",FALSE,TRUE
"cg06001237_BC11",FALSE,TRUE
"cg24268157_TC11",FALSE,TRUE
"cg13549321_BC11",FALSE,TRUE
"cg11862144_BC11",FALSE,TRUE
"cg21921272_BC11",FALSE,TRUE
"cg21011043_TC11",FALSE,TRUE
"cg12325455_TC11",FALSE,TRUE
"cg11929629_TC11",FALSE,TRUE
"cg06376992_BC11",FALSE,TRUE
"cg15505615_TC11",FALSE,TRUE
"cg08189659_BC11",FALSE,TRUE
"cg26538736_BC11",FALSE,TRUE
"cg10808887_TC11",FALSE,TRUE
"cg20338703_BC11",FALSE,TRUE
"cg21704160_BC11",FALSE,TRUE
"cg21567792_TC11",FALSE,TRUE
"cg16677923_TC11",FALSE,TRUE
"cg09059597_BC11",FALSE,TRUE
"cg21361030_BC11",FALSE,TRUE
"cg05724787_TC11",FALSE,TRUE
"cg08120149_TC11",FALSE,TRUE
"cg11980190_TC11",FALSE,TRUE
"cg17618596_TC11",FALSE,TRUE
"cg04948974_BC11",FALSE,TRUE
"cg11455421_TC11",FALSE,TRUE
"cg22340932_BC11",FALSE,TRUE
"cg18385968_BC11",FALSE,TRUE
"cg15098182_TC11",FALSE,TRUE
"cg07929961_TC11",FALSE,TRUE
"cg16223109_BC11",FALSE,TRUE
"cg08236017_BC11",FALSE,TRUE
"cg18322805_TC11",FALSE,TRUE
"cg13920741_BC11",FALSE,TRUE
"cg15555507_BO11",FALSE,TRUE
"cg10708761_TC11",FALSE,TRUE
"cg04255549_BO11",FALSE,TRUE
"cg04553148_BC11",FALSE,TRUE
"cg05903309_BO11",FALSE,TRUE
"cg05950613_TC11",FALSE,TRUE
"cg06042994_TC11",FALSE,TRUE
"cg08379488_TC11",FALSE,TRUE
"cg08656340_BC11",FALSE,TRUE
"cg00760338_TC11",FALSE,TRUE
"cg17012118_BC11",FALSE,TRUE
"cg17226533_BO11",FALSE,TRUE
"cg24069825_BC11",FALSE,TRUE
"cg21548846_BO11",FALSE,TRUE
"cg22035583_BO11",FALSE,TRUE
"cg04013089_TC11",FALSE,TRUE
"cg15778900_TC11",FALSE,TRUE
"cg02534578_BC11",FALSE,TRUE
"cg02933539_BO11",FALSE,TRUE
"cg19709977_TC11",FALSE,TRUE
"cg19952616_BC11",FALSE,TRUE
"cg21913519_BC11",FALSE,TRUE
"cg18823846_BC11",FALSE,TRUE
"cg18517961_BC11",FALSE,TRUE
"cg10741419_TC11",FALSE,TRUE
"cg10885007_TC11",FALSE,TRUE
"cg12665004_TC11",FALSE,TRUE
"cg13699845_TC11",FALSE,TRUE
"cg13798642_BC11",FALSE,TRUE
"cg11227064_TC11",FALSE,TRUE
"cg26779378_TC11",FALSE,TRUE
"cg00803805_TC11",FALSE,TRUE
"cg26322265_TC11",FALSE,TRUE
"cg25433490_TC11",FALSE,TRUE
"cg16090885_TC11",FALSE,TRUE
"cg15821544_BC11",FALSE,TRUE
"cg25355065_TC11",FALSE,TRUE
"cg02144298_BC11",FALSE,TRUE
"cg20303303_TC11",FALSE,TRUE
"cg08825571_TC11",FALSE,TRUE
"cg02723533_BC11",FALSE,TRUE
"cg21655790_BC11",FALSE,TRUE
"cg21688264_TC11",FALSE,TRUE
"cg21768899_BC11",FALSE,TRUE
"cg22085335_BC11",FALSE,TRUE
"cg22120063_BC11",FALSE,TRUE
"cg22122410_BC11",FALSE,TRUE
"cg05908775_TC11",FALSE,TRUE
"cg17854497_TC11",FALSE,TRUE
"cg18009798_TC11",FALSE,TRUE
"cg01740766_BC11",FALSE,TRUE
"cg16860694_TC11",FALSE,TRUE
"cg22481448_TC11",FALSE,TRUE
"cg22481960_TC11",FALSE,TRUE
"cg13738327_TC11",FALSE,TRUE
"cg26814635_BC11",FALSE,TRUE
"cg26988138_TC11",FALSE,TRUE
"cg19319490_TC11",FALSE,TRUE
"cg19344626_BC11",FALSE,TRUE
"cg17125804_TC11",FALSE,TRUE
"cg13423076_BC11",FALSE,TRUE
"cg27153400_BC11",FALSE,TRUE
"cg02305723_TC11",FALSE,TRUE
"cg02364038_TC11",FALSE,TRUE
"cg06269001_TC11",FALSE,TRUE
"cg06294561_BC11",FALSE,TRUE
"cg08035567_TC11",FALSE,TRUE
"cg23894539_BC11",FALSE,TRUE
"cg23956260_TC11",FALSE,TRUE
"cg24000189_TC11",FALSE,TRUE
"cg06752594_TC11",FALSE,TRUE
"cg13562542_TC11",FALSE,TRUE
"cg13594075_TC11",FALSE,TRUE
"cg02848777_BC11",FALSE,TRUE
"cg02870584_TC11",FALSE,TRUE
"cg25622628_TC11",FALSE,TRUE
"cg25856179_TC11",FALSE,TRUE
"cg18335243_BC11",FALSE,TRUE
"cg18384168_TC11",FALSE,TRUE
"cg18406852_TC11",FALSE,TRUE
"cg23366979_TC11",FALSE,TRUE
"cg03413097_TC11",FALSE,TRUE
"cg03415429_BC11",FALSE,TRUE
"cg25834275_BC11",FALSE,TRUE
"cg10528482_BC11",FALSE,TRUE
"cg26421123_TC11",FALSE,TRUE
"cg26678920_TC11",FALSE,TRUE
"cg16218377_BC11",FALSE,TRUE
"cg01926595_BC11",FALSE,TRUE
"cg05041073_TC11",FALSE,TRUE
"cg12069309_TC11",FALSE,TRUE
"cg16739396_TC11",FALSE,TRUE
"cg03529908_TC11",FALSE,TRUE
"cg22789769_TC11",FALSE,TRUE
"cg22792432_TC11",FALSE,TRUE
"cg10168149_TC11",FALSE,TRUE
"cg12106728_BC11",FALSE,TRUE
"cg07847428_TC11",FALSE,TRUE
"cg12588476_BC11",FALSE,TRUE
"cg12655112_TC11",FALSE,TRUE
"cg12658720_TC11",FALSE,TRUE
"cg12748926_BC11",FALSE,TRUE
"cg01330448_TC11",FALSE,TRUE
"cg15540054_TC11",FALSE,TRUE
"cg20044189_TC11",FALSE,TRUE
"cg20157873_BC11",FALSE,TRUE
"cg17171916_TC11",FALSE,TRUE
"cg00799631_TC11",FALSE,TRUE
"cg00815440_TC11",FALSE,TRUE
"cg07336751_TC11",FALSE,TRUE
"cg07356753_TC11",FALSE,TRUE
"cg07380496_TC11",FALSE,TRUE
"cg14430111_TC11",FALSE,TRUE
"cg03336167_TC11",FALSE,TRUE
"cg21576698_BC11",FALSE,TRUE
"cg09412715_BC11",FALSE,TRUE
"cg09431062_TC11",FALSE,TRUE
"cg23045373_BC11",FALSE,TRUE
"cg24957950_BC11",FALSE,TRUE
"cg25090472_TC11",FALSE,TRUE
"cg09685104_TC11",FALSE,TRUE
"cg25664381_BC11",FALSE,TRUE
"cg03950009_TC11",FALSE,TRUE
"cg12270520_BC11",FALSE,TRUE
"cg12412075_BC11",FALSE,TRUE
"cg08128087_BC11",FALSE,TRUE
"cg00032227_BC11",FALSE,TRUE
"cg00178511_TC11",FALSE,TRUE
"cg27173322_BC11",FALSE,TRUE
"cg08923379_TC11",FALSE,TRUE
"cg05402634_TC11",FALSE,TRUE
"cg02490942_TC11",FALSE,TRUE
"cg05732530_TC11",FALSE,TRUE
"cg20663364_TC11",FALSE,TRUE
"cg11638966_TC11",FALSE,TRUE
"cg11639950_TC11",FALSE,TRUE
"cg11837293_BC11",FALSE,TRUE
"cg21897676_TC11",FALSE,TRUE
"cg11436025_BC11",FALSE,TRUE
"cg26380756_BC11",FALSE,TRUE
"cg13848568_TC11",FALSE,TRUE
"cg05124235_TC11",FALSE,TRUE
"cg05184682_BC11",FALSE,TRUE
"cg05201777_BC11",FALSE,TRUE
"cg05225012_TC11",FALSE,TRUE
"cg05229649_TC11",FALSE,TRUE
"cg05293930_BC11",FALSE,TRUE
"cg23120518_BC11",FALSE,TRUE
"cg00779065_TC11",FALSE,TRUE
"cg04440464_TC11",FALSE,TRUE
"cg04604936_BC11",FALSE,TRUE
"cg23921145_BC11",FALSE,TRUE
"cg24013620_TC11",FALSE,TRUE
"cg24105243_TC11",FALSE,TRUE
"cg17841615_BC11",FALSE,TRUE
"cg15214448_BC11",FALSE,TRUE
"cg04262140_BC11",FALSE,TRUE
"cg04210573_BC11",FALSE,TRUE
"cg24428851_TC11",FALSE,TRUE
"cg09295695_BC11",FALSE,TRUE
"cg21429725_BC11",FALSE,TRUE
"cg26892761_BC11",FALSE,TRUE
"cg00417291_BC11",FALSE,TRUE
"cg00440195_BC11",FALSE,TRUE
"cg07706471_TC11",FALSE,TRUE
"cg10464462_BC11",FALSE,TRUE
"cg16243197_TC11",FALSE,TRUE
"cg16256719_BC11",FALSE,TRUE
"cg05035049_BC11",FALSE,TRUE
"cg05041045_BC11",FALSE,TRUE
"cg06055478_TC11",FALSE,TRUE
"cg06088084_TC11",FALSE,TRUE
"cg23778144_TC11",FALSE,TRUE
"cg01134436_BC11",FALSE,TRUE
"cg17214381_BC11",FALSE,TRUE
"cg06590170_TC11",FALSE,TRUE
"cg17939889_BC11",FALSE,TRUE
"cg18032798_TC11",FALSE,TRUE
"cg18092351_BC11",FALSE,TRUE
"cg03099611_BC11",FALSE,TRUE
"cg03210210_BC11",FALSE,TRUE
"cg03277925_BC11",FALSE,TRUE
"cg03310087_TC11",FALSE,TRUE
"cg03340889_BC11",FALSE,TRUE
"cg03347722_BC11",FALSE,TRUE
"cg03348338_BC11",FALSE,TRUE
"cg07682072_TC11",FALSE,TRUE
"cg14219428_BC11",FALSE,TRUE
"cg14220025_TC11",FALSE,TRUE
"cg05482498_BC11",FALSE,TRUE
"cg05527491_BC11",FALSE,TRUE
"cg19987665_BC11",FALSE,TRUE
"cg21159768_TC11",FALSE,TRUE
"cg15653159_BC11",FALSE,TRUE
"cg24156658_TC11",FALSE,TRUE
"cg24202131_TC11",FALSE,TRUE
"cg10703213_BC11",FALSE,TRUE
"cg15666459_TC11",FALSE,TRUE
"cg10001942_TC11",FALSE,TRUE
"cg10042319_BC11",FALSE,TRUE
"cg24791575_TC11",FALSE,TRUE
"cg24808186_TC11",FALSE,TRUE
"cg27206295_BC11",FALSE,TRUE
"cg27268436_TC11",FALSE,TRUE
"cg08843809_BC11",FALSE,TRUE
"cg08846459_BC11",FALSE,TRUE
"cg24122597_BC11",FALSE,TRUE
"cg02537603_BC11",FALSE,TRUE
"cg17902007_TC11",FALSE,TRUE
"cg16125397_BC11",FALSE,TRUE
"cg04740211_TC11",FALSE,TRUE
"cg04886934_TC11",FALSE,TRUE
"cg07807347_TC11",FALSE,TRUE
"cg07810091_TC11",FALSE,TRUE
"cg07873041_TC11",FALSE,TRUE
"cg07942687_BC11",FALSE,TRUE
"cg25260255_BC11",FALSE,TRUE
"cg25267808_TC11",FALSE,TRUE
"cg12070159_BC11",FALSE,TRUE
"cg12118013_TC11",FALSE,TRUE
"cg12298268_TC11",FALSE,TRUE
"cg02893490_TC11",FALSE,TRUE
"cg06508783_TC11",FALSE,TRUE
"cg20973720_BC11",FALSE,TRUE
"cg08143875_BC11",FALSE,TRUE
"cg06263887_TC11",FALSE,TRUE
"cg06276084_TC11",FALSE,TRUE
"cg12993163_BC11",FALSE,TRUE
"cg13112361_TC11",FALSE,TRUE
"cg13187778_BC11",FALSE,TRUE
"cg13314145_BC11",FALSE,TRUE
"cg00622375_TC11",FALSE,TRUE
"cg00639195_BC11",FALSE,TRUE
"cg18190534_TC11",FALSE,TRUE
"cg18252633_TC11",FALSE,TRUE
"cg18393202_TC11",FALSE,TRUE
"cg15889804_TC11",FALSE,TRUE
"cg15911409_BC11",FALSE,TRUE
"cg15929698_BC11",FALSE,TRUE
"cg15988239_BC11",FALSE,TRUE
"cg09168980_BC11",FALSE,TRUE
"cg09174638_BC11",FALSE,TRUE
"cg09215152_TC11",FALSE,TRUE
"cg11957438_TC11",FALSE,TRUE
"cg26359958_BC11",FALSE,TRUE
"cg26453360_TC11",FALSE,TRUE
"cg22903286_BC11",FALSE,TRUE
"cg11344566_TC11",FALSE,TRUE
"cg24493218_TC11",FALSE,TRUE
"cg24669602_TC11",FALSE,TRUE
"cg27292389_TC11",FALSE,TRUE
"cg20372745_BC11",FALSE,TRUE
"cg20434666_TC11",FALSE,TRUE
"cg20448966_TC11",FALSE,TRUE
"cg20494374_BC11",FALSE,TRUE
"cg20501527_BC11",FALSE,TRUE
"cg20517444_TC11",FALSE,TRUE
"cg20569141_TC11",FALSE,TRUE
"cg09390398_BC11",FALSE,TRUE
"cg09500392_BC11",FALSE,TRUE
"cg09559196_BC11",FALSE,TRUE
"cg09668216_BC11",FALSE,TRUE
"cg18886436_TC11",FALSE,TRUE
"cg19045002_TC11",FALSE,TRUE
"cg06892152_BC11",FALSE,TRUE
"cg07083941_TC11",FALSE,TRUE
"cg27442478_BC11",FALSE,TRUE
"cg27538352_TC11",FALSE,TRUE
"cg27619291_TC11",FALSE,TRUE
"cg27649194_TC11",FALSE,TRUE
"cg27655158_TC11",FALSE,TRUE
"cg19929126_BC11",FALSE,TRUE
"cg07215298_TC11",FALSE,TRUE
"cg12400680_BC11",FALSE,TRUE
"cg12447802_TC11",FALSE,TRUE
"cg00140085_TC11",FALSE,TRUE
"cg00271207_TC11",FALSE,TRUE
"cg16999370_TC11",FALSE,TRUE
"cg23214992_TC11",FALSE,TRUE
"cg23267042_TC11",FALSE,TRUE
"cg23270726_BC11",FALSE,TRUE
"cg23319285_TC11",FALSE,TRUE
"cg23354106_TC11",FALSE,TRUE
"cg23443158_BC11",FALSE,TRUE
"cg22792449_TC11",FALSE,TRUE
"cg22853713_BC11",FALSE,TRUE
"cg14413482_TC11",FALSE,TRUE
"cg14440047_TC11",FALSE,TRUE
"cg02333283_BC11",FALSE,TRUE
"cg02430797_TC11",FALSE,TRUE
"cg05873285_BC11",FALSE,TRUE
"cg20598843_BC11",FALSE,TRUE
"cg20606489_TC11",FALSE,TRUE
"cg14796127_BC11",FALSE,TRUE
"cg14812623_BC11",FALSE,TRUE
"cg14870136_TC11",FALSE,TRUE
"cg14917329_TC11",FALSE,TRUE
"cg01849514_TC11",FALSE,TRUE
"cg14510371_BC11",FALSE,TRUE
"cg19856749_BC11",FALSE,TRUE
"cg13713218_BC11",FALSE,TRUE
"cg13731800_TC11",FALSE,TRUE
"cg25667077_BC11",FALSE,TRUE
"cg25701564_TC11",FALSE,TRUE
"cg01275664_TC11",FALSE,TRUE
"cg01284595_BC11",FALSE,TRUE
"cg01326531_TC11",FALSE,TRUE
"cg01432443_TC11",FALSE,TRUE
"cg16775752_BC11",FALSE,TRUE
"cg07281125_TC11",FALSE,TRUE
"cg07351059_TC11",FALSE,TRUE
"cg07619683_TC11",FALSE,TRUE
"cg22306015_BC11",FALSE,TRUE
"cg22584218_BC11",FALSE,TRUE
"cg22598048_TC11",FALSE,TRUE
"cg00810939_TC11",FALSE,TRUE
"cg11032634_BC11",FALSE,TRUE
"cg11190854_TC11",FALSE,TRUE
"cg26014538_TC11",FALSE,TRUE
"cg26042618_TC11",FALSE,TRUE
"cg26279021_BC11",FALSE,TRUE
"cg01742836_TC11",FALSE,TRUE
"cg11655629_BC11",FALSE,TRUE
"cg11667020_TC11",FALSE,TRUE
"cg11674627_BC11",FALSE,TRUE
"cg11722699_BC11",FALSE,TRUE
"cg11738486_TC11",FALSE,TRUE
"cg02092590_TC11",FALSE,TRUE
"cg13901245_TC11",FALSE,TRUE
"cg13922800_TC11",FALSE,TRUE
"cg13943068_BC11",FALSE,TRUE
"cg13947088_TC11",FALSE,TRUE
"cg13978767_BC11",FALSE,TRUE
"cg15391601_BC11",FALSE,TRUE
"cg15407505_BC11",FALSE,TRUE
"cg15422579_BC11",FALSE,TRUE
"cg19187155_BC11",FALSE,TRUE
"cg22093805_BC11",FALSE,TRUE
"cg22105332_TC11",FALSE,TRUE
"cg03842067_TC11",FALSE,TRUE
"cg09962400_BC11",FALSE,TRUE
"cg21648376_BC11",FALSE,TRUE
"cg21692846_BC11",FALSE,TRUE
"cg21877005_BC11",FALSE,TRUE
"cg21878393_BC11",FALSE,TRUE
"cg21900799_TC11",FALSE,TRUE
"cg21941223_TC11",FALSE,TRUE
"cg00598664_BC11",FALSE,TRUE
"cg19443023_BC11",FALSE,TRUE
"cg10876076_BC11",FALSE,TRUE
"cg10884288_BC11",FALSE,TRUE
"cg04199615_TC11",FALSE,TRUE
"cg03568042_BC11",FALSE,TRUE
"cg03577460_TC11",FALSE,TRUE
"cg03653399_BC11",FALSE,TRUE
"cg18598029_TC11",FALSE,TRUE
"cg04074140_BC11",FALSE,TRUE
"cg04123310_BC11",FALSE,TRUE
"cg25033817_TC11",FALSE,TRUE
"cg11136969_TC11",FALSE,TRUE
"cg06081609_TC11",FALSE,TRUE
"cg03031357_TC11",FALSE,TRUE
"cg22653717_TC11",FALSE,TRUE
"cg22654940_TC11",FALSE,TRUE
"cg10471574_BC11",FALSE,TRUE
"cg10491410_BC11",FALSE,TRUE
"cg10503326_BC11",FALSE,TRUE
"cg10515731_BC11",FALSE,TRUE
"cg13106306_BC11",FALSE,TRUE
"cg13124777_TC11",FALSE,TRUE
"cg03962214_TC11",FALSE,TRUE
"cg09268800_BC11",FALSE,TRUE
"cg09275956_BC11",FALSE,TRUE
"cg17443359_TC11",FALSE,TRUE
"cg25513659_TC11",FALSE,TRUE
"cg02896361_BC11",FALSE,TRUE
"cg19451845_BC11",FALSE,TRUE
"cg21871465_TC11",FALSE,TRUE
"cg02933375_BC11",FALSE,TRUE
"cg26600608_TC11",FALSE,TRUE
"cg01275685_TC11",FALSE,TRUE
"cg04410987_TC11",FALSE,TRUE
"cg21433231_BC11",FALSE,TRUE
"cg21537245_TC11",FALSE,TRUE
"cg08070771_TC11",FALSE,TRUE
"cg08115172_BC11",FALSE,TRUE
"cg12235168_BC11",FALSE,TRUE
"cg12251884_BC11",FALSE,TRUE
"cg12430078_TC11",FALSE,TRUE
"cg04234680_BC11",FALSE,TRUE
"cg13599131_TC11",FALSE,TRUE
"cg13639936_TC11",FALSE,TRUE
"cg16370716_TC11",FALSE,TRUE
"cg25015290_TC11",FALSE,TRUE
"cg02390319_TC11",FALSE,TRUE
"cg02402630_TC11",FALSE,TRUE
"cg21169617_BC11",FALSE,TRUE
"cg07839336_BC11",FALSE,TRUE
"cg12656653_TC11",FALSE,TRUE
"cg12457901_BC11",FALSE,TRUE
"cg17288551_TC11",FALSE,TRUE
"cg23797200_BC11",FALSE,TRUE
"cg14322681_BC11",FALSE,TRUE
"cg19953646_BC11",FALSE,TRUE
"cg09922572_TC11",FALSE,TRUE
"cg26694616_BC11",FALSE,TRUE
"cg26896756_BC11",FALSE,TRUE
"cg24100524_BC11",FALSE,TRUE
"cg08840616_TC11",FALSE,TRUE
"cg00112256_TC11",FALSE,TRUE
"cg15248591_TC11",FALSE,TRUE
"cg07588964_BC11",FALSE,TRUE
"cg07609862_TC11",FALSE,TRUE
"cg24545054_TC11",FALSE,TRUE
"cg25225517_TC11",FALSE,TRUE
"cg05153861_BC11",FALSE,TRUE
"cg10199770_TC11",FALSE,TRUE
"cg22168369_TC11",FALSE,TRUE
"cg22406334_BC11",FALSE,TRUE
"cg15899913_TC11",FALSE,TRUE
"cg05929553_BC11",FALSE,TRUE
"cg00438215_BC11",FALSE,TRUE
"cg18075287_TC11",FALSE,TRUE
"cg00795900_TC11",FALSE,TRUE
"cg24726466_TC11",FALSE,TRUE
"cg24850932_TC11",FALSE,TRUE
"cg13681940_BC11",FALSE,TRUE
"cg13710375_TC11",FALSE,TRUE
"cg13735223_TC11",FALSE,TRUE
"cg13776285_BC11",FALSE,TRUE
"cg13800209_TC11",FALSE,TRUE
"cg13837843_BC11",FALSE,TRUE
"cg13934830_TC11",FALSE,TRUE
"cg14480594_TC11",FALSE,TRUE
"cg14482968_TC11",FALSE,TRUE
"cg14570652_BC11",FALSE,TRUE
"cg20625588_BC11",FALSE,TRUE
"cg20655434_BC11",FALSE,TRUE
"cg05415131_BC11",FALSE,TRUE
"cg05442715_BC11",FALSE,TRUE
"cg05588169_BC11",FALSE,TRUE
"cg19033308_TC11",FALSE,TRUE
"cg23613324_BC11",FALSE,TRUE
"cg07207099_BC11",FALSE,TRUE
"cg07341905_BC11",FALSE,TRUE
"cg07350105_BC11",FALSE,TRUE
"cg27520104_BC11",FALSE,TRUE
"cg11757357_BC11",FALSE,TRUE
"cg23194024_TC11",FALSE,TRUE
"cg23220418_TC11",FALSE,TRUE
"cg23323137_TC11",FALSE,TRUE
"cg09513996_TC11",FALSE,TRUE
"cg04106647_TC11",FALSE,TRUE
"cg04183158_BC11",FALSE,TRUE
"cg15336243_BC11",FALSE,TRUE
"cg24672173_TC11",FALSE,TRUE
"cg22027267_BC11",FALSE,TRUE
"cg22062659_TC11",FALSE,TRUE
"cg22782283_TC11",FALSE,TRUE
"cg22824415_TC11",FALSE,TRUE
"cg22942571_BC11",FALSE,TRUE
"cg22976979_TC11",FALSE,TRUE
"cg01396391_BC11",FALSE,TRUE
"cg16953816_TC11",FALSE,TRUE
"cg17019630_BC11",FALSE,TRUE
"cg17052816_BC11",FALSE,TRUE
"cg03161803_TC11",FALSE,TRUE
"cg06568056_TC11",FALSE,TRUE
"cg06569139_TC11",FALSE,TRUE
"cg07122944_BC11",FALSE,TRUE
"cg07146104_TC11",FALSE,TRUE
"cg20032693_BC11",FALSE,TRUE
"cg20035319_TC11",FALSE,TRUE
"cg20152430_TC11",FALSE,TRUE
"cg09191659_BC11",FALSE,TRUE
"cg11603443_TC11",FALSE,TRUE
"cg14771938_BC11",FALSE,TRUE
"cg26171489_TC11",FALSE,TRUE
"cg26294667_TC11",FALSE,TRUE
"cg09432202_BC11",FALSE,TRUE
"cg12966283_BC11",FALSE,TRUE
"cg16586182_BC11",FALSE,TRUE
"cg16603713_TC11",FALSE,TRUE
"cg00678354_BC11",FALSE,TRUE
"cg04658027_TC11",FALSE,TRUE
"cg04807108_BC11",FALSE,TRUE
"cg04351049_TC11",FALSE,TRUE
"cg23503517_BC11",FALSE,TRUE
"cg11306169_TC11",FALSE,TRUE
"cg11515873_TC11",FALSE,TRUE
"cg03540586_BC11",FALSE,TRUE
"cg06755452_BC11",FALSE,TRUE
"cg06797525_BC11",FALSE,TRUE
"cg06884679_TC11",FALSE,TRUE
"cg26565914_TC11",FALSE,TRUE
"cg27461733_BC11",FALSE,TRUE
"cg10827094_BC11",FALSE,TRUE
"cg10903903_TC11",FALSE,TRUE
"cg10924691_TC11",FALSE,TRUE
"cg10981598_TC11",FALSE,TRUE
"cg10984692_TC11",FALSE,TRUE
"cg27040490_BC11",FALSE,TRUE
"cg19592071_TC11",FALSE,TRUE
"cg19592637_BC11",FALSE,TRUE
"cg19670286_TC11",FALSE,TRUE
"cg12111432_TC11",FALSE,TRUE
"cg12183594_BC11",FALSE,TRUE
"cg06760305_TC11",FALSE,TRUE
"cg06761167_TC11",FALSE,TRUE
"cg04264908_TC11",FALSE,TRUE
"cg14966362_TC11",FALSE,TRUE
"cg10434344_BC11",FALSE,TRUE
"cg04410558_TC11",FALSE,TRUE
"cg01168833_BC11",FALSE,TRUE
"cg11623922_BC11",FALSE,TRUE
"cg01305596_BC11",FALSE,TRUE
"cg01366378_TC11",FALSE,TRUE
"cg01406988_BC11",FALSE,TRUE
"cg19525496_BC11",FALSE,TRUE
"cg15133018_TC11",FALSE,TRUE
"cg24114192_TC11",FALSE,TRUE
"cg24140574_BC11",FALSE,TRUE
"cg14260073_BC11",FALSE,TRUE
"cg14388993_BC11",FALSE,TRUE
"cg04332418_TC11",FALSE,TRUE
"cg04360793_BC11",FALSE,TRUE
"cg03098012_TC11",FALSE,TRUE
"cg24967852_TC11",FALSE,TRUE
"cg25037335_BC11",FALSE,TRUE
"cg09414987_BC11",FALSE,TRUE
"cg09460477_TC11",FALSE,TRUE
"cg05180208_TC11",FALSE,TRUE
"cg22159025_BC11",FALSE,TRUE
"cg22194904_BC11",FALSE,TRUE
"cg22206855_BC11",FALSE,TRUE
"cg08347500_TC11",FALSE,TRUE
"cg13773741_TC11",FALSE,TRUE
"cg13907363_TC11",FALSE,TRUE
"cg07334926_BC11",FALSE,TRUE
"cg06387204_TC11",FALSE,TRUE
"cg06422039_BC11",FALSE,TRUE
"cg25690202_BC11",FALSE,TRUE
"cg00731785_TC11",FALSE,TRUE
"cg00733516_TC11",FALSE,TRUE
"cg00736283_TC11",FALSE,TRUE
"cg20699200_TC11",FALSE,TRUE
"cg17493839_TC11",FALSE,TRUE
"cg07191900_BC11",FALSE,TRUE
"cg22026360_TC11",FALSE,TRUE
"cg13117369_TC11",FALSE,TRUE
"cg15022051_BC11",FALSE,TRUE
"cg24429081_BC11",FALSE,TRUE
"cg24447438_BC11",FALSE,TRUE
"cg24465224_BC11",FALSE,TRUE
"cg24559073_TC11",FALSE,TRUE
"cg11140595_BC11",FALSE,TRUE
"cg13703912_TC11",FALSE,TRUE
"cg21376658_BC11",FALSE,TRUE
"cg18740289_TC11",FALSE,TRUE
"cg00071984_BC11",FALSE,TRUE
"cg23970758_TC11",FALSE,TRUE
"cg23985370_BC11",FALSE,TRUE
"cg24043411_BC11",FALSE,TRUE
"cg10605357_TC11",FALSE,TRUE
"cg07413356_TC11",FALSE,TRUE
"cg07606381_BC11",FALSE,TRUE
"cg23189410_BC11",FALSE,TRUE
"cg23212819_BC11",FALSE,TRUE
"cg01783070_TC11",FALSE,TRUE
"cg04696391_BC11",FALSE,TRUE
"cg04045327_BC11",FALSE,TRUE
"cg15392343_BC11",FALSE,TRUE
"cg15433604_TC11",FALSE,TRUE
"cg02520816_BC11",FALSE,TRUE
"cg14784113_BC11",FALSE,TRUE
"cg05107228_TC11",FALSE,TRUE
"cg26315617_BC11",FALSE,TRUE
"cg10169869_TC11",FALSE,TRUE
"cg19964809_TC11",FALSE,TRUE
"cg22707563_BC11",FALSE,TRUE
"cg00030466_BC11",FALSE,TRUE
"cg06565975_TC11",FALSE,TRUE
"cg10904972_BC11",FALSE,TRUE
"cg01873087_TC11",FALSE,TRUE
"cg02045894_TC11",FALSE,TRUE
"cg02083539_BC11",FALSE,TRUE
"cg08940169_BC11",FALSE,TRUE
"cg17861863_BC11",FALSE,TRUE
"cg17881958_TC11",FALSE,TRUE
"cg02156712_BC11",FALSE,TRUE
"cg26842946_TC11",FALSE,TRUE
"cg21348554_BC11",FALSE,TRUE
"cg26015087_BC11",FALSE,TRUE
"cg23593914_BC11",FALSE,TRUE
"cg23608779_BC11",FALSE,TRUE
"cg06880930_BC11",FALSE,TRUE
"cg03837724_TC11",FALSE,TRUE
"cg03851490_BC11",FALSE,TRUE
"cg01837320_TC11",FALSE,TRUE
"cg12961842_BC11",FALSE,TRUE
"cg13563193_BC11",FALSE,TRUE
"cg18496502_TC11",FALSE,TRUE
"cg01525669_TC11",FALSE,TRUE
"cg01658602_TC11",FALSE,TRUE
"cg01669794_BC11",FALSE,TRUE
"cg12353589_TC11",FALSE,TRUE
"cg05808399_TC11",FALSE,TRUE
"cg17151731_BC11",FALSE,TRUE
"cg04806292_TC11",FALSE,TRUE
"cg18099408_BC11",FALSE,TRUE
"cg16413687_BC11",FALSE,TRUE
"cg22902939_BC11",FALSE,TRUE
"cg19282236_TC11",FALSE,TRUE
"cg19361181_BC11",FALSE,TRUE
"cg02714462_BC11",FALSE,TRUE
"cg02758255_TC11",FALSE,TRUE
"cg11616651_TC11",FALSE,TRUE
"cg24779990_TC11",FALSE,TRUE
"cg08557188_TC11",FALSE,TRUE
"cg07921535_BC11",FALSE,TRUE
"cg16950088_BC11",FALSE,TRUE
"cg06535849_BC11",FALSE,TRUE
"cg17854981_BC11",FALSE,TRUE
"cg12967164_TC11",FALSE,TRUE
"cg27567206_BC11",FALSE,TRUE
"cg03585454_TC11",FALSE,TRUE
"cg07218516_BC11",FALSE,TRUE
"cg04016606_BC11",FALSE,TRUE
"cg19453893_TC11",FALSE,TRUE
"cg22234943_TC11",FALSE,TRUE
"cg23921342_TC11",FALSE,TRUE
"cg26486377_TC11",FALSE,TRUE
"cg21877580_TC11",FALSE,TRUE
"cg21952419_BC11",FALSE,TRUE
"cg22020155_BC11",FALSE,TRUE
"cg02063551_TC11",FALSE,TRUE
"cg02090806_TC11",FALSE,TRUE
"cg02110031_TC11",FALSE,TRUE
"cg02163400_TC11",FALSE,TRUE
"cg02174225_TC11",FALSE,TRUE
"cg02274108_TC11",FALSE,TRUE
"cg02325679_BC11",FALSE,TRUE
"cg15363270_BC11",FALSE,TRUE
"cg15363487_BC11",FALSE,TRUE
"cg15440363_BC11",FALSE,TRUE
"cg15454818_BC11",FALSE,TRUE
"cg15561583_BC11",FALSE,TRUE
"cg21727117_BC11",FALSE,TRUE
"cg21761776_BC11",FALSE,TRUE
"cg07179821_TC11",FALSE,TRUE
"cg07180509_BC11",FALSE,TRUE
"cg07223312_BC11",FALSE,TRUE
"cg07258794_BC11",FALSE,TRUE
"cg07287682_BC11",FALSE,TRUE
"cg08135965_TC11",FALSE,TRUE
"cg01021385_TC11",FALSE,TRUE
"cg01120902_TC11",FALSE,TRUE
"cg01136750_BC11",FALSE,TRUE
"cg01304814_TC11",FALSE,TRUE
"cg01328111_TC11",FALSE,TRUE
"cg26766678_TC11",FALSE,TRUE
"cg07818830_BC11",FALSE,TRUE
"cg01870903_TC11",FALSE,TRUE
"cg05303408_TC11",FALSE,TRUE
"cg23139473_BC11",FALSE,TRUE
"cg23317906_BC11",FALSE,TRUE
"cg20036869_BC11",FALSE,TRUE
"cg20068463_TC11",FALSE,TRUE
"cg20336580_TC11",FALSE,TRUE
"cg11828766_BC11",FALSE,TRUE
"cg11909976_TC11",FALSE,TRUE
"cg11928000_TC11",FALSE,TRUE
"cg14538439_BC11",FALSE,TRUE
"cg14539442_TC11",FALSE,TRUE
"cg02383130_TC11",FALSE,TRUE
"cg05831673_BC11",FALSE,TRUE
"cg20618989_TC11",FALSE,TRUE
"cg20689859_TC11",FALSE,TRUE
"cg23552779_BC11",FALSE,TRUE
"cg23754323_TC11",FALSE,TRUE
"cg23888154_TC11",FALSE,TRUE
"cg09832551_BC11",FALSE,TRUE
"cg10777361_TC11",FALSE,TRUE
"cg10883421_TC11",FALSE,TRUE
"cg10883583_BC11",FALSE,TRUE
"cg25264370_TC11",FALSE,TRUE
"cg18512161_TC11",FALSE,TRUE
"cg11993720_TC11",FALSE,TRUE
"cg11994551_BC11",FALSE,TRUE
"cg12039242_TC11",FALSE,TRUE
"cg12377709_BC11",FALSE,TRUE
"cg26623551_TC11",FALSE,TRUE
"cg26652532_BC11",FALSE,TRUE
"cg26725274_TC11",FALSE,TRUE
"cg21026086_TC11",FALSE,TRUE
"cg21145136_BC11",FALSE,TRUE
"cg19749560_TC11",FALSE,TRUE
"cg14201224_TC11",FALSE,TRUE
"cg14364729_BC11",FALSE,TRUE
"cg04823499_BC11",FALSE,TRUE
"cg04873221_TC11",FALSE,TRUE
"cg04919081_TC11",FALSE,TRUE
"cg25646854_TC11",FALSE,TRUE
"cg25653703_BC11",FALSE,TRUE
"cg25692892_BC11",FALSE,TRUE
"cg14878357_TC11",FALSE,TRUE
"cg17510056_BC11",FALSE,TRUE
"cg17798749_BC11",FALSE,TRUE
"cg06316056_BC11",FALSE,TRUE
"cg08817644_TC11",FALSE,TRUE
"cg12766407_TC11",FALSE,TRUE
"cg12803694_BC11",FALSE,TRUE
"cg12963866_BC11",FALSE,TRUE
"cg19209225_TC11",FALSE,TRUE
"cg19235095_TC11",FALSE,TRUE
"cg19243656_TC11",FALSE,TRUE
"cg19252551_TC11",FALSE,TRUE
"cg19337852_TC11",FALSE,TRUE
"cg19402173_BC11",FALSE,TRUE
"cg24486037_TC11",FALSE,TRUE
"cg10550160_TC11",FALSE,TRUE
"cg07325092_TC11",FALSE,TRUE
"cg07519816_TC11",FALSE,TRUE
"cg24782169_TC11",FALSE,TRUE
"cg24911754_BC11",FALSE,TRUE
"cg00543658_TC11",FALSE,TRUE
"cg11183000_TC11",FALSE,TRUE
"cg11220641_TC11",FALSE,TRUE
"cg11262669_BC11",FALSE,TRUE
"cg11276456_TC11",FALSE,TRUE
"cg11393847_TC11",FALSE,TRUE
"cg05171100_TC11",FALSE,TRUE
"cg05196231_TC11",FALSE,TRUE
"cg08378782_TC11",FALSE,TRUE
"cg08522707_TC11",FALSE,TRUE
"cg08632001_BC11",FALSE,TRUE
"cg08716348_BC11",FALSE,TRUE
"cg25845747_TC11",FALSE,TRUE
"cg01512265_TC11",FALSE,TRUE
"cg01621420_BC11",FALSE,TRUE
"cg26066519_TC11",FALSE,TRUE
"cg08953666_BC11",FALSE,TRUE
"cg09183753_TC11",FALSE,TRUE
"cg12587904_TC11",FALSE,TRUE
"cg12611296_BC11",FALSE,TRUE
"cg12732814_BC11",FALSE,TRUE
"cg26375259_TC11",FALSE,TRUE
"cg12496929_BC11",FALSE,TRUE
"cg12508009_TC11",FALSE,TRUE
"cg15042692_TC11",FALSE,TRUE
"cg15181248_TC11",FALSE,TRUE
"cg15206621_TC11",FALSE,TRUE
"cg02567719_BC11",FALSE,TRUE
"cg02573825_TC11",FALSE,TRUE
"cg13933139_TC11",FALSE,TRUE
"cg13949903_TC11",FALSE,TRUE
"cg16663533_BC11",FALSE,TRUE
"cg13558608_TC11",FALSE,TRUE
"cg03882445_TC11",FALSE,TRUE
"cg19466590_TC11",FALSE,TRUE
"cg19527121_TC11",FALSE,TRUE
"cg19654209_TC11",FALSE,TRUE
"cg17095098_BC11",FALSE,TRUE
"cg17136810_BC11",FALSE,TRUE
"cg17169489_TC11",FALSE,TRUE
"cg17187559_BC11",FALSE,TRUE
"cg05448438_TC11",FALSE,TRUE
"cg05585810_BC11",FALSE,TRUE
"cg05734176_TC11",FALSE,TRUE
"cg05765482_TC11",FALSE,TRUE
"cg23409613_TC11",FALSE,TRUE
"cg23455341_TC11",FALSE,TRUE
"cg03541056_TC11",FALSE,TRUE
"cg16077741_TC11",FALSE,TRUE
"cg16176247_TC11",FALSE,TRUE
"cg16185493_TC11",FALSE,TRUE
"cg16277835_TC11",FALSE,TRUE
"cg26249114_BC11",FALSE,TRUE
"cg10101458_TC11",FALSE,TRUE
"cg10310846_TC11",FALSE,TRUE
"cg00623328_BC11",FALSE,TRUE
"cg00735315_TC11",FALSE,TRUE
"cg13143525_BC11",FALSE,TRUE
"cg13173848_TC11",FALSE,TRUE
"cg27349795_TC11",FALSE,TRUE
"cg27427234_BC11",FALSE,TRUE
"cg03303025_TC11",FALSE,TRUE
"cg07002965_TC11",FALSE,TRUE
"cg07005090_TC11",FALSE,TRUE
"cg07047920_TC11",FALSE,TRUE
"cg13223182_TC11",FALSE,TRUE
"cg13225368_TC11",FALSE,TRUE
"cg13342158_TC11",FALSE,TRUE
"cg04555735_BC11",FALSE,TRUE
"cg04623088_BC11",FALSE,TRUE
"cg22835709_BC11",FALSE,TRUE
"cg22842836_TC11",FALSE,TRUE
"cg22871962_BC11",FALSE,TRUE
"cg22988507_BC11",FALSE,TRUE
"cg14417676_TC11",FALSE,TRUE
"cg14519850_TC11",FALSE,TRUE
"cg17005595_BC11",FALSE,TRUE
"cg11492041_TC11",FALSE,TRUE
"cg11555247_TC11",FALSE,TRUE
"cg11725975_BC11",FALSE,TRUE
"cg16801267_BC11",FALSE,TRUE
"cg16825211_TC11",FALSE,TRUE
"cg16838980_BC11",FALSE,TRUE
"cg02891332_TC11",FALSE,TRUE
"cg02904838_BC11",FALSE,TRUE
"cg02952686_TC11",FALSE,TRUE
"cg02989768_TC11",FALSE,TRUE
"cg03198275_BC11",FALSE,TRUE
"cg03235119_BC11",FALSE,TRUE
"cg18639405_BC11",FALSE,TRUE
"cg18745913_TC11",FALSE,TRUE
"cg18796523_BC11",FALSE,TRUE
"cg18830251_TC11",FALSE,TRUE
"cg06706454_TC11",FALSE,TRUE
"cg06775055_BC11",FALSE,TRUE
"cg06775644_TC11",FALSE,TRUE
"cg06824382_TC11",FALSE,TRUE
"cg09331640_TC11",FALSE,TRUE
"cg24109273_BC11",FALSE,TRUE
"cg10518340_BC11",FALSE,TRUE
"cg22407090_TC11",FALSE,TRUE
"cg22511723_BC11",FALSE,TRUE
"cg22545840_BC11",FALSE,TRUE
"cg27102295_BC11",FALSE,TRUE
"cg15768282_BC11",FALSE,TRUE
"cg06406300_TC11",FALSE,TRUE
"cg06584028_BC11",FALSE,TRUE
"cg06584807_BC11",FALSE,TRUE
"cg21302420_BC11",FALSE,TRUE
"cg21433121_BC11",FALSE,TRUE
"cg16374471_TC11",FALSE,TRUE
"cg09960727_TC11",FALSE,TRUE
"cg19038690_BC11",FALSE,TRUE
"cg19051195_BC11",FALSE,TRUE
"cg04219247_TC11",FALSE,TRUE
"cg18074825_BC11",FALSE,TRUE
"cg18094330_BC11",FALSE,TRUE
"cg26962342_BC11",FALSE,TRUE
"cg03407648_BC11",FALSE,TRUE
"cg03574736_TC11",FALSE,TRUE
"cg14933899_BC11",FALSE,TRUE
"cg18395078_BC11",FALSE,TRUE
"cg11152634_BC11",FALSE,TRUE
"cg13764828_BC11",FALSE,TRUE
"cg00401797_TC11",FALSE,TRUE
"cg04477404_BC11",FALSE,TRUE
"cg10465551_TC11",FALSE,TRUE
"cg02304860_TC11",FALSE,TRUE
"cg11798658_BC11",FALSE,TRUE
"cg15481858_BC11",FALSE,TRUE
"cg25124965_BC11",FALSE,TRUE
"cg24700663_TC11",FALSE,TRUE
"cg17427781_BC11",FALSE,TRUE
"cg19748678_TC11",FALSE,TRUE
"cg19988482_BC11",FALSE,TRUE
"cg14502818_TC11",FALSE,TRUE
"cg11159084_BC11",FALSE,TRUE
"cg12092561_TC11",FALSE,TRUE
"cg04092513_TC11",FALSE,TRUE
"cg22027008_TC11",FALSE,TRUE
"cg26015176_TC11",FALSE,TRUE
"cg03869063_TC11",FALSE,TRUE
"cg02538774_BC11",FALSE,TRUE
"cg19231082_BC11",FALSE,TRUE
"cg26084484_TC11",FALSE,TRUE
"cg19741148_BC11",FALSE,TRUE
"cg19404896_TC11",FALSE,TRUE
"cg04564920_TC11",FALSE,TRUE
"cg01559617_TC11",FALSE,TRUE
"cg26661034_BC11",FALSE,TRUE
"cg08104202_TC11",FALSE,TRUE
"cg03522447_TC11",FALSE,TRUE
"cg18388301_BC11",FALSE,TRUE
"cg04815577_TC11",FALSE,TRUE
"cg00906167_TC11",FALSE,TRUE
"cg20839041_BC11",FALSE,TRUE
"cg04072421_TC11",FALSE,TRUE
"cg15128200_TC11",FALSE,TRUE
"cg26148714_TC11",FALSE,TRUE
"cg23016766_TC11",FALSE,TRUE
"cg11631871_BC11",FALSE,TRUE
"cg15335117_TC11",FALSE,TRUE
"cg08279055_TC11",FALSE,TRUE
"cg02527459_TC11",FALSE,TRUE
"cg13643966_TC11",FALSE,TRUE
"cg00968203_BC11",FALSE,TRUE
"cg24890023_BC11",FALSE,TRUE
"cg08699206_TC11",FALSE,TRUE
"cg08876437_TC11",FALSE,TRUE
"cg06956098_BC11",FALSE,TRUE
"cg23526861_BC11",FALSE,TRUE
"cg26823060_BC11",FALSE,TRUE
"cg02074728_TC11",FALSE,TRUE
"cg20576825_TC11",FALSE,TRUE
"cg07317755_TC11",FALSE,TRUE
"cg11022985_TC11",FALSE,TRUE
"cg09007600_BC11",FALSE,TRUE
"cg26425669_BC11",FALSE,TRUE
"cg08832723_TC11",FALSE,TRUE
"cg08085232_BC11",FALSE,TRUE
"cg10926047_TC11",FALSE,TRUE
"cg12727513_BC11",FALSE,TRUE
"cg06906952_TC11",FALSE,TRUE
"cg27219598_BC11",FALSE,TRUE
"cg13080626_TC11",FALSE,TRUE
"cg20584918_BC11",FALSE,TRUE
"cg20927425_BC11",FALSE,TRUE
"cg11067756_TC11",FALSE,TRUE
"cg05416434_BC11",FALSE,TRUE
"cg11615607_TC11",FALSE,TRUE
"cg16657578_TC11",FALSE,TRUE
"cg08701028_BC11",FALSE,TRUE
"cg22377166_TC11",FALSE,TRUE
"cg09444392_TC11",FALSE,TRUE
"cg14957639_TC11",FALSE,TRUE
"cg08109969_BC11",FALSE,TRUE
"cg03037437_BC11",FALSE,TRUE
"cg11344025_BC11",FALSE,TRUE
"cg12517318_TC11",FALSE,TRUE
"cg01000656_TC11",FALSE,TRUE
"cg16740167_TC11",FALSE,TRUE
"cg27492467_TC11",FALSE,TRUE
"cg17493021_BC11",FALSE,TRUE
"cg06346857_TC11",FALSE,TRUE
"cg04296903_TC11",FALSE,TRUE
"cg24623497_TC11",FALSE,TRUE
"cg26126181_TC11",FALSE,TRUE
"cg12391690_BC11",FALSE,TRUE
"cg26456022_TC11",FALSE,TRUE
"cg10522577_TC11",FALSE,TRUE
"cg12141218_TC11",FALSE,TRUE
"cg19402238_TC11",FALSE,TRUE
"cg00081666_BC11",FALSE,TRUE
"cg18132611_TC11",FALSE,TRUE
"cg15744668_BC11",FALSE,TRUE
"cg11079189_TC11",FALSE,TRUE
"cg00172330_TC11",FALSE,TRUE
"cg05202068_BC11",FALSE,TRUE
"cg06633637_BC11",FALSE,TRUE
"cg01971552_BC11",FALSE,TRUE
"cg04843801_BC11",FALSE,TRUE
"cg21114806_BC11",FALSE,TRUE
"cg03131272_BC11",FALSE,TRUE
"cg00765765_BC11",FALSE,TRUE
"cg12814969_BC11",FALSE,TRUE
"cg00818828_TC11",FALSE,TRUE
"cg21057271_BC11",FALSE,TRUE
"cg00558358_TC11",FALSE,TRUE
"cg09363841_BC11",FALSE,TRUE
"cg22614372_TC11",FALSE,TRUE
"cg13906045_TC11",FALSE,TRUE
"cg06695338_TC11",FALSE,TRUE
"cg20411635_BC11",FALSE,TRUE
"cg19511045_TC11",FALSE,TRUE
"cg18440230_BC11",FALSE,TRUE
"cg07155211_TC11",FALSE,TRUE
"cg24903633_BC11",FALSE,TRUE
"cg26181490_BC11",FALSE,TRUE
"cg00372486_TC11",FALSE,TRUE
"cg13793510_TC11",FALSE,TRUE
"cg17164827_TC11",FALSE,TRUE
"cg03404102_BC11",FALSE,TRUE
"cg14958951_TC11",FALSE,TRUE
"cg24134479_TC11",FALSE,TRUE
"cg21907156_TC11",FALSE,TRUE
"cg20849692_BC11",FALSE,TRUE
"cg19789021_TC11",FALSE,TRUE
"cg12616926_TC11",FALSE,TRUE
"cg17164747_BC11",FALSE,TRUE
"cg15046712_TC11",FALSE,TRUE
"cg12128740_BC11",FALSE,TRUE
"cg02075087_TC11",FALSE,TRUE
"cg12733907_BC11",FALSE,TRUE
"cg11226901_TC11",FALSE,TRUE
"cg21907496_TC11",FALSE,TRUE
"cg13870776_TC11",FALSE,TRUE
"cg18106171_TC11",FALSE,TRUE
"cg15934415_TC11",FALSE,TRUE
"cg08090133_TC11",FALSE,TRUE
"cg14026747_TC11",FALSE,TRUE
"cg07212761_BC11",FALSE,TRUE
"cg19411708_TC11",FALSE,TRUE
"cg25320221_TC11",FALSE,TRUE
"cg13656404_BC11",FALSE,TRUE
"cg10823804_TC11",FALSE,TRUE
"cg06181703_BC11",FALSE,TRUE
"cg12553645_BC11",FALSE,TRUE
"cg15725228_BC11",FALSE,TRUE
"cg15602298_TC11",FALSE,TRUE
"cg24007312_TC11",FALSE,TRUE
"cg20831741_TC11",FALSE,TRUE
"cg16998883_BC11",FALSE,TRUE
"cg04157804_BC11",FALSE,TRUE
"cg18125208_TC11",FALSE,TRUE
"cg00296938_TC11",FALSE,TRUE
"cg12580509_BC11",FALSE,TRUE
"cg01227078_TC11",FALSE,TRUE
"cg04621676_TC11",FALSE,TRUE
"cg01203443_TC11",FALSE,TRUE
"cg06111799_TC11",FALSE,TRUE
"cg27590748_TC11",FALSE,TRUE
"cg21105875_TC11",FALSE,TRUE
"cg04193922_BC11",FALSE,TRUE
"cg18959907_BC11",FALSE,TRUE
"cg02751123_TC11",FALSE,TRUE
"cg03205007_BC11",FALSE,TRUE
"cg24641993_TC11",FALSE,TRUE
"cg20391652_TC11",FALSE,TRUE
"cg22381300_BC11",FALSE,TRUE
"cg09799690_TC11",FALSE,TRUE
"cg26011199_BC11",FALSE,TRUE
"cg16852685_BC11",FALSE,TRUE
"cg23820772_TC11",FALSE,TRUE
"cg24371114_TC11",FALSE,TRUE
"cg20141105_BC11",FALSE,TRUE
"cg01820463_BC11",FALSE,TRUE
"cg13657785_TC11",FALSE,TRUE
"cg06183831_TC11",FALSE,TRUE
"cg06822966_BC11",FALSE,TRUE
"cg23718924_TC11",FALSE,TRUE
"cg27337021_TC11",FALSE,TRUE
"cg06919392_BC11",FALSE,TRUE
"cg22679890_BC11",FALSE,TRUE
"cg09807536_BC11",FALSE,TRUE
"cg21166785_TC11",FALSE,TRUE
"cg11628541_TC11",FALSE,TRUE
"cg03271827_BC11",FALSE,TRUE
"cg00012701_TC11",FALSE,TRUE
"cg23258678_BC11",FALSE,TRUE
"cg23092358_TC11",FALSE,TRUE
"cg18101917_BC11",FALSE,TRUE
"cg15988693_BC11",FALSE,TRUE
"cg15460899_BC11",FALSE,TRUE
"cg16824069_TC11",FALSE,TRUE
"cg27182172_TC11",FALSE,TRUE
"cg05613829_BC11",FALSE,TRUE
"cg05651820_BC11",FALSE,TRUE
"cg05396731_TC11",FALSE,TRUE
"cg26663636_TC11",FALSE,TRUE
"cg06251233_TC11",FALSE,TRUE
"cg25028079_TC11",FALSE,TRUE
"cg02281006_BC11",FALSE,TRUE
"cg19707128_TC11",FALSE,TRUE
"cg15550100_BC11",FALSE,TRUE
"cg24447680_BC11",FALSE,TRUE
"cg14016676_BC11",FALSE,TRUE
"cg00012203_BC11",FALSE,TRUE
"cg00653744_BC11",FALSE,TRUE
"cg25948855_BC11",FALSE,TRUE
"cg27524519_TC11",FALSE,TRUE
"cg14565265_TC11",FALSE,TRUE
"cg09282497_TC11",FALSE,TRUE
"cg17061156_TC11",FALSE,TRUE
"cg02395396_TC11",FALSE,TRUE
"cg22705131_BC11",FALSE,TRUE
"cg24786498_TC11",FALSE,TRUE
"cg14285365_TC11",FALSE,TRUE
"cg03695591_BC11",FALSE,TRUE
"cg13898548_BC11",FALSE,TRUE
"cg15598442_BC11",FALSE,TRUE
"cg02155829_TC11",FALSE,TRUE
"cg20003692_TC11",FALSE,TRUE
"cg07150669_TC11",FALSE,TRUE
"cg25456186_TC11",FALSE,TRUE
"cg06590946_TC11",FALSE,TRUE
"cg01022117_TC11",FALSE,TRUE
"cg17514226_BC11",FALSE,TRUE
"cg03300805_TC11",FALSE,TRUE
"cg01972979_BC11",FALSE,TRUE
"cg05605194_TC11",FALSE,TRUE
"cg13514996_TC11",FALSE,TRUE
"cg10735632_BC11",FALSE,TRUE
"cg27530629_TC11",FALSE,TRUE
"cg06057576_TC11",FALSE,TRUE
"cg03861029_TC11",FALSE,TRUE
"cg07969588_TC11",FALSE,TRUE
"cg07719884_TC11",FALSE,TRUE
"cg21197375_BC11",FALSE,TRUE
"cg26913798_TC11",FALSE,TRUE
"cg21574349_TC11",FALSE,TRUE
"cg27140647_TC11",FALSE,TRUE
"cg19697085_TC11",FALSE,TRUE
"cg15184452_TC11",FALSE,TRUE
"cg26022526_BC11",FALSE,TRUE
"cg07610406_BC11",FALSE,TRUE
"cg06508582_TC11",FALSE,TRUE
"cg06692315_TC11",FALSE,TRUE
"cg09702105_TC11",FALSE,TRUE
"cg12271223_TC11",FALSE,TRUE
"cg17945789_BC11",FALSE,TRUE
"cg12421032_TC11",FALSE,TRUE
"cg11360689_TC11",FALSE,TRUE
"cg26545834_TC11",FALSE,TRUE
"cg21101051_TC11",FALSE,TRUE
"cg19510038_BC11",FALSE,TRUE
"cg12690066_BC11",FALSE,TRUE
"cg21685663_TC11",FALSE,TRUE
"cg25440811_BC11",FALSE,TRUE
"cg09804380_TC11",FALSE,TRUE
"cg03043267_TC11",FALSE,TRUE
"cg13781389_TC11",FALSE,TRUE
"cg26535650_BC11",FALSE,TRUE
"cg19554555_BC11",FALSE,TRUE
"cg12858909_BC11",FALSE,TRUE
"cg20914495_TC11",FALSE,TRUE
"cg17459431_BC11",FALSE,TRUE
"cg24657977_TC11",FALSE,TRUE
"cg18172051_TC11",FALSE,TRUE
"cg10548700_TC11",FALSE,TRUE
"cg19908139_BC11",FALSE,TRUE
"cg07704151_TC11",FALSE,TRUE
"cg23651323_BC11",FALSE,TRUE
"cg05338066_TC11",FALSE,TRUE
"cg03975104_TC11",FALSE,TRUE
"cg02455064_BC11",FALSE,TRUE
"cg25159927_BC11",FALSE,TRUE
"cg17748167_TC11",FALSE,TRUE
"cg13982541_TC11",FALSE,TRUE
"cg25437410_TC11",FALSE,TRUE
"cg10703813_TC11",FALSE,TRUE
"cg09679897_TC11",FALSE,TRUE
"cg18879646_BC11",FALSE,TRUE
"cg17590938_BC11",FALSE,TRUE
"cg16900814_TC11",FALSE,TRUE
"cg11553045_BC11",FALSE,TRUE
"cg03193689_TC11",FALSE,TRUE
"cg07426195_BC11",FALSE,TRUE
"cg18885107_TC11",FALSE,TRUE
"cg06574335_TC11",FALSE,TRUE
"cg20449648_TC11",FALSE,TRUE
"cg10529075_BC11",FALSE,TRUE
"cg25596173_BC11",FALSE,TRUE
"cg21012788_TC11",FALSE,TRUE
"cg17853575_BC11",FALSE,TRUE
"cg15899474_BC11",FALSE,TRUE
"cg21472700_BC11",FALSE,TRUE
"cg06651450_TC11",FALSE,TRUE
"cg07152177_BC11",FALSE,TRUE
"cg26267791_TC11",FALSE,TRUE
"cg03958269_TC11",FALSE,TRUE
"cg09806118_BC11",FALSE,TRUE
"cg08471814_TC11",FALSE,TRUE
"cg20768313_BC11",FALSE,TRUE
"cg09021898_TC11",FALSE,TRUE
"cg22280173_BC11",FALSE,TRUE
"cg17220278_TC11",FALSE,TRUE
"cg02822958_TC11",FALSE,TRUE
"cg14568217_TC11",FALSE,TRUE
"cg13711457_TC11",FALSE,TRUE
"cg03618937_TC11",FALSE,TRUE
"cg12655452_TC11",FALSE,TRUE
"cg19403653_TC11",FALSE,TRUE
"cg14634210_BC11",FALSE,TRUE
"cg22029015_TC11",FALSE,TRUE
"cg00530298_TC11",FALSE,TRUE
"cg02510453_TC11",FALSE,TRUE
"cg22389730_TC11",FALSE,TRUE
"cg09266468_BC11",FALSE,TRUE
"cg24789447_TC11",FALSE,TRUE
"cg02103653_TC11",FALSE,TRUE
"cg16986298_TC11",FALSE,TRUE
"cg13832669_BC11",FALSE,TRUE
"cg09436851_TC11",FALSE,TRUE
"cg12796186_BC11",FALSE,TRUE
"cg24569637_TC11",FALSE,TRUE
"cg06319390_BC11",FALSE,TRUE
"cg06837311_TC11",FALSE,TRUE
"cg05424388_TC11",FALSE,TRUE
"cg16558465_BC11",FALSE,TRUE
"cg25974901_TC11",FALSE,TRUE
"cg21584052_TC11",FALSE,TRUE
"cg26466258_BC11",FALSE,TRUE
"cg12753558_BC11",FALSE,TRUE
"cg06499271_TC11",FALSE,TRUE
"cg17031493_BC11",FALSE,TRUE
"cg17521338_BC11",FALSE,TRUE
"cg23161999_BC11",FALSE,TRUE
"cg09128429_BC11",FALSE,TRUE
"cg21904978_TC11",FALSE,TRUE
"cg24891986_TC11",FALSE,TRUE
"cg14388982_BC11",FALSE,TRUE
"cg07160589_TC11",FALSE,TRUE
"cg13730859_TC11",FALSE,TRUE
"cg02616966_TC11",FALSE,TRUE
"cg04905789_TC11",FALSE,TRUE
"cg24579247_TC11",FALSE,TRUE
"cg00211215_BC11",FALSE,TRUE
"cg11410813_TC11",FALSE,TRUE
"cg09290169_BC11",FALSE,TRUE
"cg19790935_BC11",FALSE,TRUE
"cg06452451_TC11",FALSE,TRUE
"cg23537865_TC11",FALSE,TRUE
"cg17482114_BC11",FALSE,TRUE
"cg24877792_BC11",FALSE,TRUE
"cg09546359_TC11",FALSE,TRUE
"cg16258503_TC11",FALSE,TRUE
"cg04917275_BC11",FALSE,TRUE
"cg22639352_TC11",FALSE,TRUE
"cg22783643_BC11",FALSE,TRUE
"cg10038092_BC11",FALSE,TRUE
"cg23144143_BC11",FALSE,TRUE
"cg19604703_BC11",FALSE,TRUE
"cg17676994_BC11",FALSE,TRUE
"cg20809693_BC11",FALSE,TRUE
"cg09117878_BC11",FALSE,TRUE
"cg00987370_TC11",FALSE,TRUE
"cg07096248_BC11",FALSE,TRUE
"cg26010562_TC11",FALSE,TRUE
"cg24364084_BC11",FALSE,TRUE
"cg24075852_TC11",FALSE,TRUE
"cg10106268_BC11",FALSE,TRUE
"cg15084921_TC11",FALSE,TRUE
"cg04167064_TC11",FALSE,TRUE
"cg07767534_TC11",FALSE,TRUE
"cg22246187_TC11",FALSE,TRUE
"cg26362852_BC11",FALSE,TRUE
"cg15985196_TC11",FALSE,TRUE
"cg22648182_BC11",FALSE,TRUE
"cg18740893_TC11",FALSE,TRUE
"cg21460828_TC11",FALSE,TRUE
"cg15001364_TC11",FALSE,TRUE
"cg11163975_TC11",FALSE,TRUE
"cg09884389_BC11",FALSE,TRUE
"cg14673162_TC11",FALSE,TRUE
"cg17299830_TC11",FALSE,TRUE
"cg19406040_TC11",FALSE,TRUE
"cg07623037_TC11",FALSE,TRUE
"cg14699257_BC11",FALSE,TRUE
"cg20593831_BC11",FALSE,TRUE
"cg04148483_TC11",FALSE,TRUE
"cg00172603_BC11",FALSE,TRUE
"cg05790015_TC11",FALSE,TRUE
"cg15881107_TC11",FALSE,TRUE
"cg21949512_TC11",FALSE,TRUE
"cg10647644_TC11",FALSE,TRUE
"cg24839533_TC11",FALSE,TRUE
"cg00448752_BC11",FALSE,TRUE
"cg12958561_BC11",FALSE,TRUE
"cg06019718_TC11",FALSE,TRUE
"cg00109302_TC11",FALSE,TRUE
"cg02831260_TC11",FALSE,TRUE
"cg11935592_TC11",FALSE,TRUE
"cg21323815_BC11",FALSE,TRUE
"cg19301934_TC11",FALSE,TRUE
"cg25772341_TC11",FALSE,TRUE
"cg04834061_BC11",FALSE,TRUE
"cg07000467_BC11",FALSE,TRUE
"cg10212705_TC11",FALSE,TRUE
"cg21646186_TC11",FALSE,TRUE
"cg14480446_BC11",FALSE,TRUE
"cg13917433_BC11",FALSE,TRUE
"cg06653292_BC11",FALSE,TRUE
"cg11413506_BC11",FALSE,TRUE
"cg19597652_BC11",FALSE,TRUE
"cg06445428_TC11",FALSE,TRUE
"cg25746226_TC11",FALSE,TRUE
"cg05841627_BC11",FALSE,TRUE
"cg26862690_BC11",FALSE,TRUE
"cg21067905_TC11",FALSE,TRUE
"cg00481499_BC11",FALSE,TRUE
"cg13618906_TC11",FALSE,TRUE
"cg20813081_BC11",FALSE,TRUE
"cg18847612_TC11",FALSE,TRUE
"cg22670485_TC11",FALSE,TRUE
"cg25054754_TC11",FALSE,TRUE
"cg02715291_TC11",FALSE,TRUE
"cg20694461_TC11",FALSE,TRUE
"cg05304461_TC11",FALSE,TRUE
"cg18068923_TC11",FALSE,TRUE
"cg27291468_TC11",FALSE,TRUE
"cg27010688_TC11",FALSE,TRUE
"cg14255238_BC11",FALSE,TRUE
"cg25522894_BC11",FALSE,TRUE
"cg11498652_BC11",FALSE,TRUE
"cg16574924_TC11",FALSE,TRUE
"cg05391318_BC11",FALSE,TRUE
"cg21265287_TC11",FALSE,TRUE
"cg02766770_TC11",FALSE,TRUE
"cg25223552_BC11",FALSE,TRUE
"cg01184139_BC11",FALSE,TRUE
"cg27060346_TC11",FALSE,TRUE
"cg21741689_BC11",FALSE,TRUE
"cg16306148_TC11",FALSE,TRUE
"cg20981856_TC11",FALSE,TRUE
"cg07106881_BC11",FALSE,TRUE
"cg23335398_TC11",FALSE,TRUE
"cg22832407_BC11",FALSE,TRUE
"cg24471922_BC11",FALSE,TRUE
"cg25617092_TC11",FALSE,TRUE
"cg23328922_TC11",FALSE,TRUE
"cg08863830_BC11",FALSE,TRUE
"cg12302560_BC11",FALSE,TRUE
"cg08518329_BC11",FALSE,TRUE
"cg23614413_TC11",FALSE,TRUE
"cg27046936_BC11",FALSE,TRUE
"cg18811157_TC11",FALSE,TRUE
"cg18745465_BC11",FALSE,TRUE
"cg11271457_BC11",FALSE,TRUE
"cg11252048_TC11",FALSE,TRUE
"cg10802132_TC11",FALSE,TRUE
"cg04945388_BC11",FALSE,TRUE
"cg13646106_BC11",FALSE,TRUE
"cg00576014_TC11",FALSE,TRUE
"cg14711183_TC11",FALSE,TRUE
"cg05970014_TC11",FALSE,TRUE
"cg14995055_TC11",FALSE,TRUE
"cg03449387_BC11",FALSE,TRUE
"cg05775895_BC11",FALSE,TRUE
"cg25793693_BC11",FALSE,TRUE
"cg16991595_TC11",FALSE,TRUE
"cg17633449_BC11",FALSE,TRUE
"cg15230030_TC11",FALSE,TRUE
"cg18161100_TC11",FALSE,TRUE
"cg01138673_BC11",FALSE,TRUE
"cg01817364_BC11",FALSE,TRUE
"cg27410337_BC11",FALSE,TRUE
"cg05708079_BC11",FALSE,TRUE
"cg12731799_BC11",FALSE,TRUE
"cg05764240_BC11",FALSE,TRUE
"cg05542338_TC11",FALSE,TRUE
"cg06109664_TC11",FALSE,TRUE
"cg04272560_TC11",FALSE,TRUE
"cg07868715_TC11",FALSE,TRUE
"cg02639808_BC11",FALSE,TRUE
"cg24810019_TC11",FALSE,TRUE
"cg23936745_TC11",FALSE,TRUE
"cg10702113_TC11",FALSE,TRUE
"cg16577540_BC11",FALSE,TRUE
"cg00537607_BC11",FALSE,TRUE
"cg25006254_BC11",FALSE,TRUE
"cg07697189_TC11",FALSE,TRUE
"cg09464735_TC11",FALSE,TRUE
"cg09078081_BC11",FALSE,TRUE
"cg00676042_TC11",FALSE,TRUE
"cg01005211_TC11",FALSE,TRUE
"cg01742680_BC11",FALSE,TRUE
"cg15358103_TC11",FALSE,TRUE
"cg07391485_BC11",FALSE,TRUE
"cg07765813_BC11",FALSE,TRUE
"cg02941118_BC11",FALSE,TRUE
"cg24073466_TC11",FALSE,TRUE
"cg12002710_TC11",FALSE,TRUE
"cg10630129_TC11",FALSE,TRUE
"cg22055304_BC11",FALSE,TRUE
"cg00124160_TC11",FALSE,TRUE
"cg07750706_TC11",FALSE,TRUE
"cg03146625_BC11",FALSE,TRUE
"cg09184467_BC11",FALSE,TRUE
"cg14500486_BC11",FALSE,TRUE
"cg13608733_BC11",FALSE,TRUE
"cg07227033_TC11",FALSE,TRUE
"cg12526346_BC11",FALSE,TRUE
"cg15844687_TC11",FALSE,TRUE
"cg13303475_TC11",FALSE,TRUE
"cg05472579_TC11",FALSE,TRUE
"cg24138857_BC11",FALSE,TRUE
"cg27572529_TC11",FALSE,TRUE
"cg13495532_TC11",FALSE,TRUE
"cg26965669_TC11",FALSE,TRUE
"cg11553116_BC11",FALSE,TRUE
"cg14097855_TC11",FALSE,TRUE
"cg09608387_TC11",FALSE,TRUE
"cg20686479_BC11",FALSE,TRUE
"cg24869241_BC11",FALSE,TRUE
"cg13778499_TC11",FALSE,TRUE
"cg06447552_TC11",FALSE,TRUE
"cg18129327_TC11",FALSE,TRUE
"cg20071670_TC11",FALSE,TRUE
"cg16287766_TC11",FALSE,TRUE
"cg11993350_TC11",FALSE,TRUE
"cg16846532_TC11",FALSE,TRUE
"cg21080034_BC11",FALSE,TRUE
"cg05729499_TC11",FALSE,TRUE
"cg05462819_TC11",FALSE,TRUE
"cg20855557_TC11",FALSE,TRUE
"cg22389147_BC11",FALSE,TRUE
"cg23361195_TC11",FALSE,TRUE
"cg10856724_TC11",FALSE,TRUE
"cg05662582_BC11",FALSE,TRUE
"cg11500391_TC11",FALSE,TRUE
"cg12142354_TC11",FALSE,TRUE
"cg05005609_BC11",FALSE,TRUE
"cg05754408_TC11",FALSE,TRUE
"cg14050262_BC11",FALSE,TRUE
"cg06296107_BC11",FALSE,TRUE
"cg14795560_TC11",FALSE,TRUE
"cg09179008_BC11",FALSE,TRUE
"cg12114667_TC11",FALSE,TRUE
"cg05447008_BC11",FALSE,TRUE
"cg25777818_BC11",FALSE,TRUE
"cg25577078_BC11",FALSE,TRUE
"cg13830619_TC11",FALSE,TRUE
"cg00331845_TC11",FALSE,TRUE
"cg09218789_BC11",FALSE,TRUE
"cg21132779_BC11",FALSE,TRUE
"cg14022377_TC11",FALSE,TRUE
"cg27258394_BC11",FALSE,TRUE
"cg20636254_BC11",FALSE,TRUE
"cg05362548_TC11",FALSE,TRUE
"cg20805005_TC11",FALSE,TRUE
"cg22118359_TC11",FALSE,TRUE
"cg11369906_TC11",FALSE,TRUE
"cg14710552_TC11",FALSE,TRUE
"cg09710740_BC11",FALSE,TRUE
"cg13227646_TC11",FALSE,TRUE
"cg15338884_TC11",FALSE,TRUE
"cg24718846_TC11",FALSE,TRUE
"cg13572172_BC11",FALSE,TRUE
"cg25478527_TC11",FALSE,TRUE
"cg08347852_BC11",FALSE,TRUE
"cg26551688_TC11",FALSE,TRUE
"cg09738429_BC11",FALSE,TRUE
"cg23632804_BC11",FALSE,TRUE
"cg12403546_TC11",FALSE,TRUE
"cg23806084_TC11",FALSE,TRUE
"cg08733453_BC11",FALSE,TRUE
"cg03657837_BC11",FALSE,TRUE
"cg12284235_TC11",FALSE,TRUE
"cg00877553_BC11",FALSE,TRUE
"cg12938565_TC11",FALSE,TRUE
"cg09771054_BC11",FALSE,TRUE
"cg02734259_TC11",FALSE,TRUE
"cg14523772_TC11",FALSE,TRUE
"cg17731973_TC11",FALSE,TRUE
"cg25595873_TC11",FALSE,TRUE
"cg08908855_TC11",FALSE,TRUE
"cg10744928_TC11",FALSE,TRUE
"cg12169667_TC11",FALSE,TRUE
"cg01754178_BC11",FALSE,TRUE
"cg14387428_BC11",FALSE,TRUE
"cg13535485_TC11",FALSE,TRUE
"cg21606329_TC11",FALSE,TRUE
"cg14929148_TC11",FALSE,TRUE
"cg13489501_TC11",FALSE,TRUE
"cg01499518_TC11",FALSE,TRUE
"cg19176816_BC11",FALSE,TRUE
"cg27599058_TC11",FALSE,TRUE
"cg04841983_TC11",FALSE,TRUE
"cg16774290_BC11",FALSE,TRUE
"cg10044466_BC11",FALSE,TRUE
"cg23606922_TC11",FALSE,TRUE
"cg10038542_BC11",FALSE,TRUE
"cg21553283_TC11",FALSE,TRUE
"cg26174226_BC11",FALSE,TRUE
"cg03841686_BC11",FALSE,TRUE
"cg14983763_TC11",FALSE,TRUE
"cg18700416_BC11",FALSE,TRUE
"cg10659382_TC11",FALSE,TRUE
"cg05474055_BC11",FALSE,TRUE
"cg11245569_BC11",FALSE,TRUE
"cg18294483_TC11",FALSE,TRUE
"cg14454440_BC11",FALSE,TRUE
"cg09125402_TC11",FALSE,TRUE
"cg17788536_TC11",FALSE,TRUE
"cg10499102_TC11",FALSE,TRUE
"cg01145583_TC11",FALSE,TRUE
"cg05313588_TC11",FALSE,TRUE
"cg11893698_BC11",FALSE,TRUE
"cg00771049_BC11",FALSE,TRUE
"cg26969786_TC11",FALSE,TRUE
"cg12984349_BC11",FALSE,TRUE
"cg18723937_TC11",FALSE,TRUE
"cg01665212_BC11",FALSE,TRUE
"cg06521331_TC11",FALSE,TRUE
"cg18119380_BC11",FALSE,TRUE
"cg11678206_BC11",FALSE,TRUE
"cg06741896_BC11",FALSE,TRUE
"cg01078378_BC11",FALSE,TRUE
"cg14464464_TC11",FALSE,TRUE
"cg11926764_TC11",FALSE,TRUE
"cg25945158_BC11",FALSE,TRUE
"cg09135584_BC11",FALSE,TRUE
"cg00691168_TC11",FALSE,TRUE
"cg11506907_TC11",FALSE,TRUE
"cg00487848_BC11",FALSE,TRUE
"cg05212836_BC11",FALSE,TRUE
"cg17819963_BC11",FALSE,TRUE
"cg07211678_BC11",FALSE,TRUE
"cg00798850_TC11",FALSE,TRUE
"cg24892241_TC11",FALSE,TRUE
"cg18015323_BC11",FALSE,TRUE
"cg07998290_BC11",FALSE,TRUE
"cg02695780_BC11",FALSE,TRUE
"cg02169113_TC11",FALSE,TRUE
"cg11769461_BC11",FALSE,TRUE
"cg19969778_BC11",FALSE,TRUE
"cg18969004_TC11",FALSE,TRUE
"cg00394830_BC11",FALSE,TRUE
"cg12869958_TC11",FALSE,TRUE
"cg05798523_TC11",FALSE,TRUE
"cg15496005_TC11",FALSE,TRUE
"cg22982654_TC11",FALSE,TRUE
"cg13766795_TC11",FALSE,TRUE
"cg03932308_BC11",FALSE,TRUE
"cg09067228_TC11",FALSE,TRUE
"cg22100228_TC11",FALSE,TRUE
"cg12015737_BC11",FALSE,TRUE
"cg16011480_TC11",FALSE,TRUE
"cg25446329_BC11",FALSE,TRUE
"cg06921943_TC11",FALSE,TRUE
"cg02465374_TC11",FALSE,TRUE
"cg14425796_BC11",FALSE,TRUE
"cg05924171_BC11",FALSE,TRUE
"cg07867052_TC11",FALSE,TRUE
"cg22870756_TC11",FALSE,TRUE
"cg08947187_TC11",FALSE,TRUE
"cg15406683_BC11",FALSE,TRUE
"cg11899507_BC11",FALSE,TRUE
"cg07315168_TC11",FALSE,TRUE
"cg10598066_TC11",FALSE,TRUE
"cg06045408_BC11",FALSE,TRUE
"cg11267609_TC11",FALSE,TRUE
"cg23374964_TC11",FALSE,TRUE
"cg11234708_BC11",FALSE,TRUE
"cg01724941_BC11",FALSE,TRUE
"cg23892626_BC11",FALSE,TRUE
"cg17477164_TC11",FALSE,TRUE
"cg22400291_BC11",FALSE,TRUE
"cg27121529_BC11",FALSE,TRUE
"cg24592962_BC11",FALSE,TRUE
"cg06329547_BC11",FALSE,TRUE
"cg27300238_BC11",FALSE,TRUE
"cg12408601_BC11",FALSE,TRUE
"cg04249522_BC11",FALSE,TRUE
"cg01824964_TC11",FALSE,TRUE
"cg21668834_BC11",FALSE,TRUE
"cg17245576_BC11",FALSE,TRUE
"cg26962758_TC11",FALSE,TRUE
"cg17244466_BC11",FALSE,TRUE
"cg10885956_TC11",FALSE,TRUE
"cg25804018_BC11",FALSE,TRUE
"cg21317795_BC11",FALSE,TRUE
"cg13852536_BC11",FALSE,TRUE
"cg25601879_BC11",FALSE,TRUE
"cg14712794_BC11",FALSE,TRUE
"cg07795790_TC11",FALSE,TRUE
"cg02635786_BC11",FALSE,TRUE
"cg16496847_TC11",FALSE,TRUE
"cg13338827_BC11",FALSE,TRUE
"cg04206484_BC11",FALSE,TRUE
"cg16212881_TC11",FALSE,TRUE
"cg23840219_BC11",FALSE,TRUE
"cg05031195_TC11",FALSE,TRUE
"cg09203501_TC11",FALSE,TRUE
"cg07395000_BC11",FALSE,TRUE
"cg19130610_BC11",FALSE,TRUE
"cg00120157_BC11",FALSE,TRUE
"cg14320530_BC11",FALSE,TRUE
"cg07634195_BC11",FALSE,TRUE
"cg23845400_BC11",FALSE,TRUE
"cg04766529_BC11",FALSE,TRUE
"cg24197935_BC11",FALSE,TRUE
"cg05596517_BC11",FALSE,TRUE
"cg07269271_TC11",FALSE,TRUE
"cg27034885_TC11",FALSE,TRUE
"cg04425632_TC11",FALSE,TRUE
"cg02734505_BC11",FALSE,TRUE
"cg03639964_TC11",FALSE,TRUE
"cg09370599_BC11",FALSE,TRUE
"cg26695780_BC11",FALSE,TRUE
"cg23687994_TC11",FALSE,TRUE
"cg03207674_BC11",FALSE,TRUE
"cg08045906_BC11",FALSE,TRUE
"cg21452471_BC11",FALSE,TRUE
"cg27517502_BC11",FALSE,TRUE
"cg26124968_BC11",FALSE,TRUE
"cg25389470_BC11",FALSE,TRUE
"cg05529686_TC11",FALSE,TRUE
"cg20777247_BC11",FALSE,TRUE
"cg01055748_BC11",FALSE,TRUE
"cg14242528_BC11",FALSE,TRUE
"cg18530251_BC11",FALSE,TRUE
"cg04456029_BC11",FALSE,TRUE
"cg14516552_BC11",FALSE,TRUE
"cg04524321_TC11",FALSE,TRUE
"cg01776278_BC11",FALSE,TRUE
"cg12383181_BC11",FALSE,TRUE
"cg16865446_BC11",FALSE,TRUE
"cg13450549_BC11",FALSE,TRUE
"cg14260522_BC11",FALSE,TRUE
"cg04981737_BC11",FALSE,TRUE
"cg13516655_TC11",FALSE,TRUE
"cg02655397_BC11",FALSE,TRUE
"cg19990454_BC11",FALSE,TRUE
"cg25600446_BC11",FALSE,TRUE
"cg24629972_BC11",FALSE,TRUE
"cg16822387_TC11",FALSE,TRUE
"cg06895436_BC11",FALSE,TRUE
"cg25569234_BC11",FALSE,TRUE
"cg06824988_BC11",FALSE,TRUE
"cg12281798_BC11",FALSE,TRUE
"cg02582057_BC11",FALSE,TRUE
"cg24495844_BC11",FALSE,TRUE
"cg09012406_TC11",FALSE,TRUE
"cg23172086_BC11",FALSE,TRUE
"cg04797725_BC11",FALSE,TRUE
"cg01453469_TC11",FALSE,TRUE
"cg02181080_BC11",FALSE,TRUE
"cg08259472_TC11",FALSE,TRUE
"cg05655647_TC11",FALSE,TRUE
"cg12418163_BC11",FALSE,TRUE
"cg14500798_TC11",FALSE,TRUE
"cg11197015_BC11",FALSE,TRUE
"cg19931644_BC11",FALSE,TRUE
"cg23162201_TC11",FALSE,TRUE
"cg07876051_BC11",FALSE,TRUE
"cg01692340_BC11",FALSE,TRUE
"cg13607511_BC11",FALSE,TRUE
"cg12101927_BC11",FALSE,TRUE
"cg24206161_BC11",FALSE,TRUE
"cg24254658_BC11",FALSE,TRUE
"cg01931797_BC11",FALSE,TRUE
"cg06008419_BC11",FALSE,TRUE
"cg07703130_TC11",FALSE,TRUE
"cg13429168_BC11",FALSE,TRUE
"cg08333858_TC11",FALSE,TRUE
"cg12507655_TC11",FALSE,TRUE
"cg00483526_TC11",FALSE,TRUE
"cg01883425_BC11",FALSE,TRUE
"cg17907730_BC11",FALSE,TRUE
"cg06041067_BC11",FALSE,TRUE
"cg16712232_TC11",FALSE,TRUE
"cg14825384_TC11",FALSE,TRUE
"cg06375328_BC11",FALSE,TRUE
"cg17255062_TC11",FALSE,TRUE
"cg26363168_BC11",FALSE,TRUE
"cg26645494_BC11",FALSE,TRUE
"cg23102659_TC11",FALSE,TRUE
"cg19539421_TC11",FALSE,TRUE
"cg26202697_TC11",FALSE,TRUE
"cg12610972_TC11",FALSE,TRUE
"cg16850623_TC11",FALSE,TRUE
"cg27202073_BC11",FALSE,TRUE
"cg10905376_TC11",FALSE,TRUE
"cg04905392_BC11",FALSE,TRUE
"cg14895559_TC11",FALSE,TRUE
"cg09682190_BC11",FALSE,TRUE
"cg19612504_TC11",FALSE,TRUE
"cg17677758_BC11",FALSE,TRUE
"cg06589191_BC11",FALSE,TRUE
"cg12997867_BC11",FALSE,TRUE
"cg00663797_TC11",FALSE,TRUE
"cg21339176_BC11",FALSE,TRUE
"cg19438658_BC11",FALSE,TRUE
"cg24841310_BC11",FALSE,TRUE
"cg02916964_TC11",FALSE,TRUE
"cg20224693_BC11",FALSE,TRUE
"cg13069322_BC11",FALSE,TRUE
"cg13901752_BC11",FALSE,TRUE
"cg01408251_BC11",FALSE,TRUE
"cg09127592_TC11",FALSE,TRUE
"cg18671057_BC11",FALSE,TRUE
"cg07135964_BC11",FALSE,TRUE
"cg12389545_BC11",FALSE,TRUE
"cg10030580_BC11",FALSE,TRUE
"cg00489988_BC11",FALSE,TRUE
"cg20662018_BC11",FALSE,TRUE
"cg06416985_TC11",FALSE,TRUE
"cg17004353_BC11",FALSE,TRUE
"cg14617810_BC11",FALSE,TRUE
"cg15742123_BC11",FALSE,TRUE
"cg18871984_BC11",FALSE,TRUE
"cg19599827_BC11",FALSE,TRUE
"cg16943151_BC11",FALSE,TRUE
"cg11521780_BC11",FALSE,TRUE
"cg26082690_BC11",FALSE,TRUE
"cg16018152_BC11",FALSE,TRUE
"cg05956220_TC11",FALSE,TRUE
"cg03113878_BC11",FALSE,TRUE
"cg21532378_BC11",FALSE,TRUE
"cg18026227_BC11",FALSE,TRUE
"cg10358780_TC11",FALSE,TRUE
"cg16208507_BC11",FALSE,TRUE
"cg16375198_BC11",FALSE,TRUE
"cg02341038_TC11",FALSE,TRUE
"cg25258812_BC11",FALSE,TRUE
"cg23348979_BC11",FALSE,TRUE
"cg11253136_TC11",FALSE,TRUE
"cg19530217_TC11",FALSE,TRUE
"cg11127711_TC11",FALSE,TRUE
"cg04938456_TC11",FALSE,TRUE
"cg21052958_TC11",FALSE,TRUE
"cg05738196_TC11",FALSE,TRUE
"cg22575458_BC11",FALSE,TRUE
"cg13990947_TC11",FALSE,TRUE
"cg25360747_BC11",FALSE,TRUE
"cg09645516_TC11",FALSE,TRUE
"cg07740877_TC11",FALSE,TRUE
"cg19898043_TC11",FALSE,TRUE
"cg11747695_TC11",FALSE,TRUE
"cg20442550_TC11",FALSE,TRUE
"cg12740148_BC11",FALSE,TRUE
"cg16643261_BC11",FALSE,TRUE
"cg26185554_BC11",FALSE,TRUE
"cg08719296_TC11",FALSE,TRUE
"cg04029625_BC11",FALSE,TRUE
"cg09804711_TC11",FALSE,TRUE
"cg23919795_TC11",FALSE,TRUE
"cg13749113_BC11",FALSE,TRUE
"cg21018429_TC11",FALSE,TRUE
"cg25290657_BC11",FALSE,TRUE
"cg06992665_BC11",FALSE,TRUE
"cg25721452_BC11",FALSE,TRUE
"cg07020338_BC11",FALSE,TRUE
"cg05304806_BC11",FALSE,TRUE
"cg25004679_TC11",FALSE,TRUE
"cg05297692_BC11",FALSE,TRUE
"cg09288606_TC11",FALSE,TRUE
"cg27055842_TC11",FALSE,TRUE
"cg26942772_TC11",FALSE,TRUE
"cg24479859_BC11",FALSE,TRUE
"cg02439053_BC11",FALSE,TRUE
"cg05331636_TC11",FALSE,TRUE
"cg12315363_TC11",FALSE,TRUE
"cg10513709_BC11",FALSE,TRUE
"cg22152521_BC11",FALSE,TRUE
"cg02374680_TC11",FALSE,TRUE
"cg18030774_BC11",FALSE,TRUE
"cg12963096_TC11",FALSE,TRUE
"cg20459022_BC11",FALSE,TRUE
"cg22797490_BC11",FALSE,TRUE
"cg19433955_TC11",FALSE,TRUE
"cg22926526_TC11",FALSE,TRUE
"cg02218809_TC11",FALSE,TRUE
"cg03050687_BC11",FALSE,TRUE
"cg17703407_BC11",FALSE,TRUE
"cg04294971_BC11",FALSE,TRUE
"cg12733604_BC11",FALSE,TRUE
"cg00506402_BC11",FALSE,TRUE
"cg22346355_BC11",FALSE,TRUE
"cg13639451_TC11",FALSE,TRUE
"cg05926043_TC11",FALSE,TRUE
"cg10047753_TC11",FALSE,TRUE
"cg08446657_TC11",FALSE,TRUE
"cg17789012_BC11",FALSE,TRUE
"cg17106073_TC11",FALSE,TRUE
"cg00473245_BC11",FALSE,TRUE
"cg11010140_TC11",FALSE,TRUE
"cg24082573_TC11",FALSE,TRUE
"cg07642595_TC11",FALSE,TRUE
"cg04747993_TC11",FALSE,TRUE
"cg08128486_BC11",FALSE,TRUE
"cg02715797_TC11",FALSE,TRUE
"cg11474317_TC11",FALSE,TRUE
"cg24079672_BC11",FALSE,TRUE
"cg02072002_TC11",FALSE,TRUE
"cg03403265_TC11",FALSE,TRUE
"cg03762483_TC11",FALSE,TRUE
"cg20584932_BC11",FALSE,TRUE
"cg08843248_TC11",FALSE,TRUE
"cg18978540_TC11",FALSE,TRUE
"cg26603632_TC11",FALSE,TRUE
"cg20501355_TC11",FALSE,TRUE
"cg19819203_BC11",FALSE,TRUE
"cg19911158_TC11",FALSE,TRUE
"cg18603466_BC11",FALSE,TRUE
"cg10453148_BC11",FALSE,TRUE
"cg18596952_BC11",FALSE,TRUE
"cg27244972_TC11",FALSE,TRUE
"cg14672709_TC11",FALSE,TRUE
"cg20491223_TC11",FALSE,TRUE
"cg15692992_TC11",FALSE,TRUE
"cg21865926_BC11",FALSE,TRUE
"cg13725062_BC11",FALSE,TRUE
"cg01564640_TC11",FALSE,TRUE
"cg03380643_TC11",FALSE,TRUE
"cg00602115_TC11",FALSE,TRUE
"cg20701145_BC11",FALSE,TRUE
"cg15879426_TC11",FALSE,TRUE
"cg01626569_BC11",FALSE,TRUE
"cg11645098_BC11",FALSE,TRUE
"cg01324372_TC11",FALSE,TRUE
"cg15432180_BC11",FALSE,TRUE
"cg11395414_BC11",FALSE,TRUE
"cg02167732_BC11",FALSE,TRUE
"cg26180006_BC11",FALSE,TRUE
"cg09269652_TC11",FALSE,TRUE
"cg27037109_BC11",FALSE,TRUE
"cg12199378_BC11",FALSE,TRUE
"cg07370023_BC11",FALSE,TRUE
"cg00154549_TC11",FALSE,TRUE
"cg26441910_BC11",FALSE,TRUE
"cg02245485_BC11",FALSE,TRUE
"cg08466351_TC11",FALSE,TRUE
"cg21381360_TC11",FALSE,TRUE
"cg07812059_TC11",FALSE,TRUE
"cg25053531_BC11",FALSE,TRUE
"cg25194055_BC11",FALSE,TRUE
"cg01152986_TC11",FALSE,TRUE
"cg24583855_TC11",FALSE,TRUE
"cg15645685_TC11",FALSE,TRUE
"cg18791991_TC11",FALSE,TRUE
"cg01222190_TC11",FALSE,TRUE
"cg04056025_BC11",FALSE,TRUE
"cg20382774_TC11",FALSE,TRUE
"cg15724937_TC11",FALSE,TRUE
"cg26750188_BC11",FALSE,TRUE
"cg16916549_BC11",FALSE,TRUE
"cg20117626_BC11",FALSE,TRUE
"cg19669476_BC11",FALSE,TRUE
"cg07444898_TC11",FALSE,TRUE
"cg08613597_TC11",FALSE,TRUE
"cg00562243_BC11",FALSE,TRUE
"cg09804833_TC11",FALSE,TRUE
"cg17203313_BC11",FALSE,TRUE
"cg24688309_BC11",FALSE,TRUE
"cg02662840_BC11",FALSE,TRUE
"cg27376339_TC11",FALSE,TRUE
"cg22049485_BC11",FALSE,TRUE
"cg14409414_BC11",FALSE,TRUE
"cg21365914_TC11",FALSE,TRUE
"cg12205903_TC11",FALSE,TRUE
"cg00646185_TC11",FALSE,TRUE
"cg27322556_BC11",FALSE,TRUE
"cg20896738_TC11",FALSE,TRUE
"cg06901790_TC11",FALSE,TRUE
"cg22963915_BC11",FALSE,TRUE
"cg25560363_BC11",FALSE,TRUE
"cg04524933_TC11",FALSE,TRUE
"cg21278806_BC11",FALSE,TRUE
"cg08452456_BC11",FALSE,TRUE
"cg20942990_TC11",FALSE,TRUE
"cg24525630_TC11",FALSE,TRUE
"cg03124214_TC11",FALSE,TRUE
"cg06395392_TC11",FALSE,TRUE
"cg08703522_BC11",FALSE,TRUE
"cg24025995_TC11",FALSE,TRUE
"cg17312277_TC11",FALSE,TRUE
"cg18678211_TC11",FALSE,TRUE
"cg24035218_BC11",FALSE,TRUE
"cg12422688_BC11",FALSE,TRUE
"cg08496503_BC11",FALSE,TRUE
"cg10209635_TC11",FALSE,TRUE
"cg27006129_TC11",FALSE,TRUE
"cg12229505_BC11",FALSE,TRUE
"cg18043078_BC11",FALSE,TRUE
"cg20205877_BC11",FALSE,TRUE
"cg23969515_TC11",FALSE,TRUE
"cg07037057_TC11",FALSE,TRUE
"cg17211612_BC11",FALSE,TRUE
"cg26677098_BC11",FALSE,TRUE
"cg18385233_TC11",FALSE,TRUE
"cg18409730_TC11",FALSE,TRUE
"cg23548274_TC11",FALSE,TRUE
"cg06306927_BC11",FALSE,TRUE
"cg15797843_BC11",FALSE,TRUE
"cg02996471_TC11",FALSE,TRUE
"cg23167307_TC11",FALSE,TRUE
"cg14198223_TC11",FALSE,TRUE
"cg13836638_BC11",FALSE,TRUE
"cg26782218_TC11",FALSE,TRUE
"cg15347004_BC11",FALSE,TRUE
"cg23346107_BC11",FALSE,TRUE
"cg13360609_BC11",FALSE,TRUE
"cg10506057_TC11",FALSE,TRUE
"cg21432322_TC11",FALSE,TRUE
"cg20611294_TC11",FALSE,TRUE
"cg02216295_BC11",FALSE,TRUE
"cg03589920_TC11",FALSE,TRUE
"cg10328875_BC11",FALSE,TRUE
"cg22118112_BC11",FALSE,TRUE
"cg21308336_TC11",FALSE,TRUE
"cg21485898_TC11",FALSE,TRUE
"cg08224646_TC11",FALSE,TRUE
"cg27145699_TC11",FALSE,TRUE
"cg07827796_TC11",FALSE,TRUE
"cg21799227_BC11",FALSE,TRUE
"cg02584187_BC11",FALSE,TRUE
"cg25624596_BC11",FALSE,TRUE
"cg08808148_TC11",FALSE,TRUE
"cg23882285_BC11",FALSE,TRUE
"cg10368775_BC11",FALSE,TRUE
"cg02221622_BC11",FALSE,TRUE
"cg13619522_BC11",FALSE,TRUE
"cg16605523_BC11",FALSE,TRUE
"cg01583514_BC11",FALSE,TRUE
"cg25347362_TC11",FALSE,TRUE
"cg16242106_TC11",FALSE,TRUE
"cg27390443_BC11",FALSE,TRUE
"cg02895390_BC11",FALSE,TRUE
"cg04524668_TC11",FALSE,TRUE
"cg22218512_BC11",FALSE,TRUE
"cg08583507_TC11",FALSE,TRUE
"cg26603220_TC11",FALSE,TRUE
"cg06291314_TC11",FALSE,TRUE
"cg19830372_BC11",FALSE,TRUE
"cg15324453_BC11",FALSE,TRUE
"cg13113642_BC11",FALSE,TRUE
"cg17655624_TC11",FALSE,TRUE
"cg16451355_BC11",FALSE,TRUE
"cg00950856_BC11",FALSE,TRUE
"cg06365976_BC11",FALSE,TRUE
"cg04697482_TC11",FALSE,TRUE
"cg25731211_BC11",FALSE,TRUE
"cg09085417_BC11",FALSE,TRUE
"cg20116491_TC11",FALSE,TRUE
"cg00504756_BC11",FALSE,TRUE
"cg23304605_TC11",FALSE,TRUE
"cg08846272_TC11",FALSE,TRUE
"cg10196128_TC11",FALSE,TRUE
"cg03601549_BC11",FALSE,TRUE
"cg19306047_BC11",FALSE,TRUE
"cg26232417_BC11",FALSE,TRUE
"cg10057853_TC11",FALSE,TRUE
"cg24361265_BC11",FALSE,TRUE
"cg17104900_TC11",FALSE,TRUE
"cg08020660_TC11",FALSE,TRUE
"cg12534480_BC11",FALSE,TRUE
"cg14116624_TC11",FALSE,TRUE
"cg17559785_BC11",FALSE,TRUE
"cg24080181_BC11",FALSE,TRUE
"cg07600127_BC11",FALSE,TRUE
"cg12384639_TC11",FALSE,TRUE
"cg26269109_BC11",FALSE,TRUE
"cg26606899_TC11",FALSE,TRUE
"cg08049640_BC11",FALSE,TRUE
"cg26018685_BC11",FALSE,TRUE
"cg22842854_TC11",FALSE,TRUE
"cg20623946_TC11",FALSE,TRUE
"cg27083019_TC11",FALSE,TRUE
"cg07472199_TC11",FALSE,TRUE
"cg10297430_TC11",FALSE,TRUE
"cg23620433_BC11",FALSE,TRUE
"cg11398523_BC11",FALSE,TRUE
"cg19199752_BC11",FALSE,TRUE
"cg08714926_BC11",FALSE,TRUE
"cg18855570_BC11",FALSE,TRUE
"cg07086747_BC11",FALSE,TRUE
"cg06966913_TC11",FALSE,TRUE
"cg24659093_BC11",FALSE,TRUE
"cg10671215_TC11",FALSE,TRUE
"cg01267648_TC11",FALSE,TRUE
"cg27286873_BC11",FALSE,TRUE
"cg22068068_TC11",FALSE,TRUE
"cg02152320_TC11",FALSE,TRUE
"cg04684225_TC11",FALSE,TRUE
"cg13625200_TC11",FALSE,TRUE
"cg01489361_TC11",FALSE,TRUE
"cg14134191_BC11",FALSE,TRUE
"cg02861363_TC11",FALSE,TRUE
"cg26323159_BC11",FALSE,TRUE
"cg13276459_TC11",FALSE,TRUE
"cg11129769_BC11",FALSE,TRUE
"cg04472373_BC11",FALSE,TRUE
"cg14781202_BC11",FALSE,TRUE
"cg22449592_BC11",FALSE,TRUE
"cg17217322_TC11",FALSE,TRUE
"cg21526826_BC11",FALSE,TRUE
"cg24044884_TC11",FALSE,TRUE
"cg02364651_BC11",FALSE,TRUE
"cg12625133_BC11",FALSE,TRUE
"cg01592389_BC11",FALSE,TRUE
"cg22456465_BC11",FALSE,TRUE
"cg08361130_TC11",FALSE,TRUE
"cg10009213_BC11",FALSE,TRUE
"cg04154397_TC11",FALSE,TRUE
"cg09471597_BC11",FALSE,TRUE
"cg13498216_TC11",FALSE,TRUE
"cg22920609_TC11",FALSE,TRUE
"cg03135799_TC11",FALSE,TRUE
"cg11223560_TC11",FALSE,TRUE
"cg13962022_TC11",FALSE,TRUE
"cg10640401_BC11",FALSE,TRUE
"cg19510756_TC11",FALSE,TRUE
"cg23560439_BC11",FALSE,TRUE
"cg16649423_BC11",FALSE,TRUE
"cg25856474_TC11",FALSE,TRUE
"cg16692836_TC11",FALSE,TRUE
"cg26966893_TC11",FALSE,TRUE
"cg13076537_BC11",FALSE,TRUE
"cg12053017_TC11",FALSE,TRUE
"cg08006275_BC11",FALSE,TRUE
"cg14615328_TC11",FALSE,TRUE
"cg26921890_TC11",FALSE,TRUE
"cg17626776_BC11",FALSE,TRUE
"cg16459860_TC11",FALSE,TRUE
"cg15234769_TC11",FALSE,TRUE
"cg16818390_BC11",FALSE,TRUE
"cg05042959_BC11",FALSE,TRUE
"cg19609456_TC11",FALSE,TRUE
"cg11426703_BC11",FALSE,TRUE
"cg20057346_TC11",FALSE,TRUE
"cg14155246_TC11",FALSE,TRUE
"cg21720941_TC11",FALSE,TRUE
"cg03859313_TC11",FALSE,TRUE
"cg08877093_BC11",FALSE,TRUE
"cg20601313_TC11",FALSE,TRUE
"cg22108713_TC11",FALSE,TRUE
"cg04828277_TC11",FALSE,TRUE
"cg15474411_BC11",FALSE,TRUE
"cg01486479_TC11",FALSE,TRUE
"cg21133212_TC11",FALSE,TRUE
"cg05030581_BC11",FALSE,TRUE
"cg12004643_BC11",FALSE,TRUE
"cg20222640_TC11",FALSE,TRUE
"cg12984045_BC11",FALSE,TRUE
"cg06936537_BC11",FALSE,TRUE
"cg25152193_TC11",FALSE,TRUE
"cg24982343_TC11",FALSE,TRUE
"cg17253649_BC11",FALSE,TRUE
"cg16201354_TC11",FALSE,TRUE
"cg11952392_TC11",FALSE,TRUE
"cg05876599_TC11",FALSE,TRUE
"cg21822977_TC11",FALSE,TRUE
"cg14185834_BC11",FALSE,TRUE
"cg06025628_TC11",FALSE,TRUE
"cg15936068_TC11",FALSE,TRUE
"cg02804895_BC11",FALSE,TRUE
"cg01066217_BC11",FALSE,TRUE
"cg23845545_TC11",FALSE,TRUE
"cg09528198_TC11",FALSE,TRUE
"cg11133454_TC11",FALSE,TRUE
"cg07951628_BC11",FALSE,TRUE
"cg02345493_TC11",FALSE,TRUE
"cg01965810_TC11",FALSE,TRUE
"cg06886695_TC11",FALSE,TRUE
"cg22168943_TC11",FALSE,TRUE
"cg20868253_BC11",FALSE,TRUE
"cg04698215_BC11",FALSE,TRUE
"cg07667458_BC11",FALSE,TRUE
"cg21825218_BC11",FALSE,TRUE
"cg19205789_BC11",FALSE,TRUE
"cg04862929_BC11",FALSE,TRUE
"cg22979237_BC11",FALSE,TRUE
"cg03749093_TC11",FALSE,TRUE
"cg12667768_BC11",FALSE,TRUE
"cg07535125_BC11",FALSE,TRUE
"cg26402811_TC11",FALSE,TRUE
"cg24883832_BC11",FALSE,TRUE
"cg16112120_BC11",FALSE,TRUE
"cg15664644_BC11",FALSE,TRUE
"cg02072436_BC11",FALSE,TRUE
"cg07608267_BC11",FALSE,TRUE
"cg08074138_TC11",FALSE,TRUE
"cg18833720_TC11",FALSE,TRUE
"cg14402990_BC11",FALSE,TRUE
"cg26335467_BC11",FALSE,TRUE
"cg26162150_TC11",FALSE,TRUE
"cg24145610_BC11",FALSE,TRUE
"cg10386463_BC11",FALSE,TRUE
"cg15341911_TC11",FALSE,TRUE
"cg19896040_BC11",FALSE,TRUE
"cg21480996_BC11",FALSE,TRUE
"cg23317014_TC11",FALSE,TRUE
"cg12092677_BC11",FALSE,TRUE
"cg24917037_TC11",FALSE,TRUE
"cg09759094_BC11",FALSE,TRUE
"cg10969738_BC11",FALSE,TRUE
"cg07869121_TC11",FALSE,TRUE
"cg24220996_TC11",FALSE,TRUE
"cg25445017_BC11",FALSE,TRUE
"cg08803321_TC11",FALSE,TRUE
"cg20721889_TC11",FALSE,TRUE
"cg24635385_TC11",FALSE,TRUE
"cg16543247_BC11",FALSE,TRUE
"cg04163474_BC11",FALSE,TRUE
"cg17713329_BC11",FALSE,TRUE
"cg22152397_BC11",FALSE,TRUE
"cg19732421_TC11",FALSE,TRUE
"cg20699784_BC11",FALSE,TRUE
"cg26144324_TC11",FALSE,TRUE
"cg16380618_BC11",FALSE,TRUE
"cg02738074_BC11",FALSE,TRUE
"cg25042180_TC11",FALSE,TRUE
"cg12520273_TC11",FALSE,TRUE
"cg08419350_TC11",FALSE,TRUE
"cg08279861_BC11",FALSE,TRUE
"cg11478910_BC11",FALSE,TRUE
"cg13901686_TC11",FALSE,TRUE
"cg19196258_BC11",FALSE,TRUE
"cg04118005_TC11",FALSE,TRUE
"cg19315096_TC11",FALSE,TRUE
"cg03797429_BC11",FALSE,TRUE
"cg23436797_BC11",FALSE,TRUE
"cg13957428_BC11",FALSE,TRUE
"cg16726338_TC11",FALSE,TRUE
"cg01919916_TC11",FALSE,TRUE
"cg12764569_BC11",FALSE,TRUE
"cg05834122_TC11",FALSE,TRUE
"cg11011452_BC11",FALSE,TRUE
"cg12339351_BC11",FALSE,TRUE
"cg26289481_TC11",FALSE,TRUE
"cg18146640_TC11",FALSE,TRUE
"cg18379824_BC11",FALSE,TRUE
"cg03889617_BC11",FALSE,TRUE
"cg22923758_BC11",FALSE,TRUE
"cg22685370_BC11",FALSE,TRUE
"cg10292999_BC11",FALSE,TRUE
"cg18476040_BC11",FALSE,TRUE
"cg12175642_BC11",FALSE,TRUE
"cg20070989_TC11",FALSE,TRUE
"cg18962915_TC11",FALSE,TRUE
"cg22778923_TC11",FALSE,TRUE
"cg08968411_BC11",FALSE,TRUE
"cg14402300_TC11",FALSE,TRUE
"cg07218625_BC11",FALSE,TRUE
"cg02228299_TC11",FALSE,TRUE
"cg23279544_TC11",FALSE,TRUE
"cg16848211_TC11",FALSE,TRUE
"cg06100457_TC11",FALSE,TRUE
"cg15594079_BC11",FALSE,TRUE
"cg09754111_BC11",FALSE,TRUE
"cg06404288_TC11",FALSE,TRUE
"cg00550282_BC11",FALSE,TRUE
"cg08435081_BC11",FALSE,TRUE
"cg23501259_BC11",FALSE,TRUE
"cg19853984_TC11",FALSE,TRUE
"cg22796268_BC11",FALSE,TRUE
"cg12894903_BC11",FALSE,TRUE
"cg26377886_BC11",FALSE,TRUE
"cg19651567_BC11",FALSE,TRUE
"cg21949471_BC11",FALSE,TRUE
"cg21898755_TC11",FALSE,TRUE
"cg01213532_BC11",FALSE,TRUE
"cg23798139_TC11",FALSE,TRUE
"cg11617058_TC11",FALSE,TRUE
"cg02292273_BC11",FALSE,TRUE
"cg08732773_TC11",FALSE,TRUE
"cg24644672_BC11",FALSE,TRUE
"cg26578119_BC11",FALSE,TRUE
"cg24896784_BC11",FALSE,TRUE
"cg27093888_BC11",FALSE,TRUE
"cg23484461_TC11",FALSE,TRUE
"cg19479548_BC11",FALSE,TRUE
"cg22034054_BC11",FALSE,TRUE
"cg06495764_BC11",FALSE,TRUE
"cg11031129_TC11",FALSE,TRUE
"cg24027940_BC11",FALSE,TRUE
"cg09588958_TC11",FALSE,TRUE
"cg08957856_TC11",FALSE,TRUE
"cg27648122_BC11",FALSE,TRUE
"cg23363595_TC11",FALSE,TRUE
"cg10748378_TC11",FALSE,TRUE
"cg12282007_TC11",FALSE,TRUE
"cg27400527_TC11",FALSE,TRUE
"cg04944802_TC11",FALSE,TRUE
"cg25092644_TC11",FALSE,TRUE
"cg21800664_BC11",FALSE,TRUE
"cg07896619_BC11",FALSE,TRUE
"cg07697840_BC11",FALSE,TRUE
"cg24007206_BC11",FALSE,TRUE
"cg10421940_BC11",FALSE,TRUE
"cg22822137_TC11",FALSE,TRUE
"cg11644959_BC11",FALSE,TRUE
"cg08973565_TC11",FALSE,TRUE
"cg03215701_TC11",FALSE,TRUE
"cg21453238_BC11",FALSE,TRUE
"cg26911049_TC11",FALSE,TRUE
"cg17565742_TC11",FALSE,TRUE
"cg01543780_BC11",FALSE,TRUE
"cg15103306_TC11",FALSE,TRUE
"cg12038684_TC11",FALSE,TRUE
"cg19303530_BC11",FALSE,TRUE
"cg00600691_BC11",FALSE,TRUE
"cg13400166_BC11",FALSE,TRUE
"cg12529270_TC11",FALSE,TRUE
"cg26454563_TC11",FALSE,TRUE
"cg19118577_BC11",FALSE,TRUE
"cg07885130_TC11",FALSE,TRUE
"cg08171389_TC11",FALSE,TRUE
"cg18613283_BC11",FALSE,TRUE
"cg04283058_BC11",FALSE,TRUE
"cg12728585_TC11",FALSE,TRUE
"cg06519334_TC11",FALSE,TRUE
"cg20659026_TC11",FALSE,TRUE
"cg11411095_BC11",FALSE,TRUE
"cg19572950_BC11",FALSE,TRUE
"cg24669247_TC11",FALSE,TRUE
"cg18096993_BC11",FALSE,TRUE
"cg04826023_TC11",FALSE,TRUE
"cg11230847_BC11",FALSE,TRUE
"cg02821443_TC11",FALSE,TRUE
"cg06512384_TC11",FALSE,TRUE
"cg14128855_TC11",FALSE,TRUE
"cg17206276_BC11",FALSE,TRUE
"cg21783134_TC11",FALSE,TRUE
"cg10977027_BC11",FALSE,TRUE
"cg13551346_BC11",FALSE,TRUE
"cg05729458_TC11",FALSE,TRUE
"cg12809159_TC11",FALSE,TRUE
"cg07570923_TC11",FALSE,TRUE
"cg12609826_BC11",FALSE,TRUE
"cg22729119_BC11",FALSE,TRUE
"cg15557702_BC11",FALSE,TRUE
"cg23082577_TC11",FALSE,TRUE
"cg26415751_BC11",FALSE,TRUE
"cg14235398_BC11",FALSE,TRUE
"cg17468665_BC11",FALSE,TRUE
"cg09586663_TC11",FALSE,TRUE
"cg14453281_TC11",FALSE,TRUE
"cg21055888_TC11",FALSE,TRUE
"cg04201521_TC11",FALSE,TRUE
"cg18770655_BC11",FALSE,TRUE
"cg16448155_TC11",FALSE,TRUE
"cg23883535_BC11",FALSE,TRUE
"cg23211276_TC11",FALSE,TRUE
"cg18102773_BC11",FALSE,TRUE
"cg10686981_BC11",FALSE,TRUE
"cg20406011_BC11",FALSE,TRUE
"cg25716158_TC11",FALSE,TRUE
"cg18534659_TC11",FALSE,TRUE
"cg15178181_BC11",FALSE,TRUE
"cg13026032_BC11",FALSE,TRUE
"cg18580622_BC11",FALSE,TRUE
"cg17502532_TC11",FALSE,TRUE
"cg11703957_TC11",FALSE,TRUE
"cg02796286_TC11",FALSE,TRUE
"cg27059311_TC11",FALSE,TRUE
"cg23633089_BC11",FALSE,TRUE
"cg26043553_BC11",FALSE,TRUE
"cg05713568_TC11",FALSE,TRUE
"cg22044018_TC11",FALSE,TRUE
"cg26581195_TC11",FALSE,TRUE
"cg25086596_TC11",FALSE,TRUE
"cg13511830_TC11",FALSE,TRUE
"cg05403508_BC11",FALSE,TRUE
"cg12841881_TC11",FALSE,TRUE
"cg11193857_TC11",FALSE,TRUE
"cg24533927_BC11",FALSE,TRUE
"cg21038223_BC11",FALSE,TRUE
"cg05465663_TC11",FALSE,TRUE
"cg08556636_BC11",FALSE,TRUE
"cg00603189_TC11",FALSE,TRUE
"cg16906566_TC11",FALSE,TRUE
"cg13345783_TC11",FALSE,TRUE
"cg10957976_BC11",FALSE,TRUE
"cg06359879_BC11",FALSE,TRUE
"cg20134916_BC11",FALSE,TRUE
"cg09881384_BC11",FALSE,TRUE
"cg13597570_TC11",FALSE,TRUE
"cg01321799_TC11",FALSE,TRUE
"cg26232158_TC11",FALSE,TRUE
"cg22645510_TC11",FALSE,TRUE
"cg05293054_TC11",FALSE,TRUE
"cg11464216_TC11",FALSE,TRUE
"cg18157732_BC11",FALSE,TRUE
"cg00130644_TC11",FALSE,TRUE
"cg01656180_BC11",FALSE,TRUE
"cg12999835_TC11",FALSE,TRUE
"cg04275182_TC11",FALSE,TRUE
"cg05561716_BC11",FALSE,TRUE
"cg18870995_TC11",FALSE,TRUE
"cg12557214_BC11",FALSE,TRUE
"cg08682063_TC11",FALSE,TRUE
"cg14543959_TC11",FALSE,TRUE
"cg06901488_BC11",FALSE,TRUE
"cg02720759_BC11",FALSE,TRUE
"cg20943499_TC11",FALSE,TRUE
"cg15037103_TC11",FALSE,TRUE
"cg16189218_TC11",FALSE,TRUE
"cg10080072_BC11",FALSE,TRUE
"cg10228889_TC11",FALSE,TRUE
"cg20047141_BC11",FALSE,TRUE
"cg00506589_BC11",FALSE,TRUE
"cg27546017_BC11",FALSE,TRUE
"cg08645033_TC11",FALSE,TRUE
"cg14488745_TC11",FALSE,TRUE
"cg23618005_TC11",FALSE,TRUE
"cg17072984_TC11",FALSE,TRUE
"cg11518519_BC11",FALSE,TRUE
"cg20796179_BC11",FALSE,TRUE
"cg13586454_TC11",FALSE,TRUE
"cg04146591_BC11",FALSE,TRUE
"cg13539982_BC11",FALSE,TRUE
"cg14888299_BC11",FALSE,TRUE
"cg01017433_TC11",FALSE,TRUE
"cg11048959_BC11",FALSE,TRUE
"cg01079779_TC11",FALSE,TRUE
"cg06822699_TC11",FALSE,TRUE
"cg21379708_BC11",FALSE,TRUE
"cg15453306_BC11",FALSE,TRUE
"cg20481642_TC11",FALSE,TRUE
"cg04182363_TC11",FALSE,TRUE
"cg01188170_BC11",FALSE,TRUE
"cg23023199_TC11",FALSE,TRUE
"cg09507546_BC11",FALSE,TRUE
"cg01466862_TC11",FALSE,TRUE
"cg18717288_TC11",FALSE,TRUE
"cg04169253_BC11",FALSE,TRUE
"cg03347044_TC11",FALSE,TRUE
"cg26424543_BC11",FALSE,TRUE
"cg20488226_BC11",FALSE,TRUE
"cg10360809_BC11",FALSE,TRUE
"cg26511502_TC11",FALSE,TRUE
"cg17879511_TC11",FALSE,TRUE
"cg19417031_BC11",FALSE,TRUE
"cg03522929_BC11",FALSE,TRUE
"cg20963261_TC11",FALSE,TRUE
"cg17739517_TC11",FALSE,TRUE
"cg01998755_BC11",FALSE,TRUE
"cg05752085_BC11",FALSE,TRUE
"cg15225359_TC11",FALSE,TRUE
"cg06322567_TC11",FALSE,TRUE
"cg17722889_TC11",FALSE,TRUE
"cg04759169_BC11",FALSE,TRUE
"cg25022932_BC11",FALSE,TRUE
"cg24012110_TC11",FALSE,TRUE
"cg17375505_BC11",FALSE,TRUE
"cg10229621_BC11",FALSE,TRUE
"cg11539882_BC11",FALSE,TRUE
"cg05106857_BC11",FALSE,TRUE
"cg12240306_TC11",FALSE,TRUE
"cg16931425_TC11",FALSE,TRUE
"cg12172996_TC11",FALSE,TRUE
"cg09710140_TC11",FALSE,TRUE
"cg11616329_TC11",FALSE,TRUE
"cg00191388_BC11",FALSE,TRUE
"cg20154691_TC11",FALSE,TRUE
"cg24836506_BC11",FALSE,TRUE
"cg05413550_BC11",FALSE,TRUE
"cg25905016_BC11",FALSE,TRUE
"cg17021559_BC11",FALSE,TRUE
"cg11545123_TC11",FALSE,TRUE
"cg14952011_TC11",FALSE,TRUE
"cg02323515_BC11",FALSE,TRUE
"cg15326346_TC11",FALSE,TRUE
"cg04656811_TC11",FALSE,TRUE
"cg04413550_BC11",FALSE,TRUE
"cg26069462_TC11",FALSE,TRUE
"cg26739346_BC11",FALSE,TRUE
"cg24912770_TC11",FALSE,TRUE
"cg26587971_BC11",FALSE,TRUE
"cg12743251_BC11",FALSE,TRUE
"cg06166515_TC11",FALSE,TRUE
"cg05922319_BC11",FALSE,TRUE
"cg24739544_BC11",FALSE,TRUE
"cg03368412_TC11",FALSE,TRUE
"cg10473227_BC11",FALSE,TRUE
"cg09592143_BC11",FALSE,TRUE
"cg14048027_TC11",FALSE,TRUE
"cg23893009_TC11",FALSE,TRUE
"cg05856102_BC11",FALSE,TRUE
"cg07646250_BC11",FALSE,TRUE
"cg07578427_BC11",FALSE,TRUE
"cg07331460_BC11",FALSE,TRUE
"cg10796650_TC11",FALSE,TRUE
"cg04256065_TC11",FALSE,TRUE
"cg10343447_BC11",FALSE,TRUE
"cg17335595_TC11",FALSE,TRUE
"cg16586192_TC11",FALSE,TRUE
"cg23593986_BC11",FALSE,TRUE
"cg08911536_BC11",FALSE,TRUE
"cg07762788_TC11",FALSE,TRUE
"cg23082867_BC11",FALSE,TRUE
"cg04939900_TC11",FALSE,TRUE
"cg16033633_TC11",FALSE,TRUE
"cg23354319_TC11",FALSE,TRUE
"cg14408505_BC11",FALSE,TRUE
"cg03709925_TC11",FALSE,TRUE
"cg06775420_TC11",FALSE,TRUE
"cg03904534_BC11",FALSE,TRUE
"cg15153049_TC11",FALSE,TRUE
"cg05521581_BC11",FALSE,TRUE
"cg13761724_TC11",FALSE,TRUE
"cg14331002_BC11",FALSE,TRUE
"cg23258065_BC11",FALSE,TRUE
"cg05990579_TC11",FALSE,TRUE
"cg00776208_BC11",FALSE,TRUE
"cg22053796_BC11",FALSE,TRUE
"cg14758740_BC11",FALSE,TRUE
"cg24119079_BC11",FALSE,TRUE
"cg18489945_BC11",FALSE,TRUE
"cg21288729_BC11",FALSE,TRUE
"cg04847533_BC11",FALSE,TRUE
"cg18503615_BC11",FALSE,TRUE
"cg18538821_BC11",FALSE,TRUE
"cg04138571_BC11",FALSE,TRUE
"cg07149469_BC11",FALSE,TRUE
"cg20254354_BC11",FALSE,TRUE
"cg00248804_BC11",FALSE,TRUE
"cg18962055_BC11",FALSE,TRUE
"cg09875780_TC11",FALSE,TRUE
"cg04067574_TC11",FALSE,TRUE
"cg16448399_BC11",FALSE,TRUE
"cg03839252_BC11",FALSE,TRUE
"cg26469597_BC11",FALSE,TRUE
"cg03773226_BC11",FALSE,TRUE
"cg22781400_TC11",FALSE,TRUE
"cg10667102_TC11",FALSE,TRUE
"cg05236879_TC11",FALSE,TRUE
"cg07398504_BC11",FALSE,TRUE
"cg22824647_TC11",FALSE,TRUE
"cg08260763_TC11",FALSE,TRUE
"cg14580081_TC11",FALSE,TRUE
"cg06880615_BC11",FALSE,TRUE
"cg08001123_BC11",FALSE,TRUE
"cg14559799_BC11",FALSE,TRUE
"cg14970447_BC11",FALSE,TRUE
"cg07880244_TC11",FALSE,TRUE
"cg26725183_BC11",FALSE,TRUE
"cg11320517_BC11",FALSE,TRUE
"cg08405405_TC11",FALSE,TRUE
"cg12741065_BC11",FALSE,TRUE
"cg26481727_TC11",FALSE,TRUE
"cg26666512_BC11",FALSE,TRUE
"cg08790004_BC11",FALSE,TRUE
"cg00593773_BC11",FALSE,TRUE
"cg21650694_TC11",FALSE,TRUE
"cg08541729_TC11",FALSE,TRUE
"cg26484621_BC11",FALSE,TRUE
"cg03047688_TC11",FALSE,TRUE
"cg25257870_BC11",FALSE,TRUE
"cg01273580_BC11",FALSE,TRUE
"cg05455876_BC11",FALSE,TRUE
"cg03177231_BC11",FALSE,TRUE
"cg19658829_BC11",FALSE,TRUE
"cg16320779_BC11",FALSE,TRUE
"cg02155048_BC11",FALSE,TRUE
"cg07465387_TC11",FALSE,TRUE
"cg05950195_TC11",FALSE,TRUE
"cg16142906_BC11",FALSE,TRUE
"cg20272507_BC11",FALSE,TRUE
"cg14681176_BC11",FALSE,TRUE
"cg03163878_TC11",FALSE,TRUE
"cg01606310_TC11",FALSE,TRUE
"cg01552920_TC11",FALSE,TRUE
"cg22920824_TC11",FALSE,TRUE
"cg24028161_BC11",FALSE,TRUE
"cg10497720_TC11",FALSE,TRUE
"cg22207602_BC11",FALSE,TRUE
"cg07388903_BC11",FALSE,TRUE
"cg25653908_TC11",FALSE,TRUE
"cg06246566_TC11",FALSE,TRUE
"cg06010568_TC11",FALSE,TRUE
"cg06706155_BC11",FALSE,TRUE
"cg11107262_BC12",FALSE,TRUE
"cg11115867_BC12",FALSE,TRUE
"cg20990588_TC11",FALSE,TRUE
"cg00845598_TC13",FALSE,TRUE
"cg04527220_BC12",FALSE,TRUE
"cg04626855_BC15",FALSE,TRUE
"cg04855216_TC12",FALSE,TRUE
"cg04904609_TC11",FALSE,TRUE
"cg04955856_TC13",FALSE,TRUE
"cg14630586_TC11",FALSE,TRUE
"cg09998656_TC11",FALSE,TRUE
"cg01537407_TO11",FALSE,TRUE
"cg06379876_BC12",FALSE,TRUE
"cg06817490_TC12",FALSE,TRUE
"cg14053710_TC11",FALSE,TRUE
"cg25718467_BC12",FALSE,TRUE
"cg08884094_BC12",FALSE,TRUE
"cg09038962_TC12",FALSE,TRUE
"cg09094964_BC11",FALSE,TRUE
"cg19569551_BC11",FALSE,TRUE
"cg19846609_BC12",FALSE,TRUE
"cg19995595_BC12",FALSE,TRUE
"cg20515846_TC11",FALSE,TRUE
"cg11676636_TC11",FALSE,TRUE
"cg24153278_TC11",FALSE,TRUE
"cg01851874_BC12",FALSE,TRUE
"cg19225072_TC11",FALSE,TRUE
"cg26602682_TC11",FALSE,TRUE
"cg04923201_BC11",FALSE,TRUE
"cg04923195_TC11",FALSE,TRUE
"cg05635754_BC11",FALSE,TRUE
"cg26993251_BC12",FALSE,TRUE
"cg27128042_BC14",FALSE,TRUE
"cg23612787_BO11",FALSE,TRUE
"cg01986767_TC11",FALSE,TRUE
"cg02192555_TC12",FALSE,TRUE
"cg02401399_TC11",FALSE,TRUE
"cg02401399_TC12",FALSE,TRUE
"cg23114772_TC11",FALSE,TRUE
"cg26607260_TC11",FALSE,TRUE
"cg04004830_TC11",FALSE,TRUE
"cg26557434_BC11",FALSE,TRUE
"cg25981513_TC11",FALSE,TRUE
"cg25597650_BC11",FALSE,TRUE
"cg25597616_TC11",FALSE,TRUE
"cg25597608_BC11",FALSE,TRUE
"cg11988964_BC12",FALSE,TRUE
"cg17115147_TC13",FALSE,TRUE
"cg17342302_BC14",FALSE,TRUE
"cg17633020_TC13",FALSE,TRUE
"cg20999795_BC12",FALSE,TRUE
"cg23475109_TC12",FALSE,TRUE
"cg23737737_BC12",FALSE,TRUE
"cg23983136_TC13",FALSE,TRUE
"cg01632922_TC11",FALSE,TRUE
"cg03299782_TC12",FALSE,TRUE
"cg26595768_BC11",FALSE,TRUE
"cg15693780_BC12",FALSE,TRUE
"cg15779737_BC12",FALSE,TRUE
"cg16393742_TC12",FALSE,TRUE
"cg21818000_TC11",FALSE,TRUE
"cg20994109_TC11",FALSE,TRUE
"cg13533362_BC11",FALSE,TRUE
"cg14377596_BC12",FALSE,TRUE
"cg23241781_TC12",FALSE,TRUE
"cg14076977_TC12",FALSE,TRUE
"cg14193007_BC11",FALSE,TRUE
"cg15167406_TC11",FALSE,TRUE
"cg07352757_TC13",FALSE,TRUE
"cg07701166_TC12",FALSE,TRUE
"cg15465035_TC11",FALSE,TRUE
"cg15400727_BC11",FALSE,TRUE
"cg25887193_TC11",FALSE,TRUE
"cg25875482_BC11",FALSE,TRUE
"cg14132540_TC11",FALSE,TRUE
"cg14131983_BO11",FALSE,TRUE
"cg19124116_TC11",FALSE,TRUE
"cg23989826_BC11",FALSE,TRUE
"cg23975086_BC11",FALSE,TRUE
"cg23972772_TO11",FALSE,TRUE
"cg27383815_TO11",FALSE,TRUE
"cg20483233_BC11",FALSE,TRUE
"cg13233592_TC11",FALSE,TRUE
"cg12881649_BC11",FALSE,TRUE
"cg16665654_TO11",FALSE,TRUE
"cg26250088_BC11",FALSE,TRUE
"cg24970973_TC11",FALSE,TRUE
"cg01454804_BC11",FALSE,TRUE
"cg23192436_BC11",FALSE,TRUE
"cg25897154_BC11",FALSE,TRUE
"cg19292164_BO11",FALSE,TRUE
"cg16195656_TC11",FALSE,TRUE
"cg14570251_BC11",FALSE,TRUE
"cg27412656_BC11",FALSE,TRUE
"cg25986126_TO11",FALSE,TRUE
"cg25984192_BC11",FALSE,TRUE
"cg17138394_TO11",FALSE,TRUE
"cg24562583_TC11",FALSE,TRUE
"cg23580231_TO11",FALSE,TRUE
"cg23575810_TO11",FALSE,TRUE
"cg23555095_BC11",FALSE,TRUE
"cg23545391_TO11",FALSE,TRUE
"cg23535229_TC11",FALSE,TRUE
"cg23534806_BC11",FALSE,TRUE
"cg19900041_BC11",FALSE,TRUE
"cg07211975_BC11",FALSE,TRUE
"cg07145965_BC11",FALSE,TRUE
"cg09321202_TC11",FALSE,TRUE
"cg09306272_TC11",FALSE,TRUE
"cg26481860_TC11",FALSE,TRUE
"cg17618119_TO11",FALSE,TRUE
"cg25216126_TO11",FALSE,TRUE
"cg02244693_BC11",FALSE,TRUE
"cg20016905_TO11",FALSE,TRUE
"cg16781933_BC11",FALSE,TRUE
"cg26573796_TC11",FALSE,TRUE
"cg17326909_BO11",FALSE,TRUE
"cg14248508_TC11",FALSE,TRUE
"cg13904701_BC11",FALSE,TRUE
"cg14487464_BC11",FALSE,TRUE
"cg22480538_BO11",FALSE,TRUE
"cg22184153_TC11",FALSE,TRUE
"cg26576776_TC11",FALSE,TRUE
"cg15281367_TC11",FALSE,TRUE
"cg15256098_BC11",FALSE,TRUE
"cg25575710_BC11",FALSE,TRUE
"cg25466859_BC11",FALSE,TRUE
"cg25463557_TC11",FALSE,TRUE
"cg25458556_BC11",FALSE,TRUE
"cg14797742_TC11",FALSE,TRUE
"cg14777616_TC11",FALSE,TRUE
"cg14769315_BO11",FALSE,TRUE
"cg14767088_BC11",FALSE,TRUE
"cg14744397_BC11",FALSE,TRUE
"cg14736427_TC11",FALSE,TRUE
"cg05821335_TC11",FALSE,TRUE
"cg15952948_TC11",FALSE,TRUE
"cg15951853_TC11",FALSE,TRUE
"cg15925804_BC11",FALSE,TRUE
"cg17266078_BC11",FALSE,TRUE
"cg17248200_TO11",FALSE,TRUE
"cg17241875_BC11",FALSE,TRUE
"cg17157021_BC11",FALSE,TRUE
"cg21771896_BO11",FALSE,TRUE
"cg21371370_TC11",FALSE,TRUE
"cg26643885_TC11",FALSE,TRUE
"cg14820656_TO11",FALSE,TRUE
"cg14801159_BC11",FALSE,TRUE
"cg20938955_BC11",FALSE,TRUE
"cg20877854_TC11",FALSE,TRUE
"cg13737103_TC11",FALSE,TRUE
"cg13733896_BC11",FALSE,TRUE
"cg13728291_BC11",FALSE,TRUE
"cg18338581_BC11",FALSE,TRUE
"cg18134039_BC11",FALSE,TRUE
"cg18111874_BC11",FALSE,TRUE
"cg18099922_BC11",FALSE,TRUE
"cg18079004_BC11",FALSE,TRUE
"cg18078029_BC11",FALSE,TRUE
"cg18054845_TC11",FALSE,TRUE
"cg19636827_TC11",FALSE,TRUE
"cg00784845_TC11",FALSE,TRUE
"cg01281006_BC11",FALSE,TRUE
"cg24158451_BC11",FALSE,TRUE
"cg24152636_TC11",FALSE,TRUE
"cg24093582_TC11",FALSE,TRUE
"cg13821668_TC11",FALSE,TRUE
"cg13758519_BC11",FALSE,TRUE
"cg13753479_BC11",FALSE,TRUE
"cg24760099_BC11",FALSE,TRUE
"cg24051215_TC11",FALSE,TRUE
"cg18702196_BO11",FALSE,TRUE
"cg26185214_BC11",FALSE,TRUE
"cg22706541_TO11",FALSE,TRUE
"cg17588479_BC11",FALSE,TRUE
"cg17529064_BC11",FALSE,TRUE
"cg24279445_BC11",FALSE,TRUE
"cg15020169_BC11",FALSE,TRUE
"cg15012089_BC11",FALSE,TRUE
"cg14994675_BC11",FALSE,TRUE
"cg14986009_BO11",FALSE,TRUE
"cg14983611_BC11",FALSE,TRUE
"cg14981527_BC11",FALSE,TRUE
"cg14903014_BC11",FALSE,TRUE
"cg14892518_BC11",FALSE,TRUE
"cg18192021_BC11",FALSE,TRUE
"cg18802541_BO11",FALSE,TRUE
"cg18737806_BO11",FALSE,TRUE
"cg18735375_BC11",FALSE,TRUE
"cg21923668_BC11",FALSE,TRUE
"cg14368778_BC11",FALSE,TRUE
"cg22584556_TC11",FALSE,TRUE
"cg22411450_TC11",FALSE,TRUE
"cg22367645_TC11",FALSE,TRUE
"cg22985856_TO11",FALSE,TRUE
"cg09965025_BC11",FALSE,TRUE
"cg20806509_TC11",FALSE,TRUE
"cg26301123_TC11",FALSE,TRUE
"cg26286966_BC11",FALSE,TRUE
"cg23526032_BC11",FALSE,TRUE
"cg23432274_TC11",FALSE,TRUE
"cg23425132_TC11",FALSE,TRUE
"cg14419137_BC11",FALSE,TRUE
"cg19705938_BO11",FALSE,TRUE
"cg14665424_BO11",FALSE,TRUE
"cg14639321_TC11",FALSE,TRUE
"cg14638048_BO11",FALSE,TRUE
"cg17426546_BC11",FALSE,TRUE
"cg13304048_TC11",FALSE,TRUE
"cg15829814_BC11",FALSE,TRUE
"cg15727180_TC11",FALSE,TRUE
"cg15718474_BC11",FALSE,TRUE
"cg19077722_TO11",FALSE,TRUE
"cg19077169_TC11",FALSE,TRUE
"cg19066756_BC11",FALSE,TRUE
"cg19050268_BC11",FALSE,TRUE
"cg25374446_TO11",FALSE,TRUE
"cg25337741_BO11",FALSE,TRUE
"cg10136273_TC11",FALSE,TRUE
"cg22956666_BC11",FALSE,TRUE
"cg23868841_BC11",FALSE,TRUE
"cg23853926_BC11",FALSE,TRUE
"cg23843598_BC11",FALSE,TRUE
"cg23812171_TC11",FALSE,TRUE
"cg18522412_TC11",FALSE,TRUE
"cg17943914_TC11",FALSE,TRUE
"cg17927221_TO11",FALSE,TRUE
"cg14144541_BC11",FALSE,TRUE
"cg17450620_BO11",FALSE,TRUE
"cg25281541_BC11",FALSE,TRUE
"cg19608430_TC11",FALSE,TRUE
"cg26729707_BO11",FALSE,TRUE
"cg23237726_BC11",FALSE,TRUE
"cg24915510_BC11",FALSE,TRUE
"cg24884476_BC11",FALSE,TRUE
"cg24882216_TC11",FALSE,TRUE
"cg15498166_BC11",FALSE,TRUE
"cg15469447_BO11",FALSE,TRUE
"cg15422124_BC11",FALSE,TRUE
"cg15401954_BC11",FALSE,TRUE
"cg15398702_TC11",FALSE,TRUE
"cg15361069_TC11",FALSE,TRUE
"cg15358634_TC11",FALSE,TRUE
"cg15354998_BC11",FALSE,TRUE
"cg15354855_BC11",FALSE,TRUE
"cg23225740_TO11",FALSE,TRUE
"cg17228630_TC11",FALSE,TRUE
"cg17228629_TC11",FALSE,TRUE
"cg09721133_BC11",FALSE,TRUE
"cg24075507_BC11",FALSE,TRUE
"cg20639620_TC11",FALSE,TRUE
"cg24943805_TO11",FALSE,TRUE
"cg24930767_BC11",FALSE,TRUE
"cg24509482_BC11",FALSE,TRUE
"cg24499362_TC11",FALSE,TRUE
"cg21263757_TC11",FALSE,TRUE
"cg21260344_BO11",FALSE,TRUE
"cg21237830_TC11",FALSE,TRUE
"cg21166834_TC11",FALSE,TRUE
"cg06199700_TC11",FALSE,TRUE
"cg06161392_BC11",FALSE,TRUE
"cg06116148_TC11",FALSE,TRUE
"cg14035008_BC11",FALSE,TRUE
"cg14007099_BC11",FALSE,TRUE
"cg14003478_TC11",FALSE,TRUE
"cg11348935_BC11",FALSE,TRUE
"cg11280433_BC11",FALSE,TRUE
"cg11184700_TC11",FALSE,TRUE
"cg24075508_BC11",FALSE,TRUE
"cg25071121_BO11",FALSE,TRUE
"cg08429515_TO11",FALSE,TRUE
"cg27725125_BO11",FALSE,TRUE
"cg16520412_TC11",FALSE,TRUE
"cg20797705_BC11",FALSE,TRUE
"cg20788837_TC11",FALSE,TRUE
"cg20787732_TC11",FALSE,TRUE
"cg20773012_TO11",FALSE,TRUE
"cg02404073_BC11",FALSE,TRUE
"cg15206107_TC11",FALSE,TRUE
"cg15193806_BC11",FALSE,TRUE
"cg15186061_BC11",FALSE,TRUE
"cg15173288_BC11",FALSE,TRUE
"cg25826714_BC11",FALSE,TRUE
"cg22302341_BC11",FALSE,TRUE
"cg22294945_BC11",FALSE,TRUE
"cg03707645_BC11",FALSE,TRUE
"cg03647911_BC11",FALSE,TRUE
"cg04037970_TC11",FALSE,TRUE
"cg27128489_BC11",FALSE,TRUE
"cg17782696_BC11",FALSE,TRUE
"cg15146570_TC11",FALSE,TRUE
"cg11675468_BC11",FALSE,TRUE
"cg11178708_BC11",FALSE,TRUE
"cg23700267_BC11",FALSE,TRUE
"nv-GRCh38-chr17-7676050-7676050-A-G_TO11",FALSE,TRUE
"nv-GRCh38-chr17-7673803-7673803-G-T_TO11",FALSE,TRUE
"nv-GRCh38-chr17-7673803-7673803-G-C_BO11",FALSE,TRUE
"nv-GRCh38-chr3-49375540-49375540-C-A_TO11",FALSE,TRUE
"nv-GRCh38-chr3-41224616-41224616-T-A_TO11",FALSE,TRUE
"nv-GRCh38-chr5-68295300-68295300-G-T_BC11",FALSE,TRUE
"nv-GRCh38-chr3-49368495-49368495-C-G_TC11",FALSE,TRUE
"nv-GRCh38-chr3-49375525-49375525-A-T_TC11",FALSE,TRUE
"nv-GRCh38-chr3-49368520-49368520-C-A_BC11",FALSE,TRUE
"nv-GRCh38-chr18-47841881-47841881-G-C_TC11",FALSE,TRUE
"nv-GRCh38-chr2-177234078-177234078-G-T_BC11",FALSE,TRUE
"nv-GRCh38-chr3-10149886-10149886-T-C_BC11",FALSE,TRUE
"nv-GRCh38-chr17-7673785-7673785-C-A_BC11",FALSE,TRUE
"nv-GRCh38-chr17-7673785-7673785-C-G_TC11",FALSE,TRUE
"nv-GRCh38-chr4-152326137-152326137-G-C_BC11",FALSE,TRUE
"nv-GRCh38-chr7-55191756-55191756-G-A_BC11",FALSE,TRUE
"nv-GRCh38-chr4-54727495-54727495-T-G_TC11",FALSE,TRUE
"nv-GRCh38-chr4-54728055-54728055-A-G_BC11",FALSE,TRUE
"nv-GRCh38-chr4-54733155-54733155-A-C_TC11",FALSE,TRUE
"nv-GRCh38-chr4-54733154-54733154-G-A_BC11",FALSE,TRUE
"nv-GRCh38-chr17-7675137-7675137-C-T_BC11",FALSE,TRUE
"nv-GRCh38-chr17-7675139-7675139-C-T_BC11",FALSE,TRUE
"nv-GRCh38-chr17-7673820-7673820-C-A_BC11",FALSE,TRUE
"nv-GRCh38-chr17-7674226-7674226-A-C_TC11",FALSE,TRUE
"nv-GRCh38-chr7-140753355-140753355-C-A_BC11",FALSE,TRUE
"nv-GRCh38-chr17-7675070-7675070-C-G_BC11",FALSE,TRUE
"nv-GRCh38-chr2-197402635-197402635-C-A_BC11",FALSE,TRUE
"nv-GRCh38-chr2-177234071-177234071-T-A_BC11",FALSE,TRUE
"nv-GRCh38-chr2-177234071-177234071-T-G_TC11",FALSE,TRUE
"nv-GRCh38-chr1-11114401-11114401-A-T_TC11",FALSE,TRUE
"nv-GRCh38-chr3-41227269-41227269-A-T_BC11",FALSE,TRUE
"nv-GRCh38-chr18-51078378-51078378-T-A_TC11",FALSE,TRUE
"nv-GRCh38-chr18-51078318-51078318-A-C_BC11",FALSE,TRUE
"nv-GRCh38-chr18-51065563-51065563-C-G_TC11",FALSE,TRUE
"nv-GRCh38-chr18-51065522-51065522-G-C_BC11",FALSE,TRUE
"nv-GRCh38-chr18-51065522-51065522-G-T_BC11",FALSE,TRUE
"nv-GRCh38-chr18-51065519-51065519-A-C_TC11",FALSE,TRUE
"nv-GRCh38-chr18-51065519-51065519-A-G_BC11",FALSE,TRUE
"nv-GRCh38-chr2-211562036-211562036-C-A_BC11",FALSE,TRUE
"nv-GRCh38-chr2-197400725-197400725-T-C_BC11",FALSE,TRUE
"nv-GRCh38-chr2-197400725-197400725-T-G_BC11",FALSE,TRUE
"nv-GRCh38-chr4-54727486-54727486-C-G_TC11",FALSE,TRUE
"nv-GRCh38-chr17-7670665-7670665-C-A_BC11",FALSE,TRUE
"nv-GRCh38-chr3-179203761-179203761-T-C_BC11",FALSE,TRUE
"nv-GRCh38-chr3-179203761-179203761-T-G_TC11",FALSE,TRUE
"nv-GRCh38-chr7-55143386-55143386-A-G_BC11",FALSE,TRUE
"nv-GRCh38-chr18-51065518-51065518-G-C_TC11",FALSE,TRUE
"nv-GRCh38-chr18-51065518-51065518-G-T_BC11",FALSE,TRUE
"nv-GRCh38-chr12-25245345-25245345-C-A_TC11",FALSE,TRUE
"nv-GRCh38-chr11-534289-534289-C-G_BC11",FALSE,TRUE
"nv-GRCh38-chr11-534286-534286-C-G_BC11",FALSE,TRUE
"nv-GRCh38-chr2-208248389-208248389-G-C_BC11",FALSE,TRUE
"nv-GRCh38-chr3-179218286-179218286-C-G_TC11",FALSE,TRUE
"nv-GRCh38-chr12-25227342-25227342-T-A_BC11",FALSE,TRUE
"nv-GRCh38-chr17-7674872-7674872-T-G_TC11",FALSE,TRUE
"nv-GRCh38-chr17-7670699-7670699-C-G_BC11",FALSE,TRUE
"nv-GRCh38-chr17-7670699-7670699-C-T_BC11",FALSE,TRUE
"nv-GRCh38-chr17-7673781-7673781-C-A_BC11",FALSE,TRUE
"nv-GRCh38-chr17-7673781-7673781-C-G_BC11",FALSE,TRUE
"nv-GRCh38-chr17-7673806-7673806-C-G_BC11",FALSE,TRUE
"nv-GRCh38-chr17-7674239-7674239-A-T_BC11",FALSE,TRUE
"nv-GRCh38-chr18-51065521-51065521-G-T_BC11",FALSE,TRUE
"nv-GRCh38-chr18-51067036-51067036-G-T_BC11",FALSE,TRUE
"nv-GRCh38-chr17-7676040-7676040-C-T_BC11",FALSE,TRUE
"nv-GRCh38-chr17-7674220-7674220-C-T_BC11",FALSE,TRUE
"nv-GRCh38-chr7-140753336-140753336-A-G_BC11",FALSE,TRUE
"nv-GRCh38-chr17-7673812-7673812-A-G_BC11",FALSE,TRUE
"nv-GRCh38-chr17-7673763-7673763-T-C_BC11",FALSE,TRUE
"nv-GRCh38-chr17-49619070-49619070-A-C_BC11",FALSE,TRUE
"nv-GRCh38-chr18-51067035-51067035-G-T_BC11",FALSE,TRUE
"nv-GRCh38-chr18-51067035-51067035-G-C_TC11",FALSE,TRUE
"nv-GRCh38-chr7-152265068-152265068-C-A_BC11",FALSE,TRUE
"nv-GRCh38-chr16-68811720-68811720-A-G_BC11",FALSE,TRUE
"nv-GRCh38-chr3-10146564-10146564-A-T_TC11",FALSE,TRUE
"nv-GRCh38-chr12-25227340-25227340-C-G_TC11",FALSE,TRUE
"nv-GRCh38-chr18-51065554-51065554-T-G_TC11",FALSE,TRUE
"nv-GRCh38-chr17-7673796-7673796-C-G_TC11",FALSE,TRUE
"nv-GRCh38-chr17-7674942-7674942-C-A_BC11",FALSE,TRUE
"nv-GRCh38-chr2-197402760-197402760-G-T_BC11",FALSE,TRUE
"nv-GRCh38-chr1-11124535-11124535-G-A_BC11",FALSE,TRUE
"nv-GRCh38-chr17-7674245-7674245-T-C_BC11",FALSE,TRUE
"nv-GRCh38-chr17-7673790-7673790-C-A_BC11",FALSE,TRUE
"cg17686722_BC11",FALSE,TRUE
"cg10429226_TC11",FALSE,TRUE
"cg10429224_TC11",FALSE,TRUE
"cg15292884_TC11",FALSE,TRUE
"cg27910388_BC11",FALSE,TRUE
"cg22220600_BC11",FALSE,TRUE
"cg25222897_BC11",FALSE,TRUE
"cg15006053_BC11",FALSE,TRUE
"cg03680927_TC11",FALSE,TRUE
"nv-GRCh38-chr7-140781605-140781605-A-G_BC11",FALSE,TRUE
"cg04823971_TC21",FALSE,TRUE
"cg23741734_BC21",FALSE,TRUE
"cg18943803_BC21",FALSE,TRUE
"cg25070457_TC21",FALSE,TRUE
"cg07099186_TC21",FALSE,TRUE
"cg08366132_TC21",FALSE,TRUE
"cg25408901_TC21",FALSE,TRUE
"cg00554165_BC21",FALSE,TRUE
"cg03853861_TC21",FALSE,TRUE
"cg24222165_TC21",FALSE,TRUE
"cg06471491_BC21",FALSE,TRUE
"cg16745283_TC21",FALSE,TRUE
"cg17814958_TC21",FALSE,TRUE
"cg05476451_BC21",FALSE,TRUE
"cg18356448_TC21",FALSE,TRUE
"cg13236166_BC21",FALSE,TRUE
"cg26027200_TC21",FALSE,TRUE
"cg23974271_BC21",FALSE,TRUE
"cg21677767_BC21",FALSE,TRUE
"cg22398624_BC21",FALSE,TRUE
"cg16836793_TC21",FALSE,TRUE
"cg11196005_TC21",FALSE,TRUE
"cg04887104_BC21",FALSE,TRUE
"cg01489508_BC21",FALSE,TRUE
"cg11860849_TC21",FALSE,TRUE
"cg19968884_BC21",FALSE,TRUE
"cg20922285_TC21",FALSE,TRUE
"cg09687254_BC21",FALSE,TRUE
"cg04366777_TC21",FALSE,TRUE
"cg23428659_TC21",FALSE,TRUE
"cg01126692_BC21",FALSE,TRUE
"cg14607963_BC21",FALSE,TRUE
"cg04366702_TC21",FALSE,TRUE
"cg06023968_TC21",FALSE,TRUE
"cg07634945_BC21",FALSE,TRUE
"cg11403368_TC21",FALSE,TRUE
"cg21546984_BC21",FALSE,TRUE
"cg22127432_BC21",FALSE,TRUE
"cg03242028_BC21",FALSE,TRUE
"cg15778843_TC21",FALSE,TRUE
"cg17080168_TC22",FALSE,TRUE
"cg01922464_BC21",FALSE,TRUE
"cg18660753_BC21",FALSE,TRUE
"cg19600987_BC21",FALSE,TRUE
"cg19985923_BC21",FALSE,TRUE
"cg21789008_TC21",FALSE,TRUE
"cg09376555_BC21",FALSE,TRUE
"cg09740590_TC21",FALSE,TRUE
"cg18543189_TC21",FALSE,TRUE
"cg01061397_BC21",FALSE,TRUE
"cg20483374_TC21",FALSE,TRUE
"cg21674595_BC21",FALSE,TRUE
"cg08677210_BC21",FALSE,TRUE
"cg19339179_BC21",FALSE,TRUE
"cg19423014_BC21",FALSE,TRUE
"cg19573464_TC21",FALSE,TRUE
"cg19666391_TC21",FALSE,TRUE
"cg07979752_BC21",FALSE,TRUE
"cg21367957_BC21",FALSE,TRUE
"cg00904483_BC21",FALSE,TRUE
"cg13565723_BC21",FALSE,TRUE
"cg25860314_TC21",FALSE,TRUE
"cg16486059_TC21",FALSE,TRUE
"cg18582689_BC21",FALSE,TRUE
"cg23407366_BC21",FALSE,TRUE
"cg03577502_TC21",FALSE,TRUE
"cg14817848_TC21",FALSE,TRUE
"cg14193678_BC21",FALSE,TRUE
"cg20945531_TC21",FALSE,TRUE
"cg10618882_TC21",FALSE,TRUE
"cg26527903_BC21",FALSE,TRUE
"cg01889448_TC21",FALSE,TRUE
"cg21085625_TC21",FALSE,TRUE
"cg21087701_TC21",FALSE,TRUE
"cg12072001_BC21",FALSE,TRUE
"cg06150803_TC21",FALSE,TRUE
"cg22866430_TC21",FALSE,TRUE
"cg10117369_BC21",FALSE,TRUE
"cg07611334_TC21",FALSE,TRUE
"cg07731916_BC21",FALSE,TRUE
"cg07874520_BC21",FALSE,TRUE
"cg26164712_BC21",FALSE,TRUE
"cg15502446_BC21",FALSE,TRUE
"cg00665395_TC21",FALSE,TRUE
"cg14413674_BC21",FALSE,TRUE
"cg21578207_BC21",FALSE,TRUE
"cg22916109_TC21",FALSE,TRUE
"cg00469867_TC21",FALSE,TRUE
"cg00571634_BC21",FALSE,TRUE
"cg22325646_BC21",FALSE,TRUE
"cg22349489_BC21",FALSE,TRUE
"cg06943865_TC21",FALSE,TRUE
"cg04057956_TC21",FALSE,TRUE
"cg16257091_BC21",FALSE,TRUE
"cg16293105_TC21",FALSE,TRUE
"cg05303448_BC21",FALSE,TRUE
"cg20571908_TC21",FALSE,TRUE
"cg20714328_TC21",FALSE,TRUE
"cg09260225_TC21",FALSE,TRUE
"cg11628487_TC21",FALSE,TRUE
"cg11630392_BC21",FALSE,TRUE
"cg10409560_TC21",FALSE,TRUE
"cg05945622_BC21",FALSE,TRUE
"cg15797414_TC21",FALSE,TRUE
"cg13877915_TC21",FALSE,TRUE
"cg05096938_BC21",FALSE,TRUE
"cg25826013_BC21",FALSE,TRUE
"cg25877087_BC21",FALSE,TRUE
"cg11409139_TC21",FALSE,TRUE
"cg04455146_TC21",FALSE,TRUE
"cg04530445_TC21",FALSE,TRUE
"cg24101790_BC21",FALSE,TRUE
"cg15124173_TC21",FALSE,TRUE
"cg06803995_TC21",FALSE,TRUE
"cg26924012_TC21",FALSE,TRUE
"cg13796843_BC21",FALSE,TRUE
"cg05902914_BC21",FALSE,TRUE
"cg27458098_BC21",FALSE,TRUE
"cg17286253_TC21",FALSE,TRUE
"cg06675417_TC21",FALSE,TRUE
"cg20894569_BC21",FALSE,TRUE
"cg03166732_BC21",FALSE,TRUE
"cg25589929_TC21",FALSE,TRUE
"cg05453679_TC21",FALSE,TRUE
"cg05545634_TC21",FALSE,TRUE
"cg05645675_BC21",FALSE,TRUE
"cg21167587_TC21",FALSE,TRUE
"cg21344680_TC21",FALSE,TRUE
"cg15598182_BC21",FALSE,TRUE
"cg10793307_BC21",FALSE,TRUE
"cg10006817_TC21",FALSE,TRUE
"cg10052368_BC21",FALSE,TRUE
"cg24778286_BC21",FALSE,TRUE
"cg24839718_BC21",FALSE,TRUE
"cg08827307_TC21",FALSE,TRUE
"cg08965655_BC21",FALSE,TRUE
"cg08965753_BC21",FALSE,TRUE
"cg16074241_BC21",FALSE,TRUE
"cg13152177_BC21",FALSE,TRUE
"cg15866333_BC21",FALSE,TRUE
"cg09223632_TC21",FALSE,TRUE
"cg22926960_BC21",FALSE,TRUE
"cg08454612_BC21",FALSE,TRUE
"cg08634339_BC21",FALSE,TRUE
"cg08694003_TC21",FALSE,TRUE
"cg24527700_TC21",FALSE,TRUE
"cg20336352_BC21",FALSE,TRUE
"cg20426806_BC21",FALSE,TRUE
"cg20552882_TC21",FALSE,TRUE
"cg09415955_TC21",FALSE,TRUE
"cg09518308_BC21",FALSE,TRUE
"cg09520037_BC21",FALSE,TRUE
"cg09613464_BC21",FALSE,TRUE
"cg18731202_TC21",FALSE,TRUE
"cg19061957_TC21",FALSE,TRUE
"cg19087265_BC21",FALSE,TRUE
"cg06850143_TC21",FALSE,TRUE
"cg27409073_BC21",FALSE,TRUE
"cg27551295_BC21",FALSE,TRUE
"cg12356796_BC21",FALSE,TRUE
"cg23401541_BC21",FALSE,TRUE
"cg01473123_TC21",FALSE,TRUE
"cg22729310_TC21",FALSE,TRUE
"cg22871229_TC21",FALSE,TRUE
"cg02433460_BC21",FALSE,TRUE
"cg13989713_BC21",FALSE,TRUE
"cg01769715_TC21",FALSE,TRUE
"cg14551928_BC21",FALSE,TRUE
"cg14578229_BC21",FALSE,TRUE
"cg19804008_TC21",FALSE,TRUE
"cg19855037_TC21",FALSE,TRUE
"cg26195358_TC21",FALSE,TRUE
"cg03529184_BC21",FALSE,TRUE
"cg11461761_BC21",FALSE,TRUE
"cg11649795_BC21",FALSE,TRUE
"cg26664301_BC21",FALSE,TRUE
"cg02159654_BC21",FALSE,TRUE
"cg15310415_TC21",FALSE,TRUE
"cg15448683_TC21",FALSE,TRUE
"cg15484354_TC21",FALSE,TRUE
"cg15552091_TC21",FALSE,TRUE
"cg22130090_TC21",FALSE,TRUE
"cg03868193_BC21",FALSE,TRUE
"cg00471617_BC21",FALSE,TRUE
"cg00574800_BC21",FALSE,TRUE
"cg00586317_TC21",FALSE,TRUE
"cg16588071_TC21",FALSE,TRUE
"cg21507371_TC21",FALSE,TRUE
"cg06484232_BC21",FALSE,TRUE
"cg06491837_TC21",FALSE,TRUE
"cg06507903_TC21",FALSE,TRUE
"cg03260563_BC21",FALSE,TRUE
"cg03286000_BC21",FALSE,TRUE
"cg18802615_TC21",FALSE,TRUE
"cg18816705_BC21",FALSE,TRUE
"cg06085657_BC21",FALSE,TRUE
"cg08365349_BC21",FALSE,TRUE
"cg08383695_TC21",FALSE,TRUE
"cg08421676_BC21",FALSE,TRUE
"cg22630754_BC21",FALSE,TRUE
"cg22652747_BC21",FALSE,TRUE
"cg15559823_BC21",FALSE,TRUE
"cg15659297_TC21",FALSE,TRUE
"cg10437931_TC21",FALSE,TRUE
"cg10513992_TC21",FALSE,TRUE
"cg10538119_TC21",FALSE,TRUE
"cg10538369_BC21",FALSE,TRUE
"cg13160331_BC21",FALSE,TRUE
"cg13184811_BC21",FALSE,TRUE
"cg03359503_TC21",FALSE,TRUE
"cg09282660_TC21",FALSE,TRUE
"cg17421982_TC21",FALSE,TRUE
"cg02819256_TC21",FALSE,TRUE
"cg02884332_BC21",FALSE,TRUE
"cg19353593_TC21",FALSE,TRUE
"cg05128946_BC21",FALSE,TRUE
"cg21685048_BC21",FALSE,TRUE
"cg02949296_TC21",FALSE,TRUE
"cg23971069_TC21",FALSE,TRUE
"cg01309859_BC21",FALSE,TRUE
"cg04414311_BC21",FALSE,TRUE
"cg04488111_BC21",FALSE,TRUE
"cg15426459_BC21",FALSE,TRUE
"cg21402062_TC21",FALSE,TRUE
"cg07942598_BC21",FALSE,TRUE
"cg08033284_TC21",FALSE,TRUE
"cg12153106_BC21",FALSE,TRUE
"cg12246990_TC21",FALSE,TRUE
"cg12313310_BC21",FALSE,TRUE
"cg13580991_BC21",FALSE,TRUE
"cg06304546_BC21",FALSE,TRUE
"cg16137250_TC21",FALSE,TRUE
"cg02338405_BC21",FALSE,TRUE
"cg21066599_BC21",FALSE,TRUE
"cg12621411_BC21",FALSE,TRUE
"cg12754495_BC21",FALSE,TRUE
"cg04890266_TC21",FALSE,TRUE
"cg04948428_TC21",FALSE,TRUE
"cg00358459_BC21",FALSE,TRUE
"cg07744273_TC21",FALSE,TRUE
"cg17187715_BC21",FALSE,TRUE
"cg19915181_TC21",FALSE,TRUE
"cg12128316_TC21",FALSE,TRUE
"cg09816364_TC21",FALSE,TRUE
"cg09915072_BC21",FALSE,TRUE
"cg09974928_TC21",FALSE,TRUE
"cg26795516_TC21",FALSE,TRUE
"cg08837473_BC21",FALSE,TRUE
"cg00103243_TC21",FALSE,TRUE
"cg15016701_BC21",FALSE,TRUE
"cg15119735_TC21",FALSE,TRUE
"cg17787219_TC21",FALSE,TRUE
"cg07638320_BC21",FALSE,TRUE
"cg07644987_BC21",FALSE,TRUE
"cg07695980_BC21",FALSE,TRUE
"cg07702216_BC21",FALSE,TRUE
"cg25403608_BC21",FALSE,TRUE
"cg01112232_BC21",FALSE,TRUE
"cg05161357_TC21",FALSE,TRUE
"cg05167259_TC21",FALSE,TRUE
"cg10230242_BC21",FALSE,TRUE
"cg10236790_BC21",FALSE,TRUE
"cg10311833_TC21",FALSE,TRUE
"cg10358281_BC21",FALSE,TRUE
"cg06017490_BC21",FALSE,TRUE
"cg22193350_TC21",FALSE,TRUE
"cg22205811_BC21",FALSE,TRUE
"cg22313380_BC21",FALSE,TRUE
"cg22445601_TC21",FALSE,TRUE
"cg22453880_BC21",FALSE,TRUE
"cg00992802_TC21",FALSE,TRUE
"cg01000614_BC21",FALSE,TRUE
"cg15945942_BC21",FALSE,TRUE
"cg05818676_TC21",FALSE,TRUE
"cg05902075_TC21",FALSE,TRUE
"cg11981600_BC21",FALSE,TRUE
"cg11997749_BC21",FALSE,TRUE
"cg18026772_TC21",FALSE,TRUE
"cg24785804_BC21",FALSE,TRUE
"cg24799932_BC21",FALSE,TRUE
"cg13676148_BC21",FALSE,TRUE
"cg13699994_BC21",FALSE,TRUE
"cg13796392_TC21",FALSE,TRUE
"cg13799978_TC21",FALSE,TRUE
"cg13853823_TC21",FALSE,TRUE
"cg20452230_TC21",FALSE,TRUE
"cg20556598_BC21",FALSE,TRUE
"cg20598235_TC21",FALSE,TRUE
"cg18980371_BC21",FALSE,TRUE
"cg19004913_TC21",FALSE,TRUE
"cg19130180_BC21",FALSE,TRUE
"cg23603273_TC21",FALSE,TRUE
"cg01944110_TC21",FALSE,TRUE
"cg02018764_TC21",FALSE,TRUE
"cg02043659_BC21",FALSE,TRUE
"cg23130368_BC21",FALSE,TRUE
"cg23160584_TC21",FALSE,TRUE
"cg23186333_TC21",FALSE,TRUE
"cg23368104_BC21",FALSE,TRUE
"cg15365888_BC21",FALSE,TRUE
"cg10696363_TC21",FALSE,TRUE
"cg21999948_TC21",FALSE,TRUE
"cg22838079_TC21",FALSE,TRUE
"cg22901361_BC21",FALSE,TRUE
"cg22939563_BC21",FALSE,TRUE
"cg01494789_BC21",FALSE,TRUE
"cg18306115_BC21",FALSE,TRUE
"cg18453720_TC21",FALSE,TRUE
"cg16787091_BC21",FALSE,TRUE
"cg16888859_TC21",FALSE,TRUE
"cg03164198_BC21",FALSE,TRUE
"cg20248972_TC21",FALSE,TRUE
"cg09111525_BC21",FALSE,TRUE
"cg11607524_BC21",FALSE,TRUE
"cg06699494_TC21",FALSE,TRUE
"cg14743339_BC21",FALSE,TRUE
"cg26199856_TC21",FALSE,TRUE
"cg00055617_BC21",FALSE,TRUE
"cg24341452_BC21",FALSE,TRUE
"cg24529535_BC21",FALSE,TRUE
"cg12934184_TC21",FALSE,TRUE
"cg02576239_BC21",FALSE,TRUE
"cg02599068_BC21",FALSE,TRUE
"cg21941877_BC21",FALSE,TRUE
"cg00565163_TC21",FALSE,TRUE
"cg00603890_TC21",FALSE,TRUE
"cg04662532_BC21",FALSE,TRUE
"cg04778755_BC21",FALSE,TRUE
"cg04295270_BC21",FALSE,TRUE
"cg11197258_TC21",FALSE,TRUE
"cg11331992_BC21",FALSE,TRUE
"cg25862752_TC21",FALSE,TRUE
"cg25915190_BC21",FALSE,TRUE
"cg11512009_TC21",FALSE,TRUE
"cg03502656_BC21",FALSE,TRUE
"cg06842414_BC21",FALSE,TRUE
"cg06847417_BC21",FALSE,TRUE
"cg06854813_TC21",FALSE,TRUE
"cg26374686_BC21",FALSE,TRUE
"cg26568304_BC21",FALSE,TRUE
"cg26569985_TC21",FALSE,TRUE
"cg27398637_TC21",FALSE,TRUE
"cg10795607_TC21",FALSE,TRUE
"cg10854850_BC21",FALSE,TRUE
"cg10987413_BC21",FALSE,TRUE
"cg10005897_BC21",FALSE,TRUE
"cg10048706_BC21",FALSE,TRUE
"cg10104845_TC21",FALSE,TRUE
"cg14878279_TC21",FALSE,TRUE
"cg00443133_TC21",FALSE,TRUE
"cg21182464_BC21",FALSE,TRUE
"cg02366988_TC21",FALSE,TRUE
"cg23010048_BC21",FALSE,TRUE
"cg23056716_TC21",FALSE,TRUE
"cg11893127_TC21",FALSE,TRUE
"cg25195795_TC21",FALSE,TRUE
"cg09712924_TC21",FALSE,TRUE
"cg09853206_TC21",FALSE,TRUE
"cg26543023_TC21",FALSE,TRUE
"cg03530962_BC21",FALSE,TRUE
"cg02793280_BC21",FALSE,TRUE
"cg14952037_BC21",FALSE,TRUE
"cg26191710_BC21",FALSE,TRUE
"cg08096050_BC21",FALSE,TRUE
"cg10426994_BC21",FALSE,TRUE
"cg07094169_BC21",FALSE,TRUE
"cg04438332_BC21",FALSE,TRUE
"cg09578568_BC21",FALSE,TRUE
"cg14106819_TC21",FALSE,TRUE
"cg16155207_BC21",FALSE,TRUE
"cg00663972_BC21",FALSE,TRUE
"cg03466093_BC21",FALSE,TRUE
"cg11615066_BC21",FALSE,TRUE
"cg11667301_BC21",FALSE,TRUE
"cg11704012_BC21",FALSE,TRUE
"cg11707012_BC21",FALSE,TRUE
"cg01400671_BC21",FALSE,TRUE
"cg01414572_BC21",FALSE,TRUE
"cg01417133_BC21",FALSE,TRUE
"cg05374025_BC21",FALSE,TRUE
"cg09871079_TC21",FALSE,TRUE
"cg09890673_TC21",FALSE,TRUE
"cg20818925_TC21",FALSE,TRUE
"cg21053224_BC21",FALSE,TRUE
"cg03676569_BC21",FALSE,TRUE
"cg19515751_BC21",FALSE,TRUE
"cg15049938_TC21",FALSE,TRUE
"cg15057941_BC21",FALSE,TRUE
"cg15066885_TC21",FALSE,TRUE
"cg15133719_BC21",FALSE,TRUE
"cg15198788_BC21",FALSE,TRUE
"cg24096977_TC21",FALSE,TRUE
"cg09073799_BC21",FALSE,TRUE
"cg14212824_BC21",FALSE,TRUE
"cg14323395_BC21",FALSE,TRUE
"cg14359934_TC21",FALSE,TRUE
"cg03096511_BC21",FALSE,TRUE
"cg25073435_TC21",FALSE,TRUE
"cg25129414_TC21",FALSE,TRUE
"cg16531222_BC21",FALSE,TRUE
"cg03359067_TC21",FALSE,TRUE
"cg06206057_TC21",FALSE,TRUE
"cg16908268_BC21",FALSE,TRUE
"cg00625211_BC21",FALSE,TRUE
"cg25860143_TC21",FALSE,TRUE
"cg07637213_TC21",FALSE,TRUE
"cg07729325_TC21",FALSE,TRUE
"cg19037691_BC21",FALSE,TRUE
"cg19047265_BC21",FALSE,TRUE
"cg16924045_TC21",FALSE,TRUE
"cg22207373_BC21",FALSE,TRUE
"cg22223182_TC21",FALSE,TRUE
"cg22405820_TC21",FALSE,TRUE
"cg00379649_BC21",FALSE,TRUE
"cg08659997_BC21",FALSE,TRUE
"cg08695442_TC21",FALSE,TRUE
"cg20733663_TC21",FALSE,TRUE
"cg05750620_BC21",FALSE,TRUE
"cg05776388_BC21",FALSE,TRUE
"cg07798761_BC21",FALSE,TRUE
"cg00301902_BC21",FALSE,TRUE
"cg08298091_BC21",FALSE,TRUE
"cg08334984_TC21",FALSE,TRUE
"cg13823439_BC21",FALSE,TRUE
"cg13997883_TC21",FALSE,TRUE
"cg16693517_BC21",FALSE,TRUE
"cg07318076_BC21",FALSE,TRUE
"cg07346171_TC21",FALSE,TRUE
"cg20379319_TC21",FALSE,TRUE
"cg25708850_TC21",FALSE,TRUE
"cg16338291_BC21",FALSE,TRUE
"cg16361966_TC21",FALSE,TRUE
"cg24729690_TC21",FALSE,TRUE
"cg24804117_BC21",FALSE,TRUE
"cg27561732_BC21",FALSE,TRUE
"cg02243606_TC21",FALSE,TRUE
"cg00714758_BC21",FALSE,TRUE
"cg00785452_TC21",FALSE,TRUE
"cg00786406_BC21",FALSE,TRUE
"cg00819055_TC21",FALSE,TRUE
"cg23401436_BC21",FALSE,TRUE
"cg18417063_BC21",FALSE,TRUE
"cg17503995_TC21",FALSE,TRUE
"cg17571733_BC21",FALSE,TRUE
"cg05518567_TC21",FALSE,TRUE
"cg05707218_TC21",FALSE,TRUE
"cg04146259_TC21",FALSE,TRUE
"cg07242717_TC21",FALSE,TRUE
"cg07280845_TC21",FALSE,TRUE
"cg08186021_BC21",FALSE,TRUE
"cg08188437_BC21",FALSE,TRUE
"cg21873524_BC21",FALSE,TRUE
"cg22020399_BC21",FALSE,TRUE
"cg22076143_TC21",FALSE,TRUE
"cg05392989_TC21",FALSE,TRUE
"cg05425922_BC21",FALSE,TRUE
"cg15519065_BC21",FALSE,TRUE
"cg15557693_BC21",FALSE,TRUE
"cg11166108_TC21",FALSE,TRUE
"cg10717869_TC21",FALSE,TRUE
"cg21371986_TC21",FALSE,TRUE
"cg21459774_BC21",FALSE,TRUE
"cg21469278_TC21",FALSE,TRUE
"cg21479923_BC21",FALSE,TRUE
"cg21483311_BC21",FALSE,TRUE
"cg21565299_BC21",FALSE,TRUE
"cg26694769_TC21",FALSE,TRUE
"cg18590996_TC21",FALSE,TRUE
"cg18603698_TC21",FALSE,TRUE
"cg18782088_TC21",FALSE,TRUE
"cg18815120_BC21",FALSE,TRUE
"cg00130819_TC21",FALSE,TRUE
"cg10537848_TC21",FALSE,TRUE
"cg20303572_BC21",FALSE,TRUE
"cg07469630_BC21",FALSE,TRUE
"cg07499553_TC21",FALSE,TRUE
"cg07611082_BC21",FALSE,TRUE
"cg01735429_BC21",FALSE,TRUE
"cg12636197_BC21",FALSE,TRUE
"cg25414967_TC21",FALSE,TRUE
"cg03980250_BC21",FALSE,TRUE
"cg03990033_BC21",FALSE,TRUE
"cg04044836_TC21",FALSE,TRUE
"cg15355590_BC21",FALSE,TRUE
"cg15397106_BC21",FALSE,TRUE
"cg15513227_TC21",FALSE,TRUE
"cg14615914_BC21",FALSE,TRUE
"cg14622443_BC21",FALSE,TRUE
"cg05066631_BC21",FALSE,TRUE
"cg17998172_BC21",FALSE,TRUE
"cg26965605_TC21",FALSE,TRUE
"cg06075250_TC21",FALSE,TRUE
"cg06107304_TC21",FALSE,TRUE
"cg06150772_BC21",FALSE,TRUE
"cg06161933_BC21",FALSE,TRUE
"cg13334091_TC21",FALSE,TRUE
"cg13336733_BC21",FALSE,TRUE
"cg13353717_BC21",FALSE,TRUE
"cg13386851_BC21",FALSE,TRUE
"cg09932305_TC21",FALSE,TRUE
"cg22784247_BC21",FALSE,TRUE
"cg20115644_TC21",FALSE,TRUE
"cg20130965_TC21",FALSE,TRUE
"cg20254225_BC21",FALSE,TRUE
"cg04496284_BC21",FALSE,TRUE
"cg27455606_TC21",FALSE,TRUE
"cg06538599_BC21",FALSE,TRUE
"cg11013060_BC21",FALSE,TRUE
"cg01864468_TC21",FALSE,TRUE
"cg01876453_TC21",FALSE,TRUE
"cg01882666_BC21",FALSE,TRUE
"cg02045559_TC21",FALSE,TRUE
"cg08893117_BC21",FALSE,TRUE
"cg08942192_BC21",FALSE,TRUE
"cg08968997_BC21",FALSE,TRUE
"cg09243359_TC21",FALSE,TRUE
"cg17671982_BC21",FALSE,TRUE
"cg17725037_TC21",FALSE,TRUE
"cg17775965_TC21",FALSE,TRUE
"cg26876227_TC21",FALSE,TRUE
"cg26908388_TC21",FALSE,TRUE
"cg08489410_BC21",FALSE,TRUE
"cg08513039_BC21",FALSE,TRUE
"cg26099738_BC21",FALSE,TRUE
"cg26129200_TC21",FALSE,TRUE
"cg26136365_TC21",FALSE,TRUE
"cg00924757_BC21",FALSE,TRUE
"cg00966398_TC21",FALSE,TRUE
"cg01011173_TC21",FALSE,TRUE
"cg01061681_BC21",FALSE,TRUE
"cg12945822_BC21",FALSE,TRUE
"cg13571540_BC21",FALSE,TRUE
"cg01467594_BC21",FALSE,TRUE
"cg01511901_TC21",FALSE,TRUE
"cg01700386_TC21",FALSE,TRUE
"cg12320418_TC21",FALSE,TRUE
"cg05936547_BC21",FALSE,TRUE
"cg18879177_TC21",FALSE,TRUE
"cg17176195_TC21",FALSE,TRUE
"cg17255067_TC21",FALSE,TRUE
"cg17259759_TC21",FALSE,TRUE
"cg17288742_TC21",FALSE,TRUE
"cg18088311_BC21",FALSE,TRUE
"cg18296404_TC21",FALSE,TRUE
"cg15945448_BC21",FALSE,TRUE
"cg16357582_TC21",FALSE,TRUE
"cg16364344_TC21",FALSE,TRUE
"cg16389022_BC21",FALSE,TRUE
"cg16394080_BC21",FALSE,TRUE
"cg16407692_BC21",FALSE,TRUE
"cg16409421_TC21",FALSE,TRUE
"cg16423305_BC21",FALSE,TRUE
"cg16434940_BC21",FALSE,TRUE
"cg16454099_BC21",FALSE,TRUE
"cg18734657_TC21",FALSE,TRUE
"cg18742120_BC21",FALSE,TRUE
"cg18758900_TC21",FALSE,TRUE
"cg18776021_TC21",FALSE,TRUE
"cg18791205_TC21",FALSE,TRUE
"cg18841746_BC21",FALSE,TRUE
"cg01070560_BC21",FALSE,TRUE
"cg01098178_TC21",FALSE,TRUE
"cg08430604_TC21",FALSE,TRUE
"cg10783206_BC21",FALSE,TRUE
"cg20977160_TC21",FALSE,TRUE
"cg20978680_BC21",FALSE,TRUE
"cg01432329_BC21",FALSE,TRUE
"cg04941873_TC21",FALSE,TRUE
"cg04979230_TC21",FALSE,TRUE
"cg04984754_BC21",FALSE,TRUE
"cg04986324_TC21",FALSE,TRUE
"cg05009238_TC21",FALSE,TRUE
"cg22927788_TC21",FALSE,TRUE
"cg22957651_TC21",FALSE,TRUE
"cg23008136_BC21",FALSE,TRUE
"cg23029017_BC21",FALSE,TRUE
"cg23107158_BC21",FALSE,TRUE
"cg23172480_BC21",FALSE,TRUE
"cg10689910_BC21",FALSE,TRUE
"cg04839196_TC21",FALSE,TRUE
"cg04862347_BC21",FALSE,TRUE
"cg04875160_BC21",FALSE,TRUE
"cg04884062_BC21",FALSE,TRUE
"cg04889000_BC21",FALSE,TRUE
"cg12370174_BC21",FALSE,TRUE
"cg24291747_BC21",FALSE,TRUE
"cg24302146_TC21",FALSE,TRUE
"cg21763653_BC21",FALSE,TRUE
"cg21777827_BC21",FALSE,TRUE
"cg21842842_BC21",FALSE,TRUE
"cg21881452_TC21",FALSE,TRUE
"cg21955274_TC21",FALSE,TRUE
"cg07038187_BC21",FALSE,TRUE
"cg16618104_BC21",FALSE,TRUE
"cg16692732_TC21",FALSE,TRUE
"cg16760993_BC21",FALSE,TRUE
"cg19387053_TC21",FALSE,TRUE
"cg19425969_TC21",FALSE,TRUE
"cg19432468_BC21",FALSE,TRUE
"cg14236011_BC21",FALSE,TRUE
"cg06712980_TC21",FALSE,TRUE
"cg06716138_BC21",FALSE,TRUE
"cg06783011_BC21",FALSE,TRUE
"cg06786630_BC21",FALSE,TRUE
"cg05639246_TC21",FALSE,TRUE
"cg05648919_TC21",FALSE,TRUE
"cg05650674_BC21",FALSE,TRUE
"cg05657694_TC21",FALSE,TRUE
"cg05722069_TC21",FALSE,TRUE
"cg05741490_TC21",FALSE,TRUE
"cg05748163_TC21",FALSE,TRUE
"cg05783185_TC21",FALSE,TRUE
"cg05785081_TC21",FALSE,TRUE
"cg05786256_BC21",FALSE,TRUE
"cg05788043_TC21",FALSE,TRUE
"cg05789265_TC21",FALSE,TRUE
"cg05795613_BC21",FALSE,TRUE
"cg18161232_BC21",FALSE,TRUE
"cg18181105_BC21",FALSE,TRUE
"cg18184357_BC21",FALSE,TRUE
"cg18207011_BC21",FALSE,TRUE
"cg18207144_BC21",FALSE,TRUE
"cg18214661_TC21",FALSE,TRUE
"cg20173717_BC21",FALSE,TRUE
"cg20174535_BC21",FALSE,TRUE
"cg20190597_TC21",FALSE,TRUE
"cg20215112_BC21",FALSE,TRUE
"cg20236089_TC21",FALSE,TRUE
"cg20242427_TC21",FALSE,TRUE
"cg20272463_BC21",FALSE,TRUE
"cg20291796_BC21",FALSE,TRUE
"cg20306285_TC21",FALSE,TRUE
"cg20318229_TC21",FALSE,TRUE
"cg04321267_TC21",FALSE,TRUE
"cg04327831_BC21",FALSE,TRUE
"cg04334723_TC21",FALSE,TRUE
"cg16531156_BC21",FALSE,TRUE
"cg16587991_TC21",FALSE,TRUE
"cg10148343_BC21",FALSE,TRUE
"cg10185128_BC21",FALSE,TRUE
"cg10192877_BC21",FALSE,TRUE
"cg05435765_TC21",FALSE,TRUE
"cg05450771_TC21",FALSE,TRUE
"cg05608844_TC21",FALSE,TRUE
"cg07696516_TC21",FALSE,TRUE
"cg07709545_BC21",FALSE,TRUE
"cg19255241_BC21",FALSE,TRUE
"cg01810593_BC21",FALSE,TRUE
"cg21573947_TC21",FALSE,TRUE
"cg21610265_TC21",FALSE,TRUE
"cg21629350_BC21",FALSE,TRUE
"cg21647035_TC21",FALSE,TRUE
"cg24205048_TC21",FALSE,TRUE
"cg13917957_TC21",FALSE,TRUE
"cg13963989_TC21",FALSE,TRUE
"cg06838151_BC21",FALSE,TRUE
"cg06943886_TC21",FALSE,TRUE
"cg03662398_BC21",FALSE,TRUE
"cg03685843_BC21",FALSE,TRUE
"cg03773820_TC21",FALSE,TRUE
"cg03776800_BC21",FALSE,TRUE
"cg03784625_BC21",FALSE,TRUE
"cg03859395_BC21",FALSE,TRUE
"cg03871329_BC21",FALSE,TRUE
"cg14035355_TC21",FALSE,TRUE
"cg24034258_TC21",FALSE,TRUE
"cg24087145_BC21",FALSE,TRUE
"cg24114027_BC21",FALSE,TRUE
"cg24143828_TC21",FALSE,TRUE
"cg26531432_BC21",FALSE,TRUE
"cg26533221_BC21",FALSE,TRUE
"cg06576873_BC21",FALSE,TRUE
"cg17821385_BC21",FALSE,TRUE
"cg17823816_TC21",FALSE,TRUE
"cg25342167_BC21",FALSE,TRUE
"cg25350097_BC21",FALSE,TRUE
"cg25399166_TC21",FALSE,TRUE
"cg14828897_TC21",FALSE,TRUE
"cg25427039_TC21",FALSE,TRUE
"cg25448281_BC21",FALSE,TRUE
"cg25463043_TC21",FALSE,TRUE
"cg25482293_BC21",FALSE,TRUE
"cg25490241_TC21",FALSE,TRUE
"cg25499731_TC21",FALSE,TRUE
"cg25510120_TC21",FALSE,TRUE
"cg25518170_BC21",FALSE,TRUE
"cg02010409_BC21",FALSE,TRUE
"cg02014302_BC21",FALSE,TRUE
"cg02019210_BC21",FALSE,TRUE
"cg02021641_TC21",FALSE,TRUE
"cg02025944_BC21",FALSE,TRUE
"cg02030270_BC21",FALSE,TRUE
"cg02047581_BC21",FALSE,TRUE
"cg02697287_TC21",FALSE,TRUE
"cg02740391_BC21",FALSE,TRUE
"cg02771260_BC21",FALSE,TRUE
"cg05624786_TC21",FALSE,TRUE
"cg05632053_BC21",FALSE,TRUE
"cg22641072_TC21",FALSE,TRUE
"cg22649027_BC21",FALSE,TRUE
"cg21508711_TC21",FALSE,TRUE
"cg04171166_TC21",FALSE,TRUE
"cg04194449_BC21",FALSE,TRUE
"cg09864211_BC21",FALSE,TRUE
"cg09869874_TC21",FALSE,TRUE
"cg09893350_TC21",FALSE,TRUE
"cg01587818_TC21",FALSE,TRUE
"cg01598575_TC21",FALSE,TRUE
"cg01620154_TC21",FALSE,TRUE
"cg01640799_TC21",FALSE,TRUE
"cg01642264_BC21",FALSE,TRUE
"cg01717482_BC21",FALSE,TRUE
"cg01739886_TC21",FALSE,TRUE
"cg01761703_TC21",FALSE,TRUE
"cg01777594_TC21",FALSE,TRUE
"cg10099758_TC21",FALSE,TRUE
"cg10113238_BC21",FALSE,TRUE
"cg11356375_TC21",FALSE,TRUE
"cg11530914_TC21",FALSE,TRUE
"cg18978275_TC21",FALSE,TRUE
"cg18993732_BC21",FALSE,TRUE
"cg26874859_TC21",FALSE,TRUE
"cg26888623_BC21",FALSE,TRUE
"cg26892222_BC21",FALSE,TRUE
"cg11586521_BC21",FALSE,TRUE
"cg13128350_TC21",FALSE,TRUE
"cg24471726_BC21",FALSE,TRUE
"cg09291967_BC21",FALSE,TRUE
"cg09324758_BC21",FALSE,TRUE
"cg09372472_BC21",FALSE,TRUE
"cg09394286_BC21",FALSE,TRUE
"cg09401532_TC21",FALSE,TRUE
"cg09413034_BC21",FALSE,TRUE
"cg09420458_BC21",FALSE,TRUE
"cg22519601_BC21",FALSE,TRUE
"cg27375079_TC21",FALSE,TRUE
"cg24739039_BC21",FALSE,TRUE
"cg24775963_BC21",FALSE,TRUE
"cg24787800_BC21",FALSE,TRUE
"cg24847621_BC21",FALSE,TRUE
"cg24855179_BC21",FALSE,TRUE
"cg24898138_TC21",FALSE,TRUE
"cg24901662_BC21",FALSE,TRUE
"cg24907011_TC21",FALSE,TRUE
"cg24917229_BC21",FALSE,TRUE
"cg24923379_BC21",FALSE,TRUE
"cg24962528_BC21",FALSE,TRUE
"cg24983858_BC21",FALSE,TRUE
"cg24985035_TC21",FALSE,TRUE
"cg25012529_TC21",FALSE,TRUE
"cg09853570_TC21",FALSE,TRUE
"cg09858955_BC21",FALSE,TRUE
"cg08607032_TC21",FALSE,TRUE
"cg08663152_BC21",FALSE,TRUE
"cg08665271_TC21",FALSE,TRUE
"cg08713108_BC21",FALSE,TRUE
"cg08718997_BC21",FALSE,TRUE
"cg08814544_BC21",FALSE,TRUE
"cg08823446_BC21",FALSE,TRUE
"cg25649709_BC21",FALSE,TRUE
"cg25695450_BC21",FALSE,TRUE
"cg00139234_BC21",FALSE,TRUE
"cg00184907_BC21",FALSE,TRUE
"cg03132807_TC21",FALSE,TRUE
"cg03194786_TC21",FALSE,TRUE
"cg06026331_BC21",FALSE,TRUE
"cg05353660_BC21",FALSE,TRUE
"cg05381186_BC21",FALSE,TRUE
"cg10436920_BC21",FALSE,TRUE
"cg07841463_BC21",FALSE,TRUE
"cg07872868_BC21",FALSE,TRUE
"cg07926092_TC21",FALSE,TRUE
"cg07935733_BC21",FALSE,TRUE
"cg07945134_BC21",FALSE,TRUE
"cg07979675_BC21",FALSE,TRUE
"cg07992935_BC21",FALSE,TRUE
"cg15341874_BC21",FALSE,TRUE
"cg15360888_BC21",FALSE,TRUE
"cg15364850_TC21",FALSE,TRUE
"cg15376877_BC21",FALSE,TRUE
"cg15447685_TC21",FALSE,TRUE
"cg15463900_TC21",FALSE,TRUE
"cg15495409_TC21",FALSE,TRUE
"cg15496665_TC21",FALSE,TRUE
"cg15501402_BC21",FALSE,TRUE
"cg15548601_BC21",FALSE,TRUE
"cg15600598_TC21",FALSE,TRUE
"cg15604615_BC21",FALSE,TRUE
"cg17809748_TC21",FALSE,TRUE
"cg07822821_BC21",FALSE,TRUE
"cg16087267_TC21",FALSE,TRUE
"cg16101574_BC21",FALSE,TRUE
"cg24407097_TC21",FALSE,TRUE
"cg00813233_BC21",FALSE,TRUE
"cg00819121_TC21",FALSE,TRUE
"cg26198148_BC21",FALSE,TRUE
"cg26228024_BC21",FALSE,TRUE
"cg16014492_TC21",FALSE,TRUE
"cg25777896_BC21",FALSE,TRUE
"cg25821789_TC21",FALSE,TRUE
"cg25824715_TC21",FALSE,TRUE
"cg25843580_BC21",FALSE,TRUE
"cg25845367_BC21",FALSE,TRUE
"cg25845814_BC21",FALSE,TRUE
"cg25883790_BC21",FALSE,TRUE
"cg25886578_TC21",FALSE,TRUE
"cg25892278_TC21",FALSE,TRUE
"cg15188947_TC21",FALSE,TRUE
"cg15212426_BC21",FALSE,TRUE
"cg23580509_BC21",FALSE,TRUE
"cg23605524_TC21",FALSE,TRUE
"cg02843684_TC21",FALSE,TRUE
"cg10994090_BC21",FALSE,TRUE
"cg11019937_BC21",FALSE,TRUE
"cg17345676_BC21",FALSE,TRUE
"cg05818515_BC21",FALSE,TRUE
"cg05825559_BC21",FALSE,TRUE
"cg05933857_TC21",FALSE,TRUE
"cg05965124_BC21",FALSE,TRUE
"cg02953125_BC21",FALSE,TRUE
"cg05337360_BC21",FALSE,TRUE
"cg26081900_BC21",FALSE,TRUE
"cg27611562_TC21",FALSE,TRUE
"cg27663393_BC21",FALSE,TRUE
"cg21427227_TC21",FALSE,TRUE
"cg03958757_BC21",FALSE,TRUE
"cg02586212_BC21",FALSE,TRUE
"cg02638459_BC21",FALSE,TRUE
"cg17866335_BC21",FALSE,TRUE
"cg17896102_BC21",FALSE,TRUE
"cg17916835_BC21",FALSE,TRUE
"cg17936433_BC21",FALSE,TRUE
"cg17960934_TC21",FALSE,TRUE
"cg17978362_TC21",FALSE,TRUE
"cg17979958_BC21",FALSE,TRUE
"cg17995626_TC21",FALSE,TRUE
"cg18003028_BC21",FALSE,TRUE
"cg18010516_BC21",FALSE,TRUE
"cg18016464_TC21",FALSE,TRUE
"cg18019621_BC21",FALSE,TRUE
"cg18031746_BC21",FALSE,TRUE
"cg18049299_BC21",FALSE,TRUE
"cg18082736_BC21",FALSE,TRUE
"cg18087520_BC21",FALSE,TRUE
"cg18099243_TC21",FALSE,TRUE
"cg18130930_TC21",FALSE,TRUE
"cg18138580_TC21",FALSE,TRUE
"cg25925210_BC21",FALSE,TRUE
"cg25943872_BC21",FALSE,TRUE
"cg25954490_BC21",FALSE,TRUE
"cg25970726_TC21",FALSE,TRUE
"cg25972591_TC21",FALSE,TRUE
"cg25979180_BC21",FALSE,TRUE
"cg25985504_BC21",FALSE,TRUE
"cg26010213_TC21",FALSE,TRUE
"cg26040366_TC21",FALSE,TRUE
"cg15031103_TC21",FALSE,TRUE
"cg12796409_TC21",FALSE,TRUE
"cg07477792_BC21",FALSE,TRUE
"cg27467591_BC21",FALSE,TRUE
"cg14293834_TC21",FALSE,TRUE
"cg14483077_BC21",FALSE,TRUE
"cg26747413_BC21",FALSE,TRUE
"cg18593334_TC21",FALSE,TRUE
"cg18601357_BC21",FALSE,TRUE
"cg18677330_BC21",FALSE,TRUE
"cg23656906_TC21",FALSE,TRUE
"cg09651498_BC21",FALSE,TRUE
"cg09703620_BC21",FALSE,TRUE
"cg09732307_BC21",FALSE,TRUE
"cg09805466_BC21",FALSE,TRUE
"cg17233308_TC21",FALSE,TRUE
"cg12602065_BC21",FALSE,TRUE
"cg02507214_BC21",FALSE,TRUE
"cg17655590_BC21",FALSE,TRUE
"cg17697159_BC21",FALSE,TRUE
"cg20538707_BC21",FALSE,TRUE
"cg20546365_BC21",FALSE,TRUE
"cg20553024_TC21",FALSE,TRUE
"cg20589117_BC21",FALSE,TRUE
"cg20608786_TC21",FALSE,TRUE
"cg04607071_BC21",FALSE,TRUE
"cg05172259_BC21",FALSE,TRUE
"cg07212035_BC21",FALSE,TRUE
"cg07246343_BC21",FALSE,TRUE
"cg07251911_BC21",FALSE,TRUE
"cg07267600_BC21",FALSE,TRUE
"cg07357279_BC21",FALSE,TRUE
"cg07364927_TC21",FALSE,TRUE
"cg07385375_TC21",FALSE,TRUE
"cg14759366_BC21",FALSE,TRUE
"cg22414759_TC21",FALSE,TRUE
"cg22495488_BC21",FALSE,TRUE
"cg04732856_BC21",FALSE,TRUE
"cg04821772_BC21",FALSE,TRUE
"cg21058963_BC21",FALSE,TRUE
"cg21064451_TC21",FALSE,TRUE
"cg21111121_BC21",FALSE,TRUE
"cg08847243_BC21",FALSE,TRUE
"cg08928505_TC21",FALSE,TRUE
"cg05097930_BC21",FALSE,TRUE
"cg05117055_TC21",FALSE,TRUE
"cg13388068_BC21",FALSE,TRUE
"cg13427594_BC21",FALSE,TRUE
"cg03346892_BC21",FALSE,TRUE
"cg24708279_BC21",FALSE,TRUE
"cg24715680_BC21",FALSE,TRUE
"cg24721517_TC21",FALSE,TRUE
"cg24723421_TC21",FALSE,TRUE
"cg09586583_BC21",FALSE,TRUE
"cg12549366_BC21",FALSE,TRUE
"cg02293493_TC21",FALSE,TRUE
"cg17480442_BC21",FALSE,TRUE
"cg17544920_BC21",FALSE,TRUE
"cg17585528_TC21",FALSE,TRUE
"cg19647813_TC21",FALSE,TRUE
"cg01534593_BC21",FALSE,TRUE
"cg01536905_BC21",FALSE,TRUE
"cg01541198_BC21",FALSE,TRUE
"cg01553518_TC21",FALSE,TRUE
"cg04443257_BC21",FALSE,TRUE
"cg04446488_BC21",FALSE,TRUE
"cg04453639_BC21",FALSE,TRUE
"cg04498349_TC21",FALSE,TRUE
"cg04509074_TC21",FALSE,TRUE
"cg04515618_TC21",FALSE,TRUE
"cg04539636_BC21",FALSE,TRUE
"cg04548032_TC21",FALSE,TRUE
"cg22165081_TC21",FALSE,TRUE
"cg15710695_BC21",FALSE,TRUE
"cg15720112_BC21",FALSE,TRUE
"cg15757924_BC21",FALSE,TRUE
"cg15770702_TC21",FALSE,TRUE
"cg15827900_BC21",FALSE,TRUE
"cg23866866_BC21",FALSE,TRUE
"cg10444261_BC21",FALSE,TRUE
"cg10555106_TC21",FALSE,TRUE
"cg10580682_BC21",FALSE,TRUE
"cg10602939_TC21",FALSE,TRUE
"cg10610270_BC21",FALSE,TRUE
"cg10616135_TC21",FALSE,TRUE
"cg10626728_TC21",FALSE,TRUE
"cg10637435_BC21",FALSE,TRUE
"cg10639368_BC21",FALSE,TRUE
"cg06321213_BC21",FALSE,TRUE
"cg06323119_TC21",FALSE,TRUE
"cg06328724_BC21",FALSE,TRUE
"cg06331929_TC21",FALSE,TRUE
"cg06341867_BC21",FALSE,TRUE
"cg08121232_BC21",FALSE,TRUE
"cg02915696_BC21",FALSE,TRUE
"cg02924523_TC21",FALSE,TRUE
"cg12568217_BC21",FALSE,TRUE
"cg14555649_TC21",FALSE,TRUE
"cg26219505_BC21",FALSE,TRUE
"cg00059162_BC21",FALSE,TRUE
"cg05970288_BC21",FALSE,TRUE
"cg20111269_TC21",FALSE,TRUE
"cg27219644_BC21",FALSE,TRUE
"cg01957776_TC21",FALSE,TRUE
"cg14593366_BC21",FALSE,TRUE
"cg14651192_TC21",FALSE,TRUE
"cg14758944_BC21",FALSE,TRUE
"cg11646117_BC21",FALSE,TRUE
"cg21770758_BC21",FALSE,TRUE
"cg09306983_TC21",FALSE,TRUE
"cg09461018_TC21",FALSE,TRUE
"cg09576185_BC21",FALSE,TRUE
"cg13517065_BC21",FALSE,TRUE
"cg02187406_BC21",FALSE,TRUE
"cg06030675_BC21",FALSE,TRUE
"cg06091539_TC21",FALSE,TRUE
"cg00703299_BC21",FALSE,TRUE
"cg11570784_BC21",FALSE,TRUE
"cg03476366_BC21",FALSE,TRUE
"cg03505836_TC21",FALSE,TRUE
"cg26899284_BC21",FALSE,TRUE
"cg24505973_BC21",FALSE,TRUE
"cg05198817_BC21",FALSE,TRUE
"cg15822414_BC21",FALSE,TRUE
"cg07940357_TC21",FALSE,TRUE
"cg10410121_TC21",FALSE,TRUE
"cg01632164_TC21",FALSE,TRUE
"cg10701198_BC21",FALSE,TRUE
"cg15185595_BC21",FALSE,TRUE
"cg27370694_TC21",FALSE,TRUE
"cg17269284_TC21",FALSE,TRUE
"cg17349776_BC21",FALSE,TRUE
"cg17392347_BC21",FALSE,TRUE
"cg19506290_BC21",FALSE,TRUE
"cg13767616_BC21",FALSE,TRUE
"cg01399353_BC21",FALSE,TRUE
"cg18014931_BC21",FALSE,TRUE
"cg07530359_TC21",FALSE,TRUE
"cg18499068_BC21",FALSE,TRUE
"cg20829509_TC21",FALSE,TRUE
"cg20837626_BC21",FALSE,TRUE
"cg20910935_TC21",FALSE,TRUE
"cg17165995_BC21",FALSE,TRUE
"cg06444622_TC21",FALSE,TRUE
"cg16772374_BC21",FALSE,TRUE
"cg19299291_BC21",FALSE,TRUE
"cg13135449_BC21",FALSE,TRUE
"cg24185817_BC21",FALSE,TRUE
"cg16015362_BC21",FALSE,TRUE
"cg00293800_BC21",FALSE,TRUE
"cg12912953_BC21",FALSE,TRUE
"cg12919303_BC21",FALSE,TRUE
"cg12935960_BC21",FALSE,TRUE
"cg12955532_BC21",FALSE,TRUE
"cg16914628_TC21",FALSE,TRUE
"cg03247011_TC21",FALSE,TRUE
"cg16999099_BC21",FALSE,TRUE
"cg12186363_BC21",FALSE,TRUE
"cg12192529_BC21",FALSE,TRUE
"cg14193001_BC21",FALSE,TRUE
"cg13337773_BC21",FALSE,TRUE
"cg23987156_TC21",FALSE,TRUE
"cg09007594_BC21",FALSE,TRUE
"cg00144201_TC21",FALSE,TRUE
"cg00205522_BC21",FALSE,TRUE
"cg00253126_BC21",FALSE,TRUE
"cg04089974_BC21",FALSE,TRUE
"cg16518996_BC21",FALSE,TRUE
"cg27423983_TC21",FALSE,TRUE
"cg27504470_BC21",FALSE,TRUE
"cg27513568_BC21",FALSE,TRUE
"cg11925492_BC21",FALSE,TRUE
"cg25722772_BC21",FALSE,TRUE
"cg25987492_BC21",FALSE,TRUE
"cg26003000_BC21",FALSE,TRUE
"cg23629366_BC21",FALSE,TRUE
"cg10056799_TC21",FALSE,TRUE
"cg10073693_BC21",FALSE,TRUE
"cg22681487_TC21",FALSE,TRUE
"cg25107984_TC21",FALSE,TRUE
"cg25137154_BC21",FALSE,TRUE
"cg25137674_BC21",FALSE,TRUE
"cg25169492_TC21",FALSE,TRUE
"cg20382172_BC21",FALSE,TRUE
"cg04856802_BC21",FALSE,TRUE
"cg15625634_BC21",FALSE,TRUE
"cg05294022_BC21",FALSE,TRUE
"cg00578722_TC21",FALSE,TRUE
"cg08909448_BC21",FALSE,TRUE
"cg08920510_BC21",FALSE,TRUE
"cg15495641_BC21",FALSE,TRUE
"cg15587998_BC21",FALSE,TRUE
"cg03733506_BC21",FALSE,TRUE
"cg24719106_TC21",FALSE,TRUE
"cg23986315_BC21",FALSE,TRUE
"cg21951425_TC21",FALSE,TRUE
"cg21836903_BC21",FALSE,TRUE
"cg07157058_BC21",FALSE,TRUE
"cg07209567_BC21",FALSE,TRUE
"cg01150297_BC21",FALSE,TRUE
"cg19782772_BC21",FALSE,TRUE
"cg03852091_BC21",FALSE,TRUE
"cg03229772_BC21",FALSE,TRUE
"cg15890527_TC21",FALSE,TRUE
"cg23225415_TC21",FALSE,TRUE
"cg25959798_TC21",FALSE,TRUE
"cg06315974_TC21",FALSE,TRUE
"cg19710671_TC21",FALSE,TRUE
"cg02326551_TC21",FALSE,TRUE
"cg01084562_BC21",FALSE,TRUE
"cg27559097_TC21",FALSE,TRUE
"cg17008288_TC21",FALSE,TRUE
"cg21153342_BC21",FALSE,TRUE
"cg10318368_TC21",FALSE,TRUE
"cg09474476_TC21",FALSE,TRUE
"cg02491717_TC21",FALSE,TRUE
"cg06571753_TC21",FALSE,TRUE
"cg10684297_TC21",FALSE,TRUE
"cg25241102_BC21",FALSE,TRUE
"cg04076212_BC21",FALSE,TRUE
"cg05376227_BC21",FALSE,TRUE
"cg03138127_BC21",FALSE,TRUE
"cg25221704_TC21",FALSE,TRUE
"cg19865412_BC21",FALSE,TRUE
"cg12223243_BC21",FALSE,TRUE
"cg12615753_TC21",FALSE,TRUE
"cg16561256_BC21",FALSE,TRUE
"cg26932441_TC21",FALSE,TRUE
"cg17370823_BC21",FALSE,TRUE
"cg21445204_TC21",FALSE,TRUE
"cg23230564_BC21",FALSE,TRUE
"cg24804195_TC21",FALSE,TRUE
"cg03435979_BC21",FALSE,TRUE
"cg02668903_BC21",FALSE,TRUE
"cg03651769_BC21",FALSE,TRUE
"cg08160826_TC21",FALSE,TRUE
"cg19144769_TC21",FALSE,TRUE
"cg02534459_TC21",FALSE,TRUE
"cg18911943_BC21",FALSE,TRUE
"cg11016151_BC21",FALSE,TRUE
"cg15082166_BC21",FALSE,TRUE
"cg09683623_BC21",FALSE,TRUE
"cg26891210_BC21",FALSE,TRUE
"cg13676759_TC21",FALSE,TRUE
"cg26647524_BC21",FALSE,TRUE
"cg19770547_TC21",FALSE,TRUE
"cg08532220_TC21",FALSE,TRUE
"cg09038926_BC21",FALSE,TRUE
"cg16572410_TC21",FALSE,TRUE
"cg17334359_BC21",FALSE,TRUE
"cg04137323_TC21",FALSE,TRUE
"cg17212919_BC21",FALSE,TRUE
"cg09086987_BC21",FALSE,TRUE
"cg26598396_BC21",FALSE,TRUE
"cg00094095_BC21",FALSE,TRUE
"cg11996093_TC21",FALSE,TRUE
"cg05977276_TC21",FALSE,TRUE
"cg05498914_TC21",FALSE,TRUE
"cg22613769_TC21",FALSE,TRUE
"cg10657986_TC21",FALSE,TRUE
"cg01647561_TC21",FALSE,TRUE
"cg18138031_BC21",FALSE,TRUE
"cg12756093_BC21",FALSE,TRUE
"cg10821976_TC21",FALSE,TRUE
"cg06529843_TC21",FALSE,TRUE
"cg17271471_TC21",FALSE,TRUE
"cg07207080_BC21",FALSE,TRUE
"cg11639615_BC21",FALSE,TRUE
"cg21746633_TC21",FALSE,TRUE
"cg04077303_BC21",FALSE,TRUE
"cg04248937_BC21",FALSE,TRUE
"cg23191485_TC21",FALSE,TRUE
"cg02401614_TC21",FALSE,TRUE
"cg25134306_TC21",FALSE,TRUE
"cg09871261_TC21",FALSE,TRUE
"cg08915024_BC21",FALSE,TRUE
"cg22309267_TC21",FALSE,TRUE
"cg15627300_BC21",FALSE,TRUE
"cg14587850_BC21",FALSE,TRUE
"cg08908002_TC21",FALSE,TRUE
"cg23109968_BC21",FALSE,TRUE
"cg19875535_TC21",FALSE,TRUE
"cg13770573_BC21",FALSE,TRUE
"cg22943115_TC21",FALSE,TRUE
"cg18117367_BC21",FALSE,TRUE
"cg11279151_TC21",FALSE,TRUE
"cg21348357_TC21",FALSE,TRUE
"cg27129755_TC21",FALSE,TRUE
"cg14718326_BC21",FALSE,TRUE
"cg11542316_TC21",FALSE,TRUE
"cg12357681_TC21",FALSE,TRUE
"cg18542842_BC21",FALSE,TRUE
"cg05999729_BC21",FALSE,TRUE
"cg05223061_TC21",FALSE,TRUE
"cg01214900_BC21",FALSE,TRUE
"cg19212712_TC21",FALSE,TRUE
"cg13331610_BC21",FALSE,TRUE
"cg17218154_TC21",FALSE,TRUE
"cg15735483_BC21",FALSE,TRUE
"cg22119716_BC21",FALSE,TRUE
"cg23029474_TC21",FALSE,TRUE
"cg18286995_BC21",FALSE,TRUE
"cg17810966_TC21",FALSE,TRUE
"cg25879365_TC21",FALSE,TRUE
"cg21786334_TC21",FALSE,TRUE
"cg18189236_TC21",FALSE,TRUE
"cg15355967_BC21",FALSE,TRUE
"cg26060536_TC21",FALSE,TRUE
"cg20231025_BC21",FALSE,TRUE
"cg22855923_BC21",FALSE,TRUE
"cg16730824_TC21",FALSE,TRUE
"cg17436134_TC21",FALSE,TRUE
"cg17865371_BC21",FALSE,TRUE
"cg02863135_TC21",FALSE,TRUE
"cg23318676_BC21",FALSE,TRUE
"cg11194132_TC21",FALSE,TRUE
"cg20130098_TC21",FALSE,TRUE
"cg09160681_BC21",FALSE,TRUE
"cg07390013_TC21",FALSE,TRUE
"cg21280061_TC21",FALSE,TRUE
"cg23655155_TC21",FALSE,TRUE
"cg04879348_TC21",FALSE,TRUE
"cg06160682_TC21",FALSE,TRUE
"cg17320403_BC21",FALSE,TRUE
"cg22925694_BC21",FALSE,TRUE
"cg23830205_TC21",FALSE,TRUE
"cg15974196_BC21",FALSE,TRUE
"cg10482920_BC21",FALSE,TRUE
"cg01385836_BC21",FALSE,TRUE
"cg02315450_BC21",FALSE,TRUE
"cg01721818_TC21",FALSE,TRUE
"cg01868838_TC21",FALSE,TRUE
"cg24488469_TC21",FALSE,TRUE
"cg17100158_TC21",FALSE,TRUE
"cg11967332_BC21",FALSE,TRUE
"cg26114452_BC21",FALSE,TRUE
"cg01660001_TC21",FALSE,TRUE
"cg22945872_TC21",FALSE,TRUE
"cg10175859_TC21",FALSE,TRUE
"cg11237207_BC21",FALSE,TRUE
"cg06824157_TC21",FALSE,TRUE
"cg08790036_TC21",FALSE,TRUE
"cg12295277_TC21",FALSE,TRUE
"cg09556138_TC21",FALSE,TRUE
"cg02096194_BC21",FALSE,TRUE
"cg11689700_TC21",FALSE,TRUE
"cg11661235_TC21",FALSE,TRUE
"cg07134622_TC21",FALSE,TRUE
"cg07110043_BC21",FALSE,TRUE
"cg24762021_TC21",FALSE,TRUE
"cg23271234_TC21",FALSE,TRUE
"cg23813732_TC21",FALSE,TRUE
"cg23849410_BC21",FALSE,TRUE
"cg23232844_BC21",FALSE,TRUE
"cg09016610_TC21",FALSE,TRUE
"cg15115365_TC21",FALSE,TRUE
"cg24575651_TC21",FALSE,TRUE
"cg24592912_BC21",FALSE,TRUE
"cg22364452_BC21",FALSE,TRUE
"cg11513485_TC21",FALSE,TRUE
"cg04383352_TC21",FALSE,TRUE
"cg03604388_BC21",FALSE,TRUE
"cg14575709_TC21",FALSE,TRUE
"cg14912375_TC21",FALSE,TRUE
"cg05097579_TC21",FALSE,TRUE
"cg09324018_TC21",FALSE,TRUE
"cg01836913_TC21",FALSE,TRUE
"cg00156633_TC21",FALSE,TRUE
"cg07510510_TC21",FALSE,TRUE
"cg27512631_BC21",FALSE,TRUE
"cg07753711_TC21",FALSE,TRUE
"cg02375313_TC21",FALSE,TRUE
"cg13225881_BC21",FALSE,TRUE
"cg04380118_BC21",FALSE,TRUE
"cg04874074_BC21",FALSE,TRUE
"cg08787988_TC21",FALSE,TRUE
"cg11223816_TC21",FALSE,TRUE
"cg19884111_TC21",FALSE,TRUE
"cg19829058_BC21",FALSE,TRUE
"cg20088477_BC21",FALSE,TRUE
"cg18259348_BC21",FALSE,TRUE
"cg18034719_BC21",FALSE,TRUE
"cg18047032_BC21",FALSE,TRUE
"cg18409782_TC21",FALSE,TRUE
"cg26942801_BC21",FALSE,TRUE
"cg05834036_BC21",FALSE,TRUE
"cg08076912_BC21",FALSE,TRUE
"cg08998950_TC21",FALSE,TRUE
"cg04931126_BC21",FALSE,TRUE
"cg04841955_TC21",FALSE,TRUE
"cg09638516_TC21",FALSE,TRUE
"cg19768229_TC21",FALSE,TRUE
"cg12337005_TC21",FALSE,TRUE
"cg07375150_BC21",FALSE,TRUE
"cg07404527_BC21",FALSE,TRUE
"cg12640631_BC21",FALSE,TRUE
"cg21181363_TC21",FALSE,TRUE
"cg21106136_BC21",FALSE,TRUE
"cg20916362_TC21",FALSE,TRUE
"cg10060903_TC21",FALSE,TRUE
"cg15093402_TC21",FALSE,TRUE
"cg18714204_BC21",FALSE,TRUE
"cg25977900_BC21",FALSE,TRUE
"cg01232331_BC21",FALSE,TRUE
"cg20910361_TC21",FALSE,TRUE
"cg11635541_BC21",FALSE,TRUE
"cg11425349_TC21",FALSE,TRUE
"cg20740102_TC21",FALSE,TRUE
"cg20700762_BC21",FALSE,TRUE
"cg16212053_TC21",FALSE,TRUE
"cg18745035_BC21",FALSE,TRUE
"cg17784876_BC21",FALSE,TRUE
"cg13995497_BC21",FALSE,TRUE
"cg07143583_TC21",FALSE,TRUE
"cg08799069_TC21",FALSE,TRUE
"cg05486188_BC21",FALSE,TRUE
"cg09388140_BC21",FALSE,TRUE
"cg16616957_BC21",FALSE,TRUE
"cg04647494_TC21",FALSE,TRUE
"cg00839642_BC21",FALSE,TRUE
"cg06720214_TC21",FALSE,TRUE
"cg11825675_TC21",FALSE,TRUE
"cg08433110_BC21",FALSE,TRUE
"cg00352027_TC21",FALSE,TRUE
"cg03537491_TC21",FALSE,TRUE
"cg18030799_TC21",FALSE,TRUE
"cg13063124_TC21",FALSE,TRUE
"cg15706017_TC21",FALSE,TRUE
"cg04608779_TC21",FALSE,TRUE
"cg26351663_BC21",FALSE,TRUE
"cg14373597_TC21",FALSE,TRUE
"cg03038057_BC21",FALSE,TRUE
"cg19435621_TC21",FALSE,TRUE
"cg14103147_BC21",FALSE,TRUE
"cg17691263_BC21",FALSE,TRUE
"cg10440342_TC21",FALSE,TRUE
"cg07927909_TC21",FALSE,TRUE
"cg18285636_TC21",FALSE,TRUE
"cg26593228_BC21",FALSE,TRUE
"cg03114573_BC21",FALSE,TRUE
"cg12861602_TC21",FALSE,TRUE
"cg18520777_BC21",FALSE,TRUE
"cg22861794_TC21",FALSE,TRUE
"cg15284545_TC21",FALSE,TRUE
"cg13823964_BC21",FALSE,TRUE
"cg24163360_TC21",FALSE,TRUE
"cg06054027_BC21",FALSE,TRUE
"cg15074838_TC21",FALSE,TRUE
"cg18576604_TC21",FALSE,TRUE
"cg02233518_TC21",FALSE,TRUE
"cg11716073_TC21",FALSE,TRUE
"cg24536703_TC21",FALSE,TRUE
"cg15486572_BC21",FALSE,TRUE
"cg05742988_TC21",FALSE,TRUE
"cg22439857_TC21",FALSE,TRUE
"cg25499746_BC21",FALSE,TRUE
"cg24791283_BC21",FALSE,TRUE
"cg07264025_BC21",FALSE,TRUE
"cg24277876_TC21",FALSE,TRUE
"cg00338685_TC21",FALSE,TRUE
"cg08302302_TC21",FALSE,TRUE
"cg17806882_TC21",FALSE,TRUE
"cg01981108_BC21",FALSE,TRUE
"cg05675331_TC21",FALSE,TRUE
"cg09918394_BC21",FALSE,TRUE
"cg08356572_BC21",FALSE,TRUE
"cg08178940_BC21",FALSE,TRUE
"cg23245898_TC21",FALSE,TRUE
"cg11085304_TC21",FALSE,TRUE
"cg18332838_BC21",FALSE,TRUE
"cg15279236_BC21",FALSE,TRUE
"cg00203617_TC21",FALSE,TRUE
"cg26509731_TC21",FALSE,TRUE
"cg13381203_BC21",FALSE,TRUE
"cg14378727_BC21",FALSE,TRUE
"cg00297966_TC21",FALSE,TRUE
"cg10647704_BC21",FALSE,TRUE
"cg24404943_TC21",FALSE,TRUE
"cg23222435_BC21",FALSE,TRUE
"cg00465686_TC21",FALSE,TRUE
"cg26628279_BC21",FALSE,TRUE
"cg21854228_BC21",FALSE,TRUE
"cg04492287_BC21",FALSE,TRUE
"cg13685779_TC21",FALSE,TRUE
"cg22927009_BC21",FALSE,TRUE
"cg19966146_BC21",FALSE,TRUE
"cg27518014_TC21",FALSE,TRUE
"cg03347444_TC21",FALSE,TRUE
"cg01988136_BC21",FALSE,TRUE
"cg21365924_TC21",FALSE,TRUE
"cg13392680_TC21",FALSE,TRUE
"cg11295357_BC21",FALSE,TRUE
"cg08828287_TC21",FALSE,TRUE
"cg09153282_BC21",FALSE,TRUE
"cg24312390_TC21",FALSE,TRUE
"cg09138207_BC21",FALSE,TRUE
"cg02893499_TC21",FALSE,TRUE
"cg26407100_BC21",FALSE,TRUE
"cg09041389_BC21",FALSE,TRUE
"cg14700965_BC21",FALSE,TRUE
"cg02641941_TC21",FALSE,TRUE
"cg18108683_BC21",FALSE,TRUE
"cg19419054_TC21",FALSE,TRUE
"cg12867312_BC21",FALSE,TRUE
"cg24272309_TC21",FALSE,TRUE
"cg14583781_BC21",FALSE,TRUE
"cg00873517_BC21",FALSE,TRUE
"cg22723876_TC21",FALSE,TRUE
"cg00213177_BC21",FALSE,TRUE
"cg06659937_BC21",FALSE,TRUE
"cg05829696_BC21",FALSE,TRUE
"cg08349108_BC21",FALSE,TRUE
"cg06345767_TC21",FALSE,TRUE
"cg06866628_BC21",FALSE,TRUE
"cg08998414_TC21",FALSE,TRUE
"cg07508649_BC21",FALSE,TRUE
"cg00936146_TC21",FALSE,TRUE
"cg04494844_BC21",FALSE,TRUE
"cg04896165_TC21",FALSE,TRUE
"cg10877458_BC21",FALSE,TRUE
"cg19640299_TC21",FALSE,TRUE
"cg17651890_TC21",FALSE,TRUE
"cg24461742_TC21",FALSE,TRUE
"cg06166242_TC21",FALSE,TRUE
"cg09750210_TC21",FALSE,TRUE
"cg03404550_BC21",FALSE,TRUE
"cg03928247_BC21",FALSE,TRUE
"cg01823585_BC21",FALSE,TRUE
"cg25408575_BC21",FALSE,TRUE
"cg13045351_TC21",FALSE,TRUE
"cg10486455_TC21",FALSE,TRUE
"cg26428748_BC21",FALSE,TRUE
"cg15354877_BC21",FALSE,TRUE
"cg18838675_TC21",FALSE,TRUE
"cg16367518_TC21",FALSE,TRUE
"cg24815001_TC21",FALSE,TRUE
"cg11404906_BC21",FALSE,TRUE
"cg21857346_BC21",FALSE,TRUE
"cg20811317_BC21",FALSE,TRUE
"cg20683250_TC21",FALSE,TRUE
"cg25474873_BC21",FALSE,TRUE
"cg27664783_TC21",FALSE,TRUE
"cg08546406_BC21",FALSE,TRUE
"cg00458607_BC21",FALSE,TRUE
"cg18576210_TC21",FALSE,TRUE
"cg00221788_TC21",FALSE,TRUE
"cg21776010_BC21",FALSE,TRUE
"cg05175896_TC21",FALSE,TRUE
"cg05714579_TC21",FALSE,TRUE
"cg05196362_BC21",FALSE,TRUE
"cg21901928_BC21",FALSE,TRUE
"cg08066407_TC21",FALSE,TRUE
"cg06382236_BC21",FALSE,TRUE
"cg07394259_BC21",FALSE,TRUE
"cg13686013_BC21",FALSE,TRUE
"cg00014638_BC21",FALSE,TRUE
"cg09452510_TC21",FALSE,TRUE
"cg02471078_BC21",FALSE,TRUE
"cg20307885_BC21",FALSE,TRUE
"cg10778943_BC21",FALSE,TRUE
"cg12196305_TC21",FALSE,TRUE
"cg03708012_BC21",FALSE,TRUE
"cg21598067_TC21",FALSE,TRUE
"cg14546115_BC21",FALSE,TRUE
"cg10033725_TC21",FALSE,TRUE
"cg04546557_BC21",FALSE,TRUE
"cg11373869_BC21",FALSE,TRUE
"cg09382220_TC21",FALSE,TRUE
"cg00470154_BC21",FALSE,TRUE
"cg19797536_BC21",FALSE,TRUE
"cg09444206_BC21",FALSE,TRUE
"cg19707834_BC21",FALSE,TRUE
"cg17775079_BC21",FALSE,TRUE
"cg13861399_BC21",FALSE,TRUE
"cg23631909_BC21",FALSE,TRUE
"cg05878332_BC21",FALSE,TRUE
"cg01540522_TC21",FALSE,TRUE
"cg02776119_BC21",FALSE,TRUE
"cg15379825_TC21",FALSE,TRUE
"cg14479884_BC21",FALSE,TRUE
"cg24650120_TC21",FALSE,TRUE
"cg08320413_TC21",FALSE,TRUE
"cg17661045_TC21",FALSE,TRUE
"cg19199204_TC21",FALSE,TRUE
"cg10066132_BC21",FALSE,TRUE
"cg09930033_TC21",FALSE,TRUE
"cg13499210_BC21",FALSE,TRUE
"cg27270362_TC21",FALSE,TRUE
"cg01955203_TC21",FALSE,TRUE
"cg20030852_BC21",FALSE,TRUE
"cg23912098_BC21",FALSE,TRUE
"cg11497017_BC21",FALSE,TRUE
"cg12148898_TC21",FALSE,TRUE
"cg11064524_BC21",FALSE,TRUE
"cg22187251_BC21",FALSE,TRUE
"cg02898665_BC21",FALSE,TRUE
"cg02919814_TC21",FALSE,TRUE
"cg11941941_BC21",FALSE,TRUE
"cg07343790_TC21",FALSE,TRUE
"cg05855489_TC21",FALSE,TRUE
"cg25582924_BC21",FALSE,TRUE
"cg02620189_BC21",FALSE,TRUE
"cg10374887_TC21",FALSE,TRUE
"cg09487822_BC21",FALSE,TRUE
"cg10730673_BC21",FALSE,TRUE
"cg09938490_BC21",FALSE,TRUE
"cg18089193_TC21",FALSE,TRUE
"cg06938133_BC21",FALSE,TRUE
"cg19212948_BC21",FALSE,TRUE
"cg07081054_BC21",FALSE,TRUE
"cg00830121_TC21",FALSE,TRUE
"cg01861537_BC21",FALSE,TRUE
"cg27607843_TC21",FALSE,TRUE
"cg16409306_TC21",FALSE,TRUE
"cg15747531_TC21",FALSE,TRUE
"cg24232214_TC21",FALSE,TRUE
"cg04911518_BC21",FALSE,TRUE
"cg04102384_BC21",FALSE,TRUE
"cg05385188_TC21",FALSE,TRUE
"cg22803821_TC21",FALSE,TRUE
"cg20975593_TC21",FALSE,TRUE
"cg26279116_BC21",FALSE,TRUE
"cg26915779_TC21",FALSE,TRUE
"cg12968685_BC21",FALSE,TRUE
"cg16841014_TC21",FALSE,TRUE
"cg21017348_TC21",FALSE,TRUE
"cg01038861_BC21",FALSE,TRUE
"cg21649668_BC21",FALSE,TRUE
"cg12161460_TC21",FALSE,TRUE
"cg02767240_BC21",FALSE,TRUE
"cg00849044_BC21",FALSE,TRUE
"cg19520855_TC21",FALSE,TRUE
"cg27178293_TC21",FALSE,TRUE
"cg27249554_TC21",FALSE,TRUE
"cg19244722_TC21",FALSE,TRUE
"cg17039262_TC21",FALSE,TRUE
"cg17129943_BC21",FALSE,TRUE
"cg27057408_TC21",FALSE,TRUE
"cg21850735_TC21",FALSE,TRUE
"cg00172189_TC21",FALSE,TRUE
"cg09398138_TC21",FALSE,TRUE
"cg05320533_BC21",FALSE,TRUE
"cg02544117_BC21",FALSE,TRUE
"cg11942221_BC21",FALSE,TRUE
"cg01014371_BC21",FALSE,TRUE
"cg22345432_BC21",FALSE,TRUE
"cg12710567_TC21",FALSE,TRUE
"cg13520531_BC21",FALSE,TRUE
"cg14042597_BC21",FALSE,TRUE
"cg26664528_TC21",FALSE,TRUE
"cg22338152_BC21",FALSE,TRUE
"cg23017594_TC21",FALSE,TRUE
"cg10715361_TC21",FALSE,TRUE
"cg01566323_BC21",FALSE,TRUE
"cg04806664_BC21",FALSE,TRUE
"cg00650309_BC21",FALSE,TRUE
"cg05786041_TC21",FALSE,TRUE
"cg17089665_TC21",FALSE,TRUE
"cg02838499_BC21",FALSE,TRUE
"cg19171375_TC21",FALSE,TRUE
"cg24506782_BC21",FALSE,TRUE
"cg21292201_BC21",FALSE,TRUE
"cg10083417_TC21",FALSE,TRUE
"cg07321753_TC21",FALSE,TRUE
"cg19700380_TC21",FALSE,TRUE
"cg22974630_TC21",FALSE,TRUE
"cg15463538_TC21",FALSE,TRUE
"cg24682482_BC21",FALSE,TRUE
"cg03269320_BC21",FALSE,TRUE
"cg23334507_BC21",FALSE,TRUE
"cg16103098_BC21",FALSE,TRUE
"cg13793157_TC21",FALSE,TRUE
"cg23515921_BC21",FALSE,TRUE
"cg01281231_TC21",FALSE,TRUE
"cg10638599_TC21",FALSE,TRUE
"cg19511229_BC21",FALSE,TRUE
"cg26053876_BC21",FALSE,TRUE
"cg11995437_BC21",FALSE,TRUE
"cg06927775_TC21",FALSE,TRUE
"cg13568311_BC21",FALSE,TRUE
"cg15874425_TC21",FALSE,TRUE
"cg08385995_BC21",FALSE,TRUE
"cg09960794_BC21",FALSE,TRUE
"cg14233513_TC21",FALSE,TRUE
"cg20594841_BC21",FALSE,TRUE
"cg13977158_TC21",FALSE,TRUE
"cg26988922_TC21",FALSE,TRUE
"cg18158470_TC21",FALSE,TRUE
"cg14436785_TC21",FALSE,TRUE
"cg18422853_BC21",FALSE,TRUE
"cg26544458_BC21",FALSE,TRUE
"cg27188056_TC21",FALSE,TRUE
"cg24129177_TC21",FALSE,TRUE
"cg00793432_BC21",FALSE,TRUE
"cg23262420_BC21",FALSE,TRUE
"cg07351637_TC21",FALSE,TRUE
"cg11161011_TC21",FALSE,TRUE
"cg27492102_TC21",FALSE,TRUE
"cg17664582_BC21",FALSE,TRUE
"cg02949523_TC21",FALSE,TRUE
"cg11028445_TC21",FALSE,TRUE
"cg00836542_TC21",FALSE,TRUE
"cg06646715_BC21",FALSE,TRUE
"cg27416283_TC21",FALSE,TRUE
"cg11703007_BC21",FALSE,TRUE
"cg13512374_TC21",FALSE,TRUE
"cg19932993_BC21",FALSE,TRUE
"cg03524836_BC21",FALSE,TRUE
"cg08155354_BC21",FALSE,TRUE
"cg03255417_BC21",FALSE,TRUE
"cg06298244_TC21",FALSE,TRUE
"cg01798097_BC21",FALSE,TRUE
"cg08505673_BC21",FALSE,TRUE
"cg12953628_BC21",FALSE,TRUE
"cg14367229_TC21",FALSE,TRUE
"cg08232967_TC21",FALSE,TRUE
"cg23587980_TC21",FALSE,TRUE
"cg23619338_BC21",FALSE,TRUE
"cg20016490_TC21",FALSE,TRUE
"cg03821557_TC21",FALSE,TRUE
"cg03577153_BC21",FALSE,TRUE
"cg03010301_BC21",FALSE,TRUE
"cg27379896_BC21",FALSE,TRUE
"cg12970155_TC21",FALSE,TRUE
"cg19426128_BC21",FALSE,TRUE
"cg10686916_TC21",FALSE,TRUE
"cg03805929_TC21",FALSE,TRUE
"cg20500854_BC21",FALSE,TRUE
"cg11199172_TC21",FALSE,TRUE
"cg25418870_BC21",FALSE,TRUE
"cg03075494_BC21",FALSE,TRUE
"cg15959311_TC21",FALSE,TRUE
"cg25288085_BC21",FALSE,TRUE
"cg16334456_TC21",FALSE,TRUE
"cg08665359_TC21",FALSE,TRUE
"cg26458557_TC21",FALSE,TRUE
"cg05340094_BC21",FALSE,TRUE
"cg26121294_TC21",FALSE,TRUE
"cg03523434_BC21",FALSE,TRUE
"cg22000472_BC21",FALSE,TRUE
"cg07220032_TC21",FALSE,TRUE
"cg18986160_BC21",FALSE,TRUE
"cg15588486_BC21",FALSE,TRUE
"cg22138856_TC21",FALSE,TRUE
"cg16059767_BC21",FALSE,TRUE
"cg03881892_BC21",FALSE,TRUE
"cg12160467_BC21",FALSE,TRUE
"cg05206599_BC21",FALSE,TRUE
"cg06453301_TC21",FALSE,TRUE
"cg04783624_BC21",FALSE,TRUE
"cg19984574_BC21",FALSE,TRUE
"cg20260904_BC21",FALSE,TRUE
"cg14277894_BC21",FALSE,TRUE
"cg18349747_TC21",FALSE,TRUE
"cg08506949_BC21",FALSE,TRUE
"cg23380274_BC21",FALSE,TRUE
"cg05060989_BC21",FALSE,TRUE
"cg02995319_BC21",FALSE,TRUE
"cg10313178_BC21",FALSE,TRUE
"cg04945518_BC21",FALSE,TRUE
"cg13502745_BC21",FALSE,TRUE
"cg14727845_BC21",FALSE,TRUE
"cg15743724_BC21",FALSE,TRUE
"cg12028930_TC21",FALSE,TRUE
"cg23522599_TC21",FALSE,TRUE
"cg24319766_TC21",FALSE,TRUE
"cg26238686_BC21",FALSE,TRUE
"cg09869389_BC21",FALSE,TRUE
"cg16097834_TC21",FALSE,TRUE
"cg23460535_TC21",FALSE,TRUE
"cg23173777_BC21",FALSE,TRUE
"cg18809343_TC21",FALSE,TRUE
"cg05552343_BC21",FALSE,TRUE
"cg14329352_TC21",FALSE,TRUE
"cg24765791_BC21",FALSE,TRUE
"cg05465448_BC21",FALSE,TRUE
"cg17406470_TC21",FALSE,TRUE
"cg00422975_BC21",FALSE,TRUE
"cg14403634_BC21",FALSE,TRUE
"cg12839005_BC21",FALSE,TRUE
"cg07208518_BC21",FALSE,TRUE
"cg11196852_BC21",FALSE,TRUE
"cg25420779_TC21",FALSE,TRUE
"cg24760425_TC21",FALSE,TRUE
"cg24345725_TC21",FALSE,TRUE
"cg18974212_BC21",FALSE,TRUE
"cg16782807_TC21",FALSE,TRUE
"cg18533023_TC21",FALSE,TRUE
"cg13294953_BC21",FALSE,TRUE
"cg06736542_BC21",FALSE,TRUE
"cg26985140_TC21",FALSE,TRUE
"cg01186006_BC21",FALSE,TRUE
"cg07700028_BC21",FALSE,TRUE
"cg22717525_TC21",FALSE,TRUE
"cg01615719_BC21",FALSE,TRUE
"cg00469329_TC21",FALSE,TRUE
"cg10910257_TC21",FALSE,TRUE
"cg07349294_BC21",FALSE,TRUE
"cg11261447_BC21",FALSE,TRUE
"cg01380042_TC21",FALSE,TRUE
"cg04242991_BC21",FALSE,TRUE
"cg21006470_TC21",FALSE,TRUE
"cg07106534_TC21",FALSE,TRUE
"cg00949479_TC21",FALSE,TRUE
"cg00569850_BC21",FALSE,TRUE
"cg23629929_BC21",FALSE,TRUE
"cg19554283_BC21",FALSE,TRUE
"cg26157361_BC21",FALSE,TRUE
"cg03897243_TC21",FALSE,TRUE
"cg06220415_BC21",FALSE,TRUE
"cg26567409_BC21",FALSE,TRUE
"cg00325272_TC21",FALSE,TRUE
"cg25221803_TC21",FALSE,TRUE
"cg19266431_TC21",FALSE,TRUE
"cg15074442_TC21",FALSE,TRUE
"cg27197276_BC21",FALSE,TRUE
"cg20480364_BC21",FALSE,TRUE
"cg09396832_BC21",FALSE,TRUE
"cg03656888_BC21",FALSE,TRUE
"cg20630386_TC21",FALSE,TRUE
"cg09619699_TC21",FALSE,TRUE
"cg17075098_TC21",FALSE,TRUE
"cg01744316_TC21",FALSE,TRUE
"cg04227007_BC21",FALSE,TRUE
"cg08637974_TC21",FALSE,TRUE
"cg07814097_BC21",FALSE,TRUE
"cg22961265_BC21",FALSE,TRUE
"cg04338128_TC21",FALSE,TRUE
"cg12455262_TC21",FALSE,TRUE
"cg10244852_BC21",FALSE,TRUE
"cg14871524_BC21",FALSE,TRUE
"cg09759539_BC21",FALSE,TRUE
"cg17815694_BC21",FALSE,TRUE
"cg26101584_TC21",FALSE,TRUE
"cg03776542_TC21",FALSE,TRUE
"cg14664374_BC21",FALSE,TRUE
"cg14846097_TC21",FALSE,TRUE
"cg20654632_BC21",FALSE,TRUE
"cg12012941_TC21",FALSE,TRUE
"cg23383929_TC21",FALSE,TRUE
"cg07801620_TC21",FALSE,TRUE
"cg01268635_BC21",FALSE,TRUE
"cg18134754_TC21",FALSE,TRUE
"cg10980791_TC21",FALSE,TRUE
"cg01619887_TC21",FALSE,TRUE
"cg09918238_TC21",FALSE,TRUE
"cg14993399_TC21",FALSE,TRUE
"cg08247014_BC21",FALSE,TRUE
"cg12534855_TC21",FALSE,TRUE
"cg15406952_BC21",FALSE,TRUE
"cg15311956_TC21",FALSE,TRUE
"cg08483768_TC21",FALSE,TRUE
"cg22776933_BC21",FALSE,TRUE
"cg17885536_BC21",FALSE,TRUE
"cg05262409_TC21",FALSE,TRUE
"cg11968948_BC21",FALSE,TRUE
"cg23502848_TC21",FALSE,TRUE
"cg26448612_BC21",FALSE,TRUE
"cg04869336_BC21",FALSE,TRUE
"cg14400946_TC21",FALSE,TRUE
"cg02353358_BC21",FALSE,TRUE
"cg03004329_BC21",FALSE,TRUE
"cg00810818_TC21",FALSE,TRUE
"cg22447989_TC21",FALSE,TRUE
"cg18601920_BC21",FALSE,TRUE
"cg25257044_BC21",FALSE,TRUE
"cg16959692_TC21",FALSE,TRUE
"cg07450693_BC21",FALSE,TRUE
"cg09487890_TC21",FALSE,TRUE
"cg01254125_TC21",FALSE,TRUE
"cg13176248_BC21",FALSE,TRUE
"cg11890206_BC21",FALSE,TRUE
"cg09243569_TC21",FALSE,TRUE
"cg16340532_BC21",FALSE,TRUE
"cg21774804_BC21",FALSE,TRUE
"cg19070688_BC21",FALSE,TRUE
"cg03109384_BC21",FALSE,TRUE
"cg25928860_BC21",FALSE,TRUE
"cg07925057_TC21",FALSE,TRUE
"cg22965368_TC21",FALSE,TRUE
"cg07530596_BC21",FALSE,TRUE
"cg25482767_TC21",FALSE,TRUE
"cg06892728_BC21",FALSE,TRUE
"cg09673812_BC21",FALSE,TRUE
"cg21125614_TC21",FALSE,TRUE
"cg04089095_BC21",FALSE,TRUE
"cg20007702_BC21",FALSE,TRUE
"cg08411333_BC21",FALSE,TRUE
"cg01954413_TC21",FALSE,TRUE
"cg01713890_BC21",FALSE,TRUE
"cg06158646_BC21",FALSE,TRUE
"cg18767612_TC21",FALSE,TRUE
"cg23495512_BC21",FALSE,TRUE
"cg02589488_BC21",FALSE,TRUE
"cg03617901_BC21",FALSE,TRUE
"cg14350146_TC21",FALSE,TRUE
"cg14451394_TC21",FALSE,TRUE
"cg12307391_BC21",FALSE,TRUE
"cg09177337_TC21",FALSE,TRUE
"cg08281157_TC21",FALSE,TRUE
"cg11144671_TC21",FALSE,TRUE
"cg00601174_BC21",FALSE,TRUE
"cg17158185_TC21",FALSE,TRUE
"cg17705053_TC21",FALSE,TRUE
"cg11001135_BC21",FALSE,TRUE
"cg27275723_BC21",FALSE,TRUE
"cg04813590_TC21",FALSE,TRUE
"cg10260572_BC21",FALSE,TRUE
"cg11612862_BC21",FALSE,TRUE
"cg08125784_TC21",FALSE,TRUE
"cg20418101_BC21",FALSE,TRUE
"cg14522360_TC21",FALSE,TRUE
"cg17644350_BC21",FALSE,TRUE
"cg19688022_BC21",FALSE,TRUE
"cg18713285_BC21",FALSE,TRUE
"cg13767117_BC21",FALSE,TRUE
"cg25079460_TC21",FALSE,TRUE
"cg09555236_BC21",FALSE,TRUE
"cg07643803_BC21",FALSE,TRUE
"cg24443960_TC21",FALSE,TRUE
"cg13747028_TC21",FALSE,TRUE
"cg02199333_TC21",FALSE,TRUE
"cg06562685_TC21",FALSE,TRUE
"cg19070118_BC21",FALSE,TRUE
"cg22964097_TC21",FALSE,TRUE
"cg12378726_BC21",FALSE,TRUE
"cg19764513_TC21",FALSE,TRUE
"cg20075528_TC21",FALSE,TRUE
"cg15491765_BC21",FALSE,TRUE
"cg19837139_BC21",FALSE,TRUE
"cg17573540_TC21",FALSE,TRUE
"cg02167856_TC21",FALSE,TRUE
"cg23945170_BC21",FALSE,TRUE
"cg26010180_BC21",FALSE,TRUE
"cg23205575_BC21",FALSE,TRUE
"cg21365947_BC21",FALSE,TRUE
"cg07881040_TC21",FALSE,TRUE
"cg00217584_TC21",FALSE,TRUE
"cg19528682_BC21",FALSE,TRUE
"cg18537979_BC21",FALSE,TRUE
"cg16646689_BC21",FALSE,TRUE
"cg07464797_TC21",FALSE,TRUE
"cg27292485_BC21",FALSE,TRUE
"cg27287974_TC21",FALSE,TRUE
"cg24708204_TC21",FALSE,TRUE
"cg22674963_TC21",FALSE,TRUE
"cg10482957_TC21",FALSE,TRUE
"cg27648147_TC21",FALSE,TRUE
"cg20726360_BC21",FALSE,TRUE
"cg25366955_BC21",FALSE,TRUE
"cg14200126_BC21",FALSE,TRUE
"cg21214753_BC21",FALSE,TRUE
"cg05668006_BC21",FALSE,TRUE
"cg14999623_BC21",FALSE,TRUE
"cg10592509_BC21",FALSE,TRUE
"cg22800445_TC21",FALSE,TRUE
"cg03921965_TC21",FALSE,TRUE
"cg21148115_TC21",FALSE,TRUE
"cg15851706_BC21",FALSE,TRUE
"cg24460343_BC21",FALSE,TRUE
"cg15982298_BC21",FALSE,TRUE
"cg23246939_TC21",FALSE,TRUE
"cg23052520_TC21",FALSE,TRUE
"cg24263309_BC21",FALSE,TRUE
"cg09681910_TC21",FALSE,TRUE
"cg19082111_BC21",FALSE,TRUE
"cg04862194_BC21",FALSE,TRUE
"cg25499131_BC21",FALSE,TRUE
"cg16267624_TC21",FALSE,TRUE
"cg01414178_BC21",FALSE,TRUE
"cg09418268_BC21",FALSE,TRUE
"cg17266055_BC21",FALSE,TRUE
"cg21329873_BC21",FALSE,TRUE
"cg07151922_TC21",FALSE,TRUE
"cg12504912_BC21",FALSE,TRUE
"cg20264491_BC21",FALSE,TRUE
"cg19731250_BC21",FALSE,TRUE
"cg25064031_BC21",FALSE,TRUE
"cg21963023_TC21",FALSE,TRUE
"cg19694461_TC21",FALSE,TRUE
"cg01110155_BC21",FALSE,TRUE
"cg08530929_TC21",FALSE,TRUE
"cg13219104_BC21",FALSE,TRUE
"cg19544326_TC21",FALSE,TRUE
"cg15747671_BC21",FALSE,TRUE
"cg10912126_TC21",FALSE,TRUE
"cg19289607_TC21",FALSE,TRUE
"cg24876314_BC21",FALSE,TRUE
"cg09369096_TC21",FALSE,TRUE
"cg27210717_BC21",FALSE,TRUE
"cg25402047_TC21",FALSE,TRUE
"cg20355467_TC21",FALSE,TRUE
"cg23180879_TC21",FALSE,TRUE
"cg14398747_TC21",FALSE,TRUE
"cg17069872_BC21",FALSE,TRUE
"cg03696109_BC21",FALSE,TRUE
"cg10365509_TC21",FALSE,TRUE
"cg07381989_BC21",FALSE,TRUE
"cg13708436_BC21",FALSE,TRUE
"cg27594511_TC21",FALSE,TRUE
"cg21965016_TC21",FALSE,TRUE
"cg15778860_TC21",FALSE,TRUE
"cg20652030_BC21",FALSE,TRUE
"cg13809339_BC21",FALSE,TRUE
"cg11733757_BC21",FALSE,TRUE
"cg15107243_BC21",FALSE,TRUE
"cg22272592_TC21",FALSE,TRUE
"cg09080741_BC21",FALSE,TRUE
"cg18475720_BC21",FALSE,TRUE
"cg19625921_TC21",FALSE,TRUE
"cg10422823_BC21",FALSE,TRUE
"cg27110558_BC21",FALSE,TRUE
"cg25819059_BC21",FALSE,TRUE
"cg06208584_TC21",FALSE,TRUE
"cg14800868_TC21",FALSE,TRUE
"cg12352863_TC21",FALSE,TRUE
"cg15508413_BC21",FALSE,TRUE
"cg19746667_TC21",FALSE,TRUE
"cg25136415_BC21",FALSE,TRUE
"cg17474601_TC21",FALSE,TRUE
"cg06154650_BC21",FALSE,TRUE
"cg25471555_BC21",FALSE,TRUE
"cg27161809_TC21",FALSE,TRUE
"cg15972185_TC21",FALSE,TRUE
"cg12047990_TC21",FALSE,TRUE
"cg04978300_BC21",FALSE,TRUE
"cg17403863_BC21",FALSE,TRUE
"cg00288570_TC21",FALSE,TRUE
"cg14604840_BC21",FALSE,TRUE
"cg24464516_BC21",FALSE,TRUE
"cg02651217_BC21",FALSE,TRUE
"cg11278212_BC21",FALSE,TRUE
"cg25535597_BC21",FALSE,TRUE
"cg01231835_TC21",FALSE,TRUE
"cg12720583_TC21",FALSE,TRUE
"cg17334974_BC21",FALSE,TRUE
"cg00494911_BC21",FALSE,TRUE
"cg03804248_BC21",FALSE,TRUE
"cg24126531_BC21",FALSE,TRUE
"cg19503143_TC21",FALSE,TRUE
"cg23616258_BC21",FALSE,TRUE
"cg19542388_BC21",FALSE,TRUE
"cg06875669_TC21",FALSE,TRUE
"cg07255667_BC21",FALSE,TRUE
"cg14629595_TC21",FALSE,TRUE
"cg11066566_BC21",FALSE,TRUE
"cg06040355_TC21",FALSE,TRUE
"cg01730785_BC21",FALSE,TRUE
"cg06928985_BC21",FALSE,TRUE
"cg13350995_BC21",FALSE,TRUE
"cg00890249_BC21",FALSE,TRUE
"cg06257023_TC21",FALSE,TRUE
"cg05106712_BC21",FALSE,TRUE
"cg05439451_BC21",FALSE,TRUE
"cg11582348_TC21",FALSE,TRUE
"cg13294652_TC21",FALSE,TRUE
"cg04038503_BC21",FALSE,TRUE
"cg20193300_TC21",FALSE,TRUE
"cg13784004_TC21",FALSE,TRUE
"cg03256836_BC21",FALSE,TRUE
"cg11020480_BC21",FALSE,TRUE
"cg21316771_TC21",FALSE,TRUE
"cg16349594_TC21",FALSE,TRUE
"cg02027931_BC21",FALSE,TRUE
"cg27539963_TC21",FALSE,TRUE
"cg10172202_TC21",FALSE,TRUE
"cg07056314_BC21",FALSE,TRUE
"cg17468333_BC21",FALSE,TRUE
"cg02320788_BC21",FALSE,TRUE
"cg22977618_TC21",FALSE,TRUE
"cg11586894_BC21",FALSE,TRUE
"cg17827843_BC21",FALSE,TRUE
"cg13924158_TC21",FALSE,TRUE
"cg02592999_BC21",FALSE,TRUE
"cg16595042_BC21",FALSE,TRUE
"cg19534754_TC21",FALSE,TRUE
"cg17238848_TC21",FALSE,TRUE
"cg05480300_BC21",FALSE,TRUE
"cg03178468_BC21",FALSE,TRUE
"cg10721586_TC21",FALSE,TRUE
"cg11650000_TC21",FALSE,TRUE
"cg12650227_BC21",FALSE,TRUE
"cg03291686_TC21",FALSE,TRUE
"cg16437995_TC21",FALSE,TRUE
"cg27473554_TC21",FALSE,TRUE
"cg25746651_BC21",FALSE,TRUE
"cg16151567_TC21",FALSE,TRUE
"cg13473795_BC21",FALSE,TRUE
"cg16801959_TC21",FALSE,TRUE
"cg08944114_BC21",FALSE,TRUE
"cg18127035_BC21",FALSE,TRUE
"cg25983706_BC21",FALSE,TRUE
"cg25280753_TC21",FALSE,TRUE
"cg17057647_BC21",FALSE,TRUE
"cg13468359_BC21",FALSE,TRUE
"cg25104558_TC21",FALSE,TRUE
"cg09651284_BC21",FALSE,TRUE
"cg02235464_TC21",FALSE,TRUE
"cg08915405_TC21",FALSE,TRUE
"cg26883048_TC21",FALSE,TRUE
"cg20164358_BC21",FALSE,TRUE
"cg02724866_TC21",FALSE,TRUE
"cg00707517_BC21",FALSE,TRUE
"cg07044147_TC21",FALSE,TRUE
"cg26613034_BC21",FALSE,TRUE
"cg03689586_BC21",FALSE,TRUE
"cg07301729_BC21",FALSE,TRUE
"cg15608680_BC21",FALSE,TRUE
"cg00386500_TC21",FALSE,TRUE
"cg06847253_TC21",FALSE,TRUE
"cg06887957_TC21",FALSE,TRUE
"cg18217049_TC21",FALSE,TRUE
"cg19575927_BC21",FALSE,TRUE
"cg12105873_BC21",FALSE,TRUE
"cg08221729_BC21",FALSE,TRUE
"cg24116844_BC21",FALSE,TRUE
"cg02456060_BC21",FALSE,TRUE
"cg10508449_TC21",FALSE,TRUE
"cg05060047_BC21",FALSE,TRUE
"cg22798174_BC21",FALSE,TRUE
"cg19715173_BC21",FALSE,TRUE
"cg25079651_TC21",FALSE,TRUE
"cg05572616_BC21",FALSE,TRUE
"cg27374686_BC21",FALSE,TRUE
"cg25332637_BC21",FALSE,TRUE
"cg18944274_TC21",FALSE,TRUE
"cg26772193_TC21",FALSE,TRUE
"cg14201389_TC21",FALSE,TRUE
"cg24211391_BC21",FALSE,TRUE
"cg02735027_TC21",FALSE,TRUE
"cg21448241_BC21",FALSE,TRUE
"cg19144185_BC21",FALSE,TRUE
"cg25458600_BC21",FALSE,TRUE
"cg11115468_BC21",FALSE,TRUE
"cg00383938_BC21",FALSE,TRUE
"cg17709639_BC21",FALSE,TRUE
"cg08724132_BC21",FALSE,TRUE
"cg17118537_TC21",FALSE,TRUE
"cg26017239_BC21",FALSE,TRUE
"cg17428140_TC21",FALSE,TRUE
"cg13093012_BC21",FALSE,TRUE
"cg04030923_TC21",FALSE,TRUE
"cg05555194_TC21",FALSE,TRUE
"cg20172332_TC21",FALSE,TRUE
"cg21932286_BC21",FALSE,TRUE
"cg19330292_BC21",FALSE,TRUE
"cg02034367_BC21",FALSE,TRUE
"cg12977457_BC21",FALSE,TRUE
"cg04675957_BC21",FALSE,TRUE
"cg25879290_TC21",FALSE,TRUE
"cg03666323_BC21",FALSE,TRUE
"cg16054606_TC21",FALSE,TRUE
"cg09226039_TC21",FALSE,TRUE
"cg19388805_TC21",FALSE,TRUE
"cg08615255_BC21",FALSE,TRUE
"cg05920521_BC21",FALSE,TRUE
"cg01958167_TC21",FALSE,TRUE
"cg04522024_TC21",FALSE,TRUE
"cg18109879_BC21",FALSE,TRUE
"cg09137816_TC21",FALSE,TRUE
"cg19451584_TC21",FALSE,TRUE
"cg12550705_TC21",FALSE,TRUE
"cg11078654_TC21",FALSE,TRUE
"cg14026669_BC21",FALSE,TRUE
"cg04027132_TC21",FALSE,TRUE
"cg05816780_BC21",FALSE,TRUE
"cg11781282_TC21",FALSE,TRUE
"cg01994406_BC21",FALSE,TRUE
"cg07265777_BC21",FALSE,TRUE
"cg23042549_BC21",FALSE,TRUE
"cg04017927_TC21",FALSE,TRUE
"cg07988415_BC21",FALSE,TRUE
"cg24426797_TC21",FALSE,TRUE
"cg15315711_BC21",FALSE,TRUE
"cg11266304_BC21",FALSE,TRUE
"cg14187088_BC21",FALSE,TRUE
"cg15655752_TC21",FALSE,TRUE
"cg07388184_BC21",FALSE,TRUE
"cg07723198_BC21",FALSE,TRUE
"cg18134148_TC21",FALSE,TRUE
"cg16267913_BC21",FALSE,TRUE
"cg12078566_TC21",FALSE,TRUE
"cg15173401_BC21",FALSE,TRUE
"cg09649888_BC21",FALSE,TRUE
"cg11502941_BC21",FALSE,TRUE
"cg16746274_BC21",FALSE,TRUE
"cg07513242_BC21",FALSE,TRUE
"cg08221666_BC21",FALSE,TRUE
"cg12294047_TC21",FALSE,TRUE
"cg09814198_BC21",FALSE,TRUE
"cg05750898_TC21",FALSE,TRUE
"cg10526013_BC21",FALSE,TRUE
"cg22369203_BC21",FALSE,TRUE
"cg01834873_BC21",FALSE,TRUE
"cg21143551_BC21",FALSE,TRUE
"cg20311843_TC21",FALSE,TRUE
"cg22480773_TC21",FALSE,TRUE
"cg20058308_BC21",FALSE,TRUE
"cg06072801_BC21",FALSE,TRUE
"cg24322535_BC21",FALSE,TRUE
"cg09132335_BC21",FALSE,TRUE
"cg26011815_TC21",FALSE,TRUE
"cg15838333_BC21",FALSE,TRUE
"cg04354335_BC21",FALSE,TRUE
"cg04179587_BC21",FALSE,TRUE
"cg05706684_BC21",FALSE,TRUE
"cg08456262_TC21",FALSE,TRUE
"cg18256008_BC21",FALSE,TRUE
"cg10722539_BC21",FALSE,TRUE
"cg07344754_BC21",FALSE,TRUE
"cg23856452_TC21",FALSE,TRUE
"cg06265600_BC21",FALSE,TRUE
"cg25740514_TC21",FALSE,TRUE
"cg18271544_BC21",FALSE,TRUE
"cg03262869_TC21",FALSE,TRUE
"cg15357273_TC21",FALSE,TRUE
"cg01414009_TC21",FALSE,TRUE
"cg11680772_BC21",FALSE,TRUE
"cg13558392_TC21",FALSE,TRUE
"cg07718041_BC21",FALSE,TRUE
"cg00113911_BC21",FALSE,TRUE
"cg09212448_TC21",FALSE,TRUE
"cg01898166_BC21",FALSE,TRUE
"cg16422892_TC21",FALSE,TRUE
"cg00472914_TC21",FALSE,TRUE
"cg22873063_BC21",FALSE,TRUE
"cg11309909_BC21",FALSE,TRUE
"cg03172537_TC21",FALSE,TRUE
"cg25185645_BC21",FALSE,TRUE
"cg10774104_BC21",FALSE,TRUE
"cg05077768_TC21",FALSE,TRUE
"cg01193159_BC21",FALSE,TRUE
"cg08327597_BC21",FALSE,TRUE
"cg24779122_BC21",FALSE,TRUE
"cg21047303_TC21",FALSE,TRUE
"cg15915583_BC21",FALSE,TRUE
"cg23649571_BC21",FALSE,TRUE
"cg23043514_BC21",FALSE,TRUE
"cg26203005_BC21",FALSE,TRUE
"cg03394318_TC21",FALSE,TRUE
"cg23537797_TC21",FALSE,TRUE
"cg05450939_BC21",FALSE,TRUE
"cg02319799_BC21",FALSE,TRUE
"cg13958781_BC21",FALSE,TRUE
"cg13279848_TC21",FALSE,TRUE
"cg22697555_TC21",FALSE,TRUE
"cg11830755_TC21",FALSE,TRUE
"cg11359466_BC21",FALSE,TRUE
"cg25829791_TC21",FALSE,TRUE
"cg20867938_TC21",FALSE,TRUE
"cg18458153_TC21",FALSE,TRUE
"cg26279386_BC21",FALSE,TRUE
"cg15168017_TC21",FALSE,TRUE
"cg03275872_BC21",FALSE,TRUE
"cg13451317_TC21",FALSE,TRUE
"cg05081155_TC21",FALSE,TRUE
"cg12018751_TC21",FALSE,TRUE
"cg04301132_TC21",FALSE,TRUE
"cg02079236_TC21",FALSE,TRUE
"cg21089394_TC21",FALSE,TRUE
"cg08115820_TC21",FALSE,TRUE
"cg25654380_TC21",FALSE,TRUE
"cg25950130_TC21",FALSE,TRUE
"cg16894848_TC21",FALSE,TRUE
"cg09253024_BC21",FALSE,TRUE
"cg05849523_BC21",FALSE,TRUE
"cg15956434_TC21",FALSE,TRUE
"cg16673462_BC21",FALSE,TRUE
"cg23951395_BC21",FALSE,TRUE
"cg24964457_BC21",FALSE,TRUE
"cg16860786_TC21",FALSE,TRUE
"cg25258605_BC21",FALSE,TRUE
"cg12957210_TC21",FALSE,TRUE
"cg12807395_BC21",FALSE,TRUE
"cg11196813_TC21",FALSE,TRUE
"cg04936872_TC21",FALSE,TRUE
"cg13076269_TC21",FALSE,TRUE
"cg22335366_TC21",FALSE,TRUE
"cg15947513_BC21",FALSE,TRUE
"cg02037857_BC21",FALSE,TRUE
"cg15021680_TC21",FALSE,TRUE
"cg12121332_BC21",FALSE,TRUE
"cg06060467_TC21",FALSE,TRUE
"cg22030445_TC21",FALSE,TRUE
"cg04960147_BC21",FALSE,TRUE
"cg19339428_TC21",FALSE,TRUE
"cg25300132_BC21",FALSE,TRUE
"cg03065785_BC21",FALSE,TRUE
"cg18782286_TC21",FALSE,TRUE
"cg01493956_TC21",FALSE,TRUE
"cg14639138_TC21",FALSE,TRUE
"cg27474897_BC21",FALSE,TRUE
"cg15651465_BC21",FALSE,TRUE
"cg12634271_TC21",FALSE,TRUE
"cg26769934_BC21",FALSE,TRUE
"cg13342668_BC21",FALSE,TRUE
"cg01446171_BC21",FALSE,TRUE
"cg04799002_BC21",FALSE,TRUE
"cg13417482_TC21",FALSE,TRUE
"cg13584447_BC21",FALSE,TRUE
"cg21001906_BC21",FALSE,TRUE
"cg03126377_BC21",FALSE,TRUE
"cg13548034_TC21",FALSE,TRUE
"cg15611764_TC21",FALSE,TRUE
"cg05460181_BC21",FALSE,TRUE
"cg12369389_BC21",FALSE,TRUE
"cg07872475_TC21",FALSE,TRUE
"cg00239700_BC21",FALSE,TRUE
"cg16008386_TC21",FALSE,TRUE
"cg15192239_BC21",FALSE,TRUE
"cg23187735_BC21",FALSE,TRUE
"cg12186020_BC21",FALSE,TRUE
"cg24153200_TC21",FALSE,TRUE
"cg19153077_BC21",FALSE,TRUE
"cg10893132_BC21",FALSE,TRUE
"cg08015217_TC21",FALSE,TRUE
"cg16322006_TC21",FALSE,TRUE
"cg23313073_BC21",FALSE,TRUE
"cg07075079_BC21",FALSE,TRUE
"cg18137275_BC21",FALSE,TRUE
"cg06813871_BC21",FALSE,TRUE
"cg08203418_TC21",FALSE,TRUE
"cg11741455_TC21",FALSE,TRUE
"cg04279492_TC21",FALSE,TRUE
"cg09264206_TC21",FALSE,TRUE
"cg24305122_BC21",FALSE,TRUE
"cg01035598_BC21",FALSE,TRUE
"cg01785151_BC21",FALSE,TRUE
"cg00608216_TC21",FALSE,TRUE
"cg00828713_BC21",FALSE,TRUE
"cg12110919_TC21",FALSE,TRUE
"cg00763172_TC21",FALSE,TRUE
"cg03599952_TC21",FALSE,TRUE
"cg05983671_BC21",FALSE,TRUE
"cg20466383_BC21",FALSE,TRUE
"cg14116693_BC21",FALSE,TRUE
"cg10062123_TC21",FALSE,TRUE
"cg24972832_TC21",FALSE,TRUE
"cg23008182_BC21",FALSE,TRUE
"cg05342853_TC21",FALSE,TRUE
"cg03557926_BC21",FALSE,TRUE
"cg20836917_TC21",FALSE,TRUE
"cg25226066_BC21",FALSE,TRUE
"cg23149885_TC21",FALSE,TRUE
"cg13975540_TC21",FALSE,TRUE
"cg09065396_TC21",FALSE,TRUE
"cg26242414_TC21",FALSE,TRUE
"cg24859854_BC21",FALSE,TRUE
"cg08839831_TC21",FALSE,TRUE
"cg09209085_TC21",FALSE,TRUE
"cg18226630_BC21",FALSE,TRUE
"cg01367697_BC21",FALSE,TRUE
"cg09351524_BC21",FALSE,TRUE
"cg14701998_TC21",FALSE,TRUE
"cg08721188_BC21",FALSE,TRUE
"cg03998815_BC21",FALSE,TRUE
"cg12631932_BC21",FALSE,TRUE
"cg14609556_TC21",FALSE,TRUE
"cg11116818_BC21",FALSE,TRUE
"cg12653348_BC21",FALSE,TRUE
"cg12365956_TC21",FALSE,TRUE
"cg17044692_TC21",FALSE,TRUE
"cg09776122_BC21",FALSE,TRUE
"cg12397235_BC21",FALSE,TRUE
"cg25678644_TC21",FALSE,TRUE
"cg15332264_BC21",FALSE,TRUE
"cg05893923_BC21",FALSE,TRUE
"cg15104314_BC21",FALSE,TRUE
"cg25039547_TC21",FALSE,TRUE
"cg11347193_BC21",FALSE,TRUE
"cg23531822_TC21",FALSE,TRUE
"cg04249603_BC21",FALSE,TRUE
"cg22548804_BC21",FALSE,TRUE
"cg18732892_TC21",FALSE,TRUE
"cg17446583_BC21",FALSE,TRUE
"cg17806112_TC21",FALSE,TRUE
"cg14723244_TC21",FALSE,TRUE
"cg09112201_TC21",FALSE,TRUE
"cg01655490_TC21",FALSE,TRUE
"cg03902989_TC21",FALSE,TRUE
"cg07998866_TC21",FALSE,TRUE
"cg09201906_TC21",FALSE,TRUE
"cg01257752_BC21",FALSE,TRUE
"cg12966480_BC21",FALSE,TRUE
"cg22109748_TC21",FALSE,TRUE
"cg06250511_TC21",FALSE,TRUE
"cg06741230_BC21",FALSE,TRUE
"cg17282106_TC21",FALSE,TRUE
"cg10860832_TC21",FALSE,TRUE
"cg01600655_TC21",FALSE,TRUE
"cg12738441_TC21",FALSE,TRUE
"cg20233694_TC21",FALSE,TRUE
"cg05526491_BC21",FALSE,TRUE
"cg21011320_TC21",FALSE,TRUE
"cg13817334_TC21",FALSE,TRUE
"cg00527195_BC21",FALSE,TRUE
"cg16058496_TC21",FALSE,TRUE
"cg04378659_BC21",FALSE,TRUE
"cg14764842_BC21",FALSE,TRUE
"cg27161677_BC21",FALSE,TRUE
"cg18139075_TC21",FALSE,TRUE
"cg05141485_TC21",FALSE,TRUE
"cg01937505_BC21",FALSE,TRUE
"cg17478193_TC21",FALSE,TRUE
"cg02354913_TC21",FALSE,TRUE
"cg04126424_TC21",FALSE,TRUE
"cg02007457_BC21",FALSE,TRUE
"cg00418313_TC21",FALSE,TRUE
"cg11452254_TC21",FALSE,TRUE
"cg21512216_TC21",FALSE,TRUE
"cg27548659_BC21",FALSE,TRUE
"cg22598140_TC21",FALSE,TRUE
"cg01379853_BC21",FALSE,TRUE
"cg16457184_TC21",FALSE,TRUE
"cg01979460_BC21",FALSE,TRUE
"cg05563768_TC21",FALSE,TRUE
"cg13775972_BC21",FALSE,TRUE
"cg21842063_BC21",FALSE,TRUE
"cg13085820_TC21",FALSE,TRUE
"cg09462224_BC21",FALSE,TRUE
"cg05226279_TC21",FALSE,TRUE
"cg15392326_TC21",FALSE,TRUE
"cg18659290_TC21",FALSE,TRUE
"cg26321249_BC21",FALSE,TRUE
"cg24821903_BC21",FALSE,TRUE
"cg07838604_TC21",FALSE,TRUE
"cg21164675_BC21",FALSE,TRUE
"cg17120900_TC21",FALSE,TRUE
"cg08455926_BC21",FALSE,TRUE
"cg10043665_TC21",FALSE,TRUE
"cg03655752_BC21",FALSE,TRUE
"cg24570732_BC21",FALSE,TRUE
"cg20679767_TC21",FALSE,TRUE
"cg06961771_BC21",FALSE,TRUE
"cg06896984_TC21",FALSE,TRUE
"cg06661734_TC21",FALSE,TRUE
"cg01459650_TC21",FALSE,TRUE
"cg05011988_TC21",FALSE,TRUE
"cg25204200_TC21",FALSE,TRUE
"cg09368302_TC21",FALSE,TRUE
"cg18296770_TC21",FALSE,TRUE
"cg15306362_TC21",FALSE,TRUE
"cg24824483_BC21",FALSE,TRUE
"cg17609073_TC21",FALSE,TRUE
"cg03407412_BC21",FALSE,TRUE
"cg02706982_TC21",FALSE,TRUE
"cg13830353_BC21",FALSE,TRUE
"cg02994670_TC21",FALSE,TRUE
"cg13734962_TC21",FALSE,TRUE
"cg17511575_BC21",FALSE,TRUE
"cg09193766_TC21",FALSE,TRUE
"cg04525998_TC21",FALSE,TRUE
"cg18288337_BC21",FALSE,TRUE
"cg14258769_BC21",FALSE,TRUE
"cg21669640_BC21",FALSE,TRUE
"cg08425900_BC21",FALSE,TRUE
"cg26003764_TC21",FALSE,TRUE
"cg08854652_BC21",FALSE,TRUE
"cg20801163_TC21",FALSE,TRUE
"cg05784329_TC21",FALSE,TRUE
"cg02810193_TC21",FALSE,TRUE
"cg11767197_BC21",FALSE,TRUE
"cg04845892_TC21",FALSE,TRUE
"cg15503220_BC21",FALSE,TRUE
"cg02529459_TC21",FALSE,TRUE
"cg23827421_TC21",FALSE,TRUE
"cg24383674_BC21",FALSE,TRUE
"cg04103291_BC21",FALSE,TRUE
"cg05145257_BC21",FALSE,TRUE
"cg05535138_TC21",FALSE,TRUE
"cg15847240_TC21",FALSE,TRUE
"cg03187573_TC21",FALSE,TRUE
"cg24024752_BC21",FALSE,TRUE
"cg22073636_BC21",FALSE,TRUE
"cg22538115_TC21",FALSE,TRUE
"cg17156998_TC21",FALSE,TRUE
"cg17373109_TC21",FALSE,TRUE
"cg10115032_BC21",FALSE,TRUE
"cg02800643_BC21",FALSE,TRUE
"cg27015201_TC21",FALSE,TRUE
"cg15392097_BC21",FALSE,TRUE
"cg09553379_TC21",FALSE,TRUE
"cg08155508_BC21",FALSE,TRUE
"cg18813233_BC21",FALSE,TRUE
"cg17872979_BC21",FALSE,TRUE
"cg09437835_BC21",FALSE,TRUE
"cg26100244_BC21",FALSE,TRUE
"cg09974109_BC21",FALSE,TRUE
"cg01625382_TC21",FALSE,TRUE
"cg10850260_BC21",FALSE,TRUE
"cg18852604_BC21",FALSE,TRUE
"cg20675401_BC21",FALSE,TRUE
"cg15422451_BC21",FALSE,TRUE
"cg21185075_BC21",FALSE,TRUE
"cg09922662_TC21",FALSE,TRUE
"cg17394186_TC21",FALSE,TRUE
"cg01804757_TC21",FALSE,TRUE
"cg25893414_TC21",FALSE,TRUE
"cg05487150_BC21",FALSE,TRUE
"cg26667897_BC21",FALSE,TRUE
"cg02726441_BC21",FALSE,TRUE
"cg20667168_BC21",FALSE,TRUE
"cg03028183_BC21",FALSE,TRUE
"cg08843804_BC21",FALSE,TRUE
"cg02389855_TC21",FALSE,TRUE
"cg15972864_TC21",FALSE,TRUE
"cg18631379_TC21",FALSE,TRUE
"cg16878400_BC21",FALSE,TRUE
"cg10796105_BC21",FALSE,TRUE
"cg18936642_BC21",FALSE,TRUE
"cg26445605_TC21",FALSE,TRUE
"cg08435246_BC21",FALSE,TRUE
"cg17345060_TC21",FALSE,TRUE
"cg06681766_TC21",FALSE,TRUE
"cg11437178_TC21",FALSE,TRUE
"cg05781864_BC21",FALSE,TRUE
"cg20852554_TC21",FALSE,TRUE
"cg23325355_TC21",FALSE,TRUE
"cg12744979_BC21",FALSE,TRUE
"cg10922215_BC21",FALSE,TRUE
"cg09916763_TC21",FALSE,TRUE
"cg17765633_TC21",FALSE,TRUE
"cg04164534_BC21",FALSE,TRUE
"cg17324462_BC21",FALSE,TRUE
"cg04574083_TC21",FALSE,TRUE
"cg26605302_BC21",FALSE,TRUE
"cg22786154_BC21",FALSE,TRUE
"cg05949342_TC21",FALSE,TRUE
"cg25479340_TC21",FALSE,TRUE
"cg22737448_TC21",FALSE,TRUE
"cg20860425_TC21",FALSE,TRUE
"cg13931840_TC21",FALSE,TRUE
"cg08686361_BC21",FALSE,TRUE
"cg23490698_TC21",FALSE,TRUE
"cg26830541_BC21",FALSE,TRUE
"cg07856006_TC21",FALSE,TRUE
"cg00201945_TC21",FALSE,TRUE
"cg04507598_BC21",FALSE,TRUE
"cg10085053_TC21",FALSE,TRUE
"cg10966181_BC21",FALSE,TRUE
"cg11764735_BC21",FALSE,TRUE
"cg02757705_BC21",FALSE,TRUE
"cg16977514_TC21",FALSE,TRUE
"cg25236500_TC21",FALSE,TRUE
"cg24554346_BC21",FALSE,TRUE
"cg05911461_TC21",FALSE,TRUE
"cg12973806_TC21",FALSE,TRUE
"cg03899213_BC21",FALSE,TRUE
"cg02187176_TC21",FALSE,TRUE
"cg13721767_BC21",FALSE,TRUE
"cg19969166_TC21",FALSE,TRUE
"cg07090069_TC21",FALSE,TRUE
"cg11865393_BC21",FALSE,TRUE
"cg00814567_TC21",FALSE,TRUE
"cg26782105_BC21",FALSE,TRUE
"cg16663429_BC21",FALSE,TRUE
"cg12248073_TC21",FALSE,TRUE
"cg07585558_TC21",FALSE,TRUE
"cg19740984_BC21",FALSE,TRUE
"cg27364659_BC21",FALSE,TRUE
"cg18659719_BC21",FALSE,TRUE
"cg22427411_BC21",FALSE,TRUE
"cg17933047_TC21",FALSE,TRUE
"cg22282428_BC21",FALSE,TRUE
"cg18588461_BC21",FALSE,TRUE
"cg07005363_BC21",FALSE,TRUE
"cg12552770_BC21",FALSE,TRUE
"cg21869865_TC21",FALSE,TRUE
"cg00802614_BC21",FALSE,TRUE
"cg11669023_TC21",FALSE,TRUE
"cg00342233_BC21",FALSE,TRUE
"cg06758926_TC21",FALSE,TRUE
"cg26999807_BC21",FALSE,TRUE
"cg03555477_BC21",FALSE,TRUE
"cg18586669_TC21",FALSE,TRUE
"cg18462549_TC21",FALSE,TRUE
"cg10051543_BC21",FALSE,TRUE
"cg10344373_TC21",FALSE,TRUE
"cg20818873_TC21",FALSE,TRUE
"cg11246349_BC21",FALSE,TRUE
"cg24958368_BC21",FALSE,TRUE
"cg22188451_BC21",FALSE,TRUE
"cg11273618_BC21",FALSE,TRUE
"cg21099839_TC21",FALSE,TRUE
"cg26962725_TC21",FALSE,TRUE
"cg24598635_BC21",FALSE,TRUE
"cg01328499_BC21",FALSE,TRUE
"cg27574608_TC21",FALSE,TRUE
"cg06733776_BC21",FALSE,TRUE
"cg08251925_BC21",FALSE,TRUE
"cg20140865_BC21",FALSE,TRUE
"cg04584923_TC21",FALSE,TRUE
"cg03514340_BC21",FALSE,TRUE
"cg21277945_BC21",FALSE,TRUE
"cg09354696_TC21",FALSE,TRUE
"cg08799790_BC21",FALSE,TRUE
"cg08051701_TC21",FALSE,TRUE
"cg02944864_BC21",FALSE,TRUE
"cg04543823_TC21",FALSE,TRUE
"cg19753871_TC21",FALSE,TRUE
"cg08894632_BC21",FALSE,TRUE
"cg06446551_BC21",FALSE,TRUE
"cg13207183_TC21",FALSE,TRUE
"cg25533845_BC21",FALSE,TRUE
"cg04006871_BC21",FALSE,TRUE
"cg17796534_BC21",FALSE,TRUE
"cg17764057_BC21",FALSE,TRUE
"cg19308363_BC21",FALSE,TRUE
"cg15806890_BC21",FALSE,TRUE
"cg03050102_TC21",FALSE,TRUE
"cg13773306_BC21",FALSE,TRUE
"cg14195856_TC21",FALSE,TRUE
"cg14510058_BC21",FALSE,TRUE
"cg14752911_TC21",FALSE,TRUE
"cg20468026_TC21",FALSE,TRUE
"cg21330326_BC21",FALSE,TRUE
"cg24413819_BC21",FALSE,TRUE
"cg22544032_TC21",FALSE,TRUE
"cg20355924_TC21",FALSE,TRUE
"cg16131342_TC21",FALSE,TRUE
"cg23251286_BC21",FALSE,TRUE
"cg22121705_BC21",FALSE,TRUE
"cg06270423_TC21",FALSE,TRUE
"cg02071806_BC21",FALSE,TRUE
"cg12992181_TC21",FALSE,TRUE
"cg19405931_TC21",FALSE,TRUE
"cg09723679_BC21",FALSE,TRUE
"cg11689406_BC21",FALSE,TRUE
"cg10694320_BC21",FALSE,TRUE
"cg20527714_BC21",FALSE,TRUE
"cg08822537_TC21",FALSE,TRUE
"cg08310349_TC21",FALSE,TRUE
"cg00023304_BC21",FALSE,TRUE
"cg00462688_TC21",FALSE,TRUE
"cg23570776_BC21",FALSE,TRUE
"cg03348188_BC21",FALSE,TRUE
"cg09160515_BC21",FALSE,TRUE
"cg03143937_TC21",FALSE,TRUE
"cg04458195_TC21",FALSE,TRUE
"cg08268813_TC21",FALSE,TRUE
"cg22983429_BC21",FALSE,TRUE
"cg00006472_TC21",FALSE,TRUE
"cg00855102_TC21",FALSE,TRUE
"cg25990773_BC21",FALSE,TRUE
"cg09918671_BC21",FALSE,TRUE
"cg15339218_BC21",FALSE,TRUE
"cg03870719_BC21",FALSE,TRUE
"cg00532778_TC21",FALSE,TRUE
"cg15344339_BC21",FALSE,TRUE
"cg14651891_BC21",FALSE,TRUE
"cg02516943_BC21",FALSE,TRUE
"cg09279930_BC21",FALSE,TRUE
"cg07128156_TC21",FALSE,TRUE
"cg20184856_TC21",FALSE,TRUE
"cg13062167_BC21",FALSE,TRUE
"cg17913709_BC21",FALSE,TRUE
"cg00100549_TC21",FALSE,TRUE
"cg22186155_BC21",FALSE,TRUE
"cg22563010_BC21",FALSE,TRUE
"cg22771303_TC21",FALSE,TRUE
"cg02593331_BC21",FALSE,TRUE
"cg10457472_TC21",FALSE,TRUE
"cg04413138_BC21",FALSE,TRUE
"cg14450595_BC21",FALSE,TRUE
"cg06309707_TC21",FALSE,TRUE
"cg06413426_BC21",FALSE,TRUE
"cg05668676_BC21",FALSE,TRUE
"cg01867561_BC21",FALSE,TRUE
"cg02568347_BC21",FALSE,TRUE
"cg26331689_BC21",FALSE,TRUE
"cg22954460_BC21",FALSE,TRUE
"cg10905987_TC21",FALSE,TRUE
"cg04085423_TC21",FALSE,TRUE
"cg01651870_TC21",FALSE,TRUE
"cg05915447_BC21",FALSE,TRUE
"cg15473990_TC21",FALSE,TRUE
"cg06079148_TC21",FALSE,TRUE
"cg01193223_BC21",FALSE,TRUE
"cg06965610_BC21",FALSE,TRUE
"cg11326787_BC21",FALSE,TRUE
"cg14727165_TC21",FALSE,TRUE
"cg02630107_BC21",FALSE,TRUE
"cg20597640_BC21",FALSE,TRUE
"cg04562821_BC21",FALSE,TRUE
"cg11525286_TC21",FALSE,TRUE
"cg12071743_TC21",FALSE,TRUE
"cg20608322_TC21",FALSE,TRUE
"cg05509390_TC21",FALSE,TRUE
"cg25474798_BC21",FALSE,TRUE
"cg06552257_BC21",FALSE,TRUE
"cg22335653_TC21",FALSE,TRUE
"cg21480698_BC21",FALSE,TRUE
"cg19477642_TC21",FALSE,TRUE
"cg23927415_BC21",FALSE,TRUE
"cg23039549_BC21",FALSE,TRUE
"cg13607324_TC21",FALSE,TRUE
"cg17021894_BC21",FALSE,TRUE
"cg22433256_TC21",FALSE,TRUE
"cg11293869_TC21",FALSE,TRUE
"cg01504391_TC21",FALSE,TRUE
"cg20127868_BC21",FALSE,TRUE
"cg26822321_TC21",FALSE,TRUE
"cg10963817_BC21",FALSE,TRUE
"cg01584174_BC21",FALSE,TRUE
"cg08422062_TC21",FALSE,TRUE
"cg08244785_BC21",FALSE,TRUE
"cg05133745_TC21",FALSE,TRUE
"cg08956712_TC21",FALSE,TRUE
"cg01283976_BC21",FALSE,TRUE
"cg00472246_BC21",FALSE,TRUE
"cg03016981_TC21",FALSE,TRUE
"cg02310529_BC21",FALSE,TRUE
"cg06387865_TC21",FALSE,TRUE
"cg13191285_BC21",FALSE,TRUE
"cg21872428_TC21",FALSE,TRUE
"cg23368410_TC21",FALSE,TRUE
"cg05857085_BC21",FALSE,TRUE
"cg14128346_TC21",FALSE,TRUE
"cg08045426_BC21",FALSE,TRUE
"cg11820113_BC21",FALSE,TRUE
"cg26780908_BC21",FALSE,TRUE
"cg06177557_TC21",FALSE,TRUE
"cg15860633_BC21",FALSE,TRUE
"cg02366400_BC21",FALSE,TRUE
"cg21731721_BC21",FALSE,TRUE
"cg15278412_BC21",FALSE,TRUE
"cg17319307_BC21",FALSE,TRUE
"cg15129071_BC21",FALSE,TRUE
"cg08752227_BC21",FALSE,TRUE
"cg11680444_BC21",FALSE,TRUE
"cg11529247_BC21",FALSE,TRUE
"cg11508872_BC21",FALSE,TRUE
"cg13564524_BC21",FALSE,TRUE
"cg03932584_TC21",FALSE,TRUE
"cg07546666_BC21",FALSE,TRUE
"cg07262554_TC21",FALSE,TRUE
"cg21061185_BC21",FALSE,TRUE
"cg00185865_BC21",FALSE,TRUE
"cg10097744_TC21",FALSE,TRUE
"cg03779702_TC21",FALSE,TRUE
"cg01077080_BC21",FALSE,TRUE
"cg18045540_TC21",FALSE,TRUE
"cg17591000_BC21",FALSE,TRUE
"cg14346075_TC21",FALSE,TRUE
"cg09369406_TC21",FALSE,TRUE
"cg24022394_TC21",FALSE,TRUE
"cg27141899_TC21",FALSE,TRUE
"cg26958595_TC21",FALSE,TRUE
"cg19172309_TC21",FALSE,TRUE
"cg03136176_TC21",FALSE,TRUE
"cg06750970_BC21",FALSE,TRUE
"cg05742724_BC21",FALSE,TRUE
"cg04850330_BC21",FALSE,TRUE
"cg08413370_TC21",FALSE,TRUE
"cg27195305_BC21",FALSE,TRUE
"cg25913618_TC21",FALSE,TRUE
"cg07249878_TC21",FALSE,TRUE
"cg19543552_TC21",FALSE,TRUE
"cg26727710_TC21",FALSE,TRUE
"cg15482884_TC21",FALSE,TRUE
"cg27104758_TC21",FALSE,TRUE
"cg14924122_BC21",FALSE,TRUE
"cg04721202_TC21",FALSE,TRUE
"cg13334800_BC21",FALSE,TRUE
"cg18112451_BC21",FALSE,TRUE
"cg08056266_TC21",FALSE,TRUE
"cg24059708_TC21",FALSE,TRUE
"cg22015108_TC21",FALSE,TRUE
"cg23078254_TC21",FALSE,TRUE
"cg05088331_BC21",FALSE,TRUE
"cg23443066_TC21",FALSE,TRUE
"cg25193278_TC21",FALSE,TRUE
"cg24783286_BC21",FALSE,TRUE
"cg08625773_TC21",FALSE,TRUE
"cg16004350_BC21",FALSE,TRUE
"cg27119781_TC21",FALSE,TRUE
"cg19293650_TC21",FALSE,TRUE
"cg18226599_TC21",FALSE,TRUE
"cg03469660_BC21",FALSE,TRUE
"cg15688828_TC21",FALSE,TRUE
"cg02417082_TC21",FALSE,TRUE
"cg06439884_BC21",FALSE,TRUE
"cg17332721_TC21",FALSE,TRUE
"cg00803762_BC21",FALSE,TRUE
"cg08108680_BC21",FALSE,TRUE
"cg00075402_TC21",FALSE,TRUE
"cg12453721_TC21",FALSE,TRUE
"cg17356173_BC21",FALSE,TRUE
"cg24097024_TC21",FALSE,TRUE
"cg24916400_TC21",FALSE,TRUE
"cg07768807_BC21",FALSE,TRUE
"cg22653982_TC21",FALSE,TRUE
"cg20678165_BC21",FALSE,TRUE
"cg16218561_BC21",FALSE,TRUE
"cg18690389_BC21",FALSE,TRUE
"cg16109455_BC21",FALSE,TRUE
"cg08753678_BC21",FALSE,TRUE
"cg14948173_TC21",FALSE,TRUE
"cg07311379_BC21",FALSE,TRUE
"cg09999381_TC21",FALSE,TRUE
"cg15579748_BC21",FALSE,TRUE
"cg13676049_TC21",FALSE,TRUE
"cg14792079_BC21",FALSE,TRUE
"cg16512842_BC21",FALSE,TRUE
"cg18303864_TC21",FALSE,TRUE
"cg22864452_TC21",FALSE,TRUE
"cg17682952_TC21",FALSE,TRUE
"cg17622905_BC21",FALSE,TRUE
"cg08682260_TC21",FALSE,TRUE
"cg07356135_TC21",FALSE,TRUE
"cg07683029_TC21",FALSE,TRUE
"cg13543189_BC21",FALSE,TRUE
"cg05956776_BC21",FALSE,TRUE
"cg02619264_BC21",FALSE,TRUE
"cg05565979_BC21",FALSE,TRUE
"cg17602409_TC21",FALSE,TRUE
"cg00564612_BC21",FALSE,TRUE
"cg11845940_TC21",FALSE,TRUE
"cg24055896_BC21",FALSE,TRUE
"cg03392090_TC21",FALSE,TRUE
"cg16806205_TC21",FALSE,TRUE
"cg14067588_TC21",FALSE,TRUE
"cg02722957_TC21",FALSE,TRUE
"cg19723926_BC21",FALSE,TRUE
"cg10922442_TC21",FALSE,TRUE
"cg02890820_BC21",FALSE,TRUE
"cg04830012_BC21",FALSE,TRUE
"cg16705172_BC21",FALSE,TRUE
"cg07612974_BC21",FALSE,TRUE
"cg26683508_TC21",FALSE,TRUE
"cg06880988_BC21",FALSE,TRUE
"cg13067055_BC21",FALSE,TRUE
"cg17029177_BC21",FALSE,TRUE
"cg04644921_BC21",FALSE,TRUE
"cg04352391_BC21",FALSE,TRUE
"cg19859056_TC21",FALSE,TRUE
"cg01202019_TC21",FALSE,TRUE
"cg19440707_TC21",FALSE,TRUE
"cg12078522_BC21",FALSE,TRUE
"cg22253175_BC21",FALSE,TRUE
"cg04623486_BC21",FALSE,TRUE
"cg05569729_TC21",FALSE,TRUE
"cg27365261_BC21",FALSE,TRUE
"cg21803112_TC21",FALSE,TRUE
"cg20753394_BC21",FALSE,TRUE
"cg25563309_BC21",FALSE,TRUE
"cg09456894_BC21",FALSE,TRUE
"cg15561668_TC21",FALSE,TRUE
"cg17691838_TC21",FALSE,TRUE
"cg04883202_TC21",FALSE,TRUE
"cg21099361_TC21",FALSE,TRUE
"cg11440294_BC21",FALSE,TRUE
"cg26824782_BC21",FALSE,TRUE
"cg14564216_BC21",FALSE,TRUE
"cg01430844_TC21",FALSE,TRUE
"cg24276541_BC21",FALSE,TRUE
"cg17457776_BC21",FALSE,TRUE
"cg06911258_TC21",FALSE,TRUE
"cg15401578_TC21",FALSE,TRUE
"cg17762896_BC21",FALSE,TRUE
"cg07144113_TC21",FALSE,TRUE
"cg20254265_TC21",FALSE,TRUE
"cg14326937_BC21",FALSE,TRUE
"cg19693801_BC21",FALSE,TRUE
"cg22082879_TC21",FALSE,TRUE
"cg06789802_TC21",FALSE,TRUE
"cg26704522_BC21",FALSE,TRUE
"cg23619970_BC21",FALSE,TRUE
"cg22144766_BC21",FALSE,TRUE
"cg26557993_TC21",FALSE,TRUE
"cg07473103_BC21",FALSE,TRUE
"cg24240501_TC21",FALSE,TRUE
"cg15748240_TC21",FALSE,TRUE
"cg06060681_BC21",FALSE,TRUE
"cg19601309_BC21",FALSE,TRUE
"cg09247361_BC21",FALSE,TRUE
"cg14040808_BC21",FALSE,TRUE
"cg10139439_TC21",FALSE,TRUE
"cg05667019_BC21",FALSE,TRUE
"cg14795609_BC21",FALSE,TRUE
"cg00056325_TC21",FALSE,TRUE
"cg11523920_TC21",FALSE,TRUE
"cg11756599_TC21",FALSE,TRUE
"cg20443758_TC21",FALSE,TRUE
"cg22874918_TC21",FALSE,TRUE
"cg22687685_BC21",FALSE,TRUE
"cg07439053_BC21",FALSE,TRUE
"cg11073097_BC21",FALSE,TRUE
"cg14111048_BC21",FALSE,TRUE
"cg17513708_BC21",FALSE,TRUE
"cg12499416_BC21",FALSE,TRUE
"cg16661415_TC21",FALSE,TRUE
"cg02127692_BC21",FALSE,TRUE
"cg02065036_TC21",FALSE,TRUE
"cg24886558_BC21",FALSE,TRUE
"cg00013952_BC21",FALSE,TRUE
"cg02074501_BC21",FALSE,TRUE
"cg01204646_BC21",FALSE,TRUE
"cg15162316_BC21",FALSE,TRUE
"cg01732826_BC21",FALSE,TRUE
"cg19954363_TC21",FALSE,TRUE
"cg06039609_TC21",FALSE,TRUE
"cg02038641_BC21",FALSE,TRUE
"cg16599590_BC21",FALSE,TRUE
"cg08810410_BC21",FALSE,TRUE
"cg17626965_BC21",FALSE,TRUE
"cg21032136_BC21",FALSE,TRUE
"cg26294236_TC21",FALSE,TRUE
"cg13305245_BC21",FALSE,TRUE
"cg16649049_TC21",FALSE,TRUE
"cg23674806_TC21",FALSE,TRUE
"cg18417313_BC21",FALSE,TRUE
"cg24051915_TC21",FALSE,TRUE
"cg02725420_TC21",FALSE,TRUE
"cg00083721_TC21",FALSE,TRUE
"cg07066652_BC21",FALSE,TRUE
"cg04071089_BC21",FALSE,TRUE
"cg03577779_TC21",FALSE,TRUE
"cg27183027_BC21",FALSE,TRUE
"cg08288033_BC21",FALSE,TRUE
"cg11404126_TC21",FALSE,TRUE
"cg11314141_BC21",FALSE,TRUE
"cg18108865_BC21",FALSE,TRUE
"cg26621817_TC21",FALSE,TRUE
"cg07064231_BC21",FALSE,TRUE
"cg12653748_TC21",FALSE,TRUE
"cg22195209_BC21",FALSE,TRUE
"cg11916322_BC21",FALSE,TRUE
"cg22589073_BC21",FALSE,TRUE
"cg19751670_BC21",FALSE,TRUE
"cg21385707_TC21",FALSE,TRUE
"cg16237063_TC21",FALSE,TRUE
"cg05893251_TC21",FALSE,TRUE
"cg11562813_BC21",FALSE,TRUE
"cg07878774_BC21",FALSE,TRUE
"cg21408445_TC21",FALSE,TRUE
"cg19726803_TC21",FALSE,TRUE
"cg02831700_BC21",FALSE,TRUE
"cg16727297_BC21",FALSE,TRUE
"cg25140869_BC21",FALSE,TRUE
"cg24019631_BC21",FALSE,TRUE
"cg05549853_BC21",FALSE,TRUE
"cg19805434_BC21",FALSE,TRUE
"cg01827688_BC21",FALSE,TRUE
"cg02441622_BC21",FALSE,TRUE
"cg25474956_TC21",FALSE,TRUE
"cg01608680_BC21",FALSE,TRUE
"cg03038615_BC21",FALSE,TRUE
"cg01131208_TC21",FALSE,TRUE
"cg15967253_BC21",FALSE,TRUE
"cg03393625_TC21",FALSE,TRUE
"cg14063159_BC21",FALSE,TRUE
"cg02215038_TC21",FALSE,TRUE
"cg19580166_BC21",FALSE,TRUE
"cg12995557_BC21",FALSE,TRUE
"cg20229848_BC21",FALSE,TRUE
"cg21669025_BC21",FALSE,TRUE
"cg24339010_BC21",FALSE,TRUE
"cg26008314_TC21",FALSE,TRUE
"cg04907252_BC21",FALSE,TRUE
"cg12796933_BC21",FALSE,TRUE
"cg11400320_TC21",FALSE,TRUE
"cg11523910_BC21",FALSE,TRUE
"cg08942734_BC21",FALSE,TRUE
"cg17810516_TC21",FALSE,TRUE
"cg11168915_TC21",FALSE,TRUE
"cg22129188_TC21",FALSE,TRUE
"cg03974850_TC21",FALSE,TRUE
"cg10493317_TC21",FALSE,TRUE
"cg20385248_BC21",FALSE,TRUE
"cg06617514_TC21",FALSE,TRUE
"cg00879303_BC21",FALSE,TRUE
"cg12177222_BC21",FALSE,TRUE
"cg19725374_BC21",FALSE,TRUE
"cg25112500_BC21",FALSE,TRUE
"cg21702557_TC21",FALSE,TRUE
"cg15625392_TC21",FALSE,TRUE
"cg14858446_TC21",FALSE,TRUE
"cg25046129_BC21",FALSE,TRUE
"cg19212497_BC21",FALSE,TRUE
"cg18110266_TC21",FALSE,TRUE
"cg14872929_BC21",FALSE,TRUE
"cg06654711_BC21",FALSE,TRUE
"cg15874770_TC21",FALSE,TRUE
"cg14214233_TC21",FALSE,TRUE
"cg02065557_BC21",FALSE,TRUE
"cg01183517_TC21",FALSE,TRUE
"cg05620809_TC21",FALSE,TRUE
"cg05277831_BC21",FALSE,TRUE
"cg07097735_BC21",FALSE,TRUE
"cg23116707_BC21",FALSE,TRUE
"cg27427295_BC21",FALSE,TRUE
"cg23604104_TC21",FALSE,TRUE
"cg22406941_TC21",FALSE,TRUE
"cg00322133_TC21",FALSE,TRUE
"cg07995225_TC21",FALSE,TRUE
"cg03097501_TC21",FALSE,TRUE
"cg23980651_BC21",FALSE,TRUE
"cg22584305_TC21",FALSE,TRUE
"cg24635402_BC21",FALSE,TRUE
"cg24367474_BC21",FALSE,TRUE
"cg03712980_TC21",FALSE,TRUE
"cg23348107_BC21",FALSE,TRUE
"cg10547229_BC21",FALSE,TRUE
"cg21029705_TC21",FALSE,TRUE
"cg08178465_BC21",FALSE,TRUE
"cg09041487_TC21",FALSE,TRUE
"cg24997941_BC21",FALSE,TRUE
"cg22247531_BC21",FALSE,TRUE
"cg14581630_TC21",FALSE,TRUE
"cg17371709_BC21",FALSE,TRUE
"cg04994195_BC21",FALSE,TRUE
"cg18602848_TC21",FALSE,TRUE
"cg19451011_BC21",FALSE,TRUE
"cg16637554_BC21",FALSE,TRUE
"cg11505805_BC21",FALSE,TRUE
"cg24306670_TC21",FALSE,TRUE
"cg23172487_BC21",FALSE,TRUE
"cg06469673_TC21",FALSE,TRUE
"cg15324463_TC21",FALSE,TRUE
"cg15460512_TC21",FALSE,TRUE
"cg20886194_TC21",FALSE,TRUE
"cg07274511_BC21",FALSE,TRUE
"cg20714478_TC21",FALSE,TRUE
"cg18344168_BC21",FALSE,TRUE
"cg12376361_BC21",FALSE,TRUE
"cg19327976_BC21",FALSE,TRUE
"cg09711372_TC21",FALSE,TRUE
"cg07859596_TC21",FALSE,TRUE
"cg11803744_BC21",FALSE,TRUE
"cg01560382_BC21",FALSE,TRUE
"cg01247301_TC21",FALSE,TRUE
"cg02791613_BC21",FALSE,TRUE
"cg21809579_BC21",FALSE,TRUE
"cg15249642_TC21",FALSE,TRUE
"cg22539900_BC21",FALSE,TRUE
"cg25361710_BC21",FALSE,TRUE
"cg12888725_BC21",FALSE,TRUE
"cg19820557_TC21",FALSE,TRUE
"cg21257090_BC21",FALSE,TRUE
"cg10957370_BC21",FALSE,TRUE
"cg16475306_BC21",FALSE,TRUE
"cg15908236_TC21",FALSE,TRUE
"cg01961683_TC21",FALSE,TRUE
"cg10106973_TC21",FALSE,TRUE
"cg06631297_BC21",FALSE,TRUE
"cg26385913_TC21",FALSE,TRUE
"cg02333075_TC21",FALSE,TRUE
"cg00387287_TC21",FALSE,TRUE
"cg26930269_BC21",FALSE,TRUE
"cg05074873_BC21",FALSE,TRUE
"cg10368589_TC21",FALSE,TRUE
"cg24374260_TC21",FALSE,TRUE
"cg02236094_TC21",FALSE,TRUE
"cg10418123_BC21",FALSE,TRUE
"cg23183057_TC21",FALSE,TRUE
"cg01974730_TC21",FALSE,TRUE
"cg04050382_TC21",FALSE,TRUE
"cg25116699_BC21",FALSE,TRUE
"cg25330599_BC21",FALSE,TRUE
"cg22951222_TC21",FALSE,TRUE
"cg07580555_BC21",FALSE,TRUE
"cg15626670_TC21",FALSE,TRUE
"cg08303791_TC21",FALSE,TRUE
"cg09918310_TC21",FALSE,TRUE
"cg20579118_TC21",FALSE,TRUE
"cg19232079_TC21",FALSE,TRUE
"cg27422885_BC21",FALSE,TRUE
"cg25662013_BC21",FALSE,TRUE
"cg22046508_BC21",FALSE,TRUE
"cg24138644_TC21",FALSE,TRUE
"cg25525813_TC21",FALSE,TRUE
"cg08696477_TC21",FALSE,TRUE
"cg08858684_TC21",FALSE,TRUE
"cg13980604_TC21",FALSE,TRUE
"cg01778358_TC21",FALSE,TRUE
"cg13258997_TC21",FALSE,TRUE
"cg03014111_TC21",FALSE,TRUE
"cg11417734_TC21",FALSE,TRUE
"cg07442889_BC21",FALSE,TRUE
"cg05187404_BC21",FALSE,TRUE
"cg27434591_BC21",FALSE,TRUE
"cg07722239_BC21",FALSE,TRUE
"cg09635123_TC21",FALSE,TRUE
"cg14875443_BC21",FALSE,TRUE
"cg26575164_TC21",FALSE,TRUE
"cg11481460_BC21",FALSE,TRUE
"cg05307536_BC21",FALSE,TRUE
"cg14285162_TC21",FALSE,TRUE
"cg24550641_BC21",FALSE,TRUE
"cg07464263_TC21",FALSE,TRUE
"cg05910055_TC21",FALSE,TRUE
"cg09370496_TC21",FALSE,TRUE
"cg16025186_BC21",FALSE,TRUE
"cg26594534_BC21",FALSE,TRUE
"cg19873149_TC21",FALSE,TRUE
"cg15041567_TC21",FALSE,TRUE
"cg14091105_TC21",FALSE,TRUE
"cg01279017_TC21",FALSE,TRUE
"cg26265441_BC21",FALSE,TRUE
"cg18251859_BC21",FALSE,TRUE
"cg01623243_TC21",FALSE,TRUE
"cg23168566_TC21",FALSE,TRUE
"cg14056118_TC21",FALSE,TRUE
"cg00439230_BC21",FALSE,TRUE
"cg17483949_BC21",FALSE,TRUE
"cg10592103_TC21",FALSE,TRUE
"cg26443133_BC21",FALSE,TRUE
"cg13679891_TC21",FALSE,TRUE
"cg09379151_BC21",FALSE,TRUE
"cg22487198_TC21",FALSE,TRUE
"cg20802511_BC21",FALSE,TRUE
"cg12714415_BC21",FALSE,TRUE
"cg02934649_BC21",FALSE,TRUE
"cg21737619_BC21",FALSE,TRUE
"cg14268784_BC21",FALSE,TRUE
"cg25642897_BC21",FALSE,TRUE
"cg22535327_TC21",FALSE,TRUE
"cg01430167_BC21",FALSE,TRUE
"cg21743479_BC21",FALSE,TRUE
"cg15585704_BC21",FALSE,TRUE
"cg25803813_TC21",FALSE,TRUE
"cg10527940_BC21",FALSE,TRUE
"cg15413934_BC21",FALSE,TRUE
"cg15707816_TC21",FALSE,TRUE
"cg11765456_TC21",FALSE,TRUE
"cg06309890_BC21",FALSE,TRUE
"cg18766029_BC21",FALSE,TRUE
"cg11028443_TC21",FALSE,TRUE
"cg06573530_TC21",FALSE,TRUE
"cg03201004_BC21",FALSE,TRUE
"cg24645532_BC21",FALSE,TRUE
"cg16085754_TC21",FALSE,TRUE
"cg06492756_TC21",FALSE,TRUE
"cg24204178_TC21",FALSE,TRUE
"cg25760551_BC21",FALSE,TRUE
"cg17950905_BC21",FALSE,TRUE
"cg06359892_BC21",FALSE,TRUE
"cg17697004_TC21",FALSE,TRUE
"cg24854764_TC21",FALSE,TRUE
"cg13065816_BC21",FALSE,TRUE
"cg19927926_BC21",FALSE,TRUE
"cg18645068_BC21",FALSE,TRUE
"cg10846457_TC21",FALSE,TRUE
"cg11598498_BC21",FALSE,TRUE
"cg26476915_TC21",FALSE,TRUE
"cg16901080_BC21",FALSE,TRUE
"cg14100869_BC21",FALSE,TRUE
"cg22217471_TC21",FALSE,TRUE
"cg25550220_BC21",FALSE,TRUE
"cg14403758_BC21",FALSE,TRUE
"cg16726519_TC21",FALSE,TRUE
"cg00552410_TC21",FALSE,TRUE
"cg03175849_BC21",FALSE,TRUE
"cg02280355_TC21",FALSE,TRUE
"cg23816620_BC21",FALSE,TRUE
"cg09499277_BC21",FALSE,TRUE
"cg08640844_TC21",FALSE,TRUE
"cg06282276_BC21",FALSE,TRUE
"cg18055987_BC21",FALSE,TRUE
"cg11390882_BC21",FALSE,TRUE
"cg03387958_TC21",FALSE,TRUE
"cg09363079_BC21",FALSE,TRUE
"cg07199231_BC21",FALSE,TRUE
"cg13818168_BC21",FALSE,TRUE
"cg03032164_BC21",FALSE,TRUE
"cg11540596_TC21",FALSE,TRUE
"cg19066897_TC21",FALSE,TRUE
"cg04024781_BC21",FALSE,TRUE
"cg02541826_TC21",FALSE,TRUE
"cg16448423_TC21",FALSE,TRUE
"cg08860879_BC21",FALSE,TRUE
"cg21687237_TC21",FALSE,TRUE
"cg06599983_TC21",FALSE,TRUE
"cg09509462_TC21",FALSE,TRUE
"cg08593031_BC21",FALSE,TRUE
"cg26670366_TC21",FALSE,TRUE
"cg18274765_BC21",FALSE,TRUE
"cg02294816_BC21",FALSE,TRUE
"cg16589472_TC21",FALSE,TRUE
"cg26142754_TC21",FALSE,TRUE
"cg19829276_BC21",FALSE,TRUE
"cg25163036_BC21",FALSE,TRUE
"cg07127468_TC21",FALSE,TRUE
"cg01017800_TC21",FALSE,TRUE
"cg22963801_TC21",FALSE,TRUE
"cg14362038_BC21",FALSE,TRUE
"cg09552281_TC21",FALSE,TRUE
"cg01058253_BC21",FALSE,TRUE
"cg10881322_TC21",FALSE,TRUE
"cg17723489_TC21",FALSE,TRUE
"cg01029182_TC21",FALSE,TRUE
"cg12421794_BC21",FALSE,TRUE
"cg06891243_BC21",FALSE,TRUE
"cg00152174_TC21",FALSE,TRUE
"cg18340250_TC21",FALSE,TRUE
"cg27152898_TC21",FALSE,TRUE
"cg03400397_BC21",FALSE,TRUE
"cg06753179_TC21",FALSE,TRUE
"cg22907030_TC21",FALSE,TRUE
"cg20431785_TC21",FALSE,TRUE
"cg07993420_BC21",FALSE,TRUE
"cg24640325_BC21",FALSE,TRUE
"cg10171169_TC21",FALSE,TRUE
"cg12254020_TC21",FALSE,TRUE
"cg17990422_BC21",FALSE,TRUE
"cg27181727_TC21",FALSE,TRUE
"cg08494494_BC21",FALSE,TRUE
"cg02618908_TC21",FALSE,TRUE
"cg13327278_TC21",FALSE,TRUE
"cg01412042_BC21",FALSE,TRUE
"cg16794609_BC21",FALSE,TRUE
"cg23546626_BC21",FALSE,TRUE
"cg11517848_TC21",FALSE,TRUE
"cg14863789_BC21",FALSE,TRUE
"cg01649224_TC21",FALSE,TRUE
"cg05504642_BC21",FALSE,TRUE
"cg23135533_TC21",FALSE,TRUE
"cg20216983_BC21",FALSE,TRUE
"cg15955909_TC21",FALSE,TRUE
"cg27644299_BC21",FALSE,TRUE
"cg00465079_BC21",FALSE,TRUE
"cg17418189_TC21",FALSE,TRUE
"cg09025601_BC21",FALSE,TRUE
"cg24603047_BC21",FALSE,TRUE
"cg20244401_TC21",FALSE,TRUE
"cg23891633_TC21",FALSE,TRUE
"cg27627737_TC21",FALSE,TRUE
"cg24943000_BC21",FALSE,TRUE
"cg26093579_TC21",FALSE,TRUE
"cg12595178_BC21",FALSE,TRUE
"cg17738101_BC21",FALSE,TRUE
"cg03610123_TC21",FALSE,TRUE
"cg03748119_TC21",FALSE,TRUE
"cg04588435_TC21",FALSE,TRUE
"cg11339031_BC21",FALSE,TRUE
"cg12665260_TC21",FALSE,TRUE
"cg09710391_BC21",FALSE,TRUE
"cg06863132_BC21",FALSE,TRUE
"cg20098883_BC21",FALSE,TRUE
"cg13894514_TC21",FALSE,TRUE
"cg21627980_TC21",FALSE,TRUE
"cg03770173_BC21",FALSE,TRUE
"cg16144616_BC21",FALSE,TRUE
"cg11227916_TC21",FALSE,TRUE
"cg23817866_TC21",FALSE,TRUE
"cg21125179_BC21",FALSE,TRUE
"cg08915454_TC21",FALSE,TRUE
"cg14139735_TC21",FALSE,TRUE
"cg25342213_BC21",FALSE,TRUE
"cg07007636_BC21",FALSE,TRUE
"cg18677021_BC21",FALSE,TRUE
"cg26863406_BC21",FALSE,TRUE
"cg12585342_BC21",FALSE,TRUE
"cg15224190_BC21",FALSE,TRUE
"cg14333588_TC21",FALSE,TRUE
"cg02446525_BC21",FALSE,TRUE
"cg08502017_BC21",FALSE,TRUE
"cg25349564_BC21",FALSE,TRUE
"cg02018657_BC21",FALSE,TRUE
"cg01849603_BC21",FALSE,TRUE
"cg23422152_TC21",FALSE,TRUE
"cg02076634_TC21",FALSE,TRUE
"cg13885150_TC21",FALSE,TRUE
"cg22121680_BC21",FALSE,TRUE
"cg24898877_BC21",FALSE,TRUE
"cg20198512_BC21",FALSE,TRUE
"cg23186252_BC21",FALSE,TRUE
"cg02845228_TC21",FALSE,TRUE
"cg15760630_TC21",FALSE,TRUE
"cg12604575_TC21",FALSE,TRUE
"cg26928647_TC21",FALSE,TRUE
"cg08452699_TC21",FALSE,TRUE
"cg11747132_TC21",FALSE,TRUE
"cg03764484_TC21",FALSE,TRUE
"cg16533627_TC21",FALSE,TRUE
"cg04488207_BC21",FALSE,TRUE
"cg03583084_TC21",FALSE,TRUE
"cg15788042_TC21",FALSE,TRUE
"cg15650568_TC21",FALSE,TRUE
"cg22778624_TC21",FALSE,TRUE
"cg26356865_BC21",FALSE,TRUE
"cg20965748_TC21",FALSE,TRUE
"cg14739591_BC21",FALSE,TRUE
"cg04514910_BC21",FALSE,TRUE
"cg11036904_TC21",FALSE,TRUE
"cg16185742_BC21",FALSE,TRUE
"cg09049079_TC21",FALSE,TRUE
"cg14090587_BC21",FALSE,TRUE
"cg20977853_TC21",FALSE,TRUE
"cg04605625_BC21",FALSE,TRUE
"cg15208342_BC21",FALSE,TRUE
"cg03701951_BC21",FALSE,TRUE
"cg27224192_TC21",FALSE,TRUE
"cg19140954_TC21",FALSE,TRUE
"cg21719469_BC21",FALSE,TRUE
"cg18519644_BC21",FALSE,TRUE
"cg12914972_TC21",FALSE,TRUE
"cg09752514_TC21",FALSE,TRUE
"cg17012626_BC21",FALSE,TRUE
"cg16611800_BC21",FALSE,TRUE
"cg18183469_TC21",FALSE,TRUE
"cg22739849_TC21",FALSE,TRUE
"cg14818609_TC21",FALSE,TRUE
"cg07551216_TC21",FALSE,TRUE
"cg23969389_TC21",FALSE,TRUE
"cg05943135_BC21",FALSE,TRUE
"cg26111285_BC21",FALSE,TRUE
"cg06225799_BC21",FALSE,TRUE
"cg16691313_TC21",FALSE,TRUE
"cg01780191_BC21",FALSE,TRUE
"cg05846741_TC21",FALSE,TRUE
"cg14420062_BC21",FALSE,TRUE
"cg17173542_TC21",FALSE,TRUE
"cg05263725_BC21",FALSE,TRUE
"cg15587640_BC21",FALSE,TRUE
"cg18563713_BC21",FALSE,TRUE
"cg02160773_BC21",FALSE,TRUE
"cg17743850_BC21",FALSE,TRUE
"cg03696277_BC21",FALSE,TRUE
"cg26310603_BC21",FALSE,TRUE
"cg08618857_BC21",FALSE,TRUE
"cg14298224_BC21",FALSE,TRUE
"cg22090544_TC21",FALSE,TRUE
"cg04359621_BC21",FALSE,TRUE
"cg00164586_TC21",FALSE,TRUE
"cg01320533_TC21",FALSE,TRUE
"cg21455929_BC21",FALSE,TRUE
"cg26625406_TC21",FALSE,TRUE
"cg09497208_TC21",FALSE,TRUE
"cg01020363_BC21",FALSE,TRUE
"cg10254948_TC21",FALSE,TRUE
"cg06265999_TC21",FALSE,TRUE
"cg03208982_BC21",FALSE,TRUE
"cg01883043_TC21",FALSE,TRUE
"cg07494821_TC21",FALSE,TRUE
"cg20633995_TC21",FALSE,TRUE
"cg13927568_BC21",FALSE,TRUE
"cg08055129_TC21",FALSE,TRUE
"cg10192185_TC21",FALSE,TRUE
"cg18616505_BC21",FALSE,TRUE
"cg20753702_BC21",FALSE,TRUE
"cg02693432_TC21",FALSE,TRUE
"cg17740850_TC21",FALSE,TRUE
"cg26279897_TC21",FALSE,TRUE
"cg13280779_TC21",FALSE,TRUE
"cg12823387_TC21",FALSE,TRUE
"cg18477299_TC21",FALSE,TRUE
"cg04487907_BC21",FALSE,TRUE
"cg10976293_BC21",FALSE,TRUE
"cg23311137_TC21",FALSE,TRUE
"cg19188779_BC21",FALSE,TRUE
"cg01316648_BC21",FALSE,TRUE
"cg03374975_BC21",FALSE,TRUE
"cg05215521_BC21",FALSE,TRUE
"cg24674628_BC21",FALSE,TRUE
"cg17997285_TC21",FALSE,TRUE
"cg05336893_BC21",FALSE,TRUE
"cg19019083_BC21",FALSE,TRUE
"cg09601343_TC21",FALSE,TRUE
"cg03021004_TC21",FALSE,TRUE
"cg03671360_TC21",FALSE,TRUE
"cg18388833_BC21",FALSE,TRUE
"cg09297676_TC21",FALSE,TRUE
"cg27532293_BC21",FALSE,TRUE
"cg13525926_TC21",FALSE,TRUE
"cg24792317_TC21",FALSE,TRUE
"cg15635622_BC21",FALSE,TRUE
"cg06133896_BC21",FALSE,TRUE
"cg01414738_TC21",FALSE,TRUE
"cg02170693_TC21",FALSE,TRUE
"cg02266307_BC21",FALSE,TRUE
"cg08468677_BC21",FALSE,TRUE
"cg22727565_TC21",FALSE,TRUE
"cg26111107_BC21",FALSE,TRUE
"cg20703682_TC21",FALSE,TRUE
"cg16620765_TC21",FALSE,TRUE
"cg27549551_TC21",FALSE,TRUE
"cg23715938_BC21",FALSE,TRUE
"cg24456616_TC21",FALSE,TRUE
"cg19792621_BC21",FALSE,TRUE
"cg16912021_BC21",FALSE,TRUE
"cg06927744_TC21",FALSE,TRUE
"cg08585862_BC21",FALSE,TRUE
"cg01454837_TC21",FALSE,TRUE
"cg09496575_TC21",FALSE,TRUE
"cg00153990_TC21",FALSE,TRUE
"cg18211258_BC21",FALSE,TRUE
"cg11409098_TC21",FALSE,TRUE
"cg15086520_TC21",FALSE,TRUE
"cg20678438_TC21",FALSE,TRUE
"cg06133285_BC21",FALSE,TRUE
"cg02419503_BC21",FALSE,TRUE
"cg14728631_TC21",FALSE,TRUE
"cg22210905_BC21",FALSE,TRUE
"cg03578022_BC21",FALSE,TRUE
"cg05087358_TC21",FALSE,TRUE
"cg07636135_TC21",FALSE,TRUE
"cg01927894_TC21",FALSE,TRUE
"cg07595861_BC21",FALSE,TRUE
"cg03579987_BC21",FALSE,TRUE
"cg19398306_BC21",FALSE,TRUE
"cg07250894_TC21",FALSE,TRUE
"cg22573047_BC21",FALSE,TRUE
"cg09767041_BC21",FALSE,TRUE
"cg15832270_TC21",FALSE,TRUE
"cg17880166_BC21",FALSE,TRUE
"cg01083686_TC21",FALSE,TRUE
"cg19890321_TC21",FALSE,TRUE
"cg21402749_TC21",FALSE,TRUE
"cg08047385_BC21",FALSE,TRUE
"cg24534756_BC21",FALSE,TRUE
"cg25098382_BC21",FALSE,TRUE
"cg17496142_BC21",FALSE,TRUE
"cg19694580_TC21",FALSE,TRUE
"cg26867062_BC21",FALSE,TRUE
"cg20637568_BC21",FALSE,TRUE
"cg07086770_BC21",FALSE,TRUE
"cg08623623_BC21",FALSE,TRUE
"cg08913260_BC21",FALSE,TRUE
"cg01235489_TC21",FALSE,TRUE
"cg10198174_TC21",FALSE,TRUE
"cg20232673_TC21",FALSE,TRUE
"cg05283608_BC21",FALSE,TRUE
"cg03147441_BC21",FALSE,TRUE
"cg25294539_TC21",FALSE,TRUE
"cg04949953_BC21",FALSE,TRUE
"cg02886691_BC21",FALSE,TRUE
"cg03041689_BC21",FALSE,TRUE
"cg18887429_TC21",FALSE,TRUE
"cg01042252_BC21",FALSE,TRUE
"cg02520133_BC21",FALSE,TRUE
"cg07220089_TC21",FALSE,TRUE
"cg07633040_BC21",FALSE,TRUE
"cg05314054_TC21",FALSE,TRUE
"cg24935981_TC21",FALSE,TRUE
"cg01859445_TC21",FALSE,TRUE
"cg14942916_TC21",FALSE,TRUE
"cg21288325_TC21",FALSE,TRUE
"cg01799131_BC21",FALSE,TRUE
"cg04206336_TC21",FALSE,TRUE
"cg22710189_BC21",FALSE,TRUE
"cg08867873_BC21",FALSE,TRUE
"cg12038759_TC21",FALSE,TRUE
"cg12199535_TC21",FALSE,TRUE
"cg13212342_TC21",FALSE,TRUE
"cg15989101_BC21",FALSE,TRUE
"cg23878776_TC21",FALSE,TRUE
"cg21143188_TC21",FALSE,TRUE
"cg25072611_BC21",FALSE,TRUE
"cg12937569_TC21",FALSE,TRUE
"cg01227742_BC21",FALSE,TRUE
"cg03891475_BC21",FALSE,TRUE
"cg10016037_TC21",FALSE,TRUE
"cg20690768_TC21",FALSE,TRUE
"cg03595488_TC21",FALSE,TRUE
"cg02589130_BC21",FALSE,TRUE
"cg13164507_BC21",FALSE,TRUE
"cg23220148_BC21",FALSE,TRUE
"cg11098410_BC21",FALSE,TRUE
"cg27484475_BC21",FALSE,TRUE
"cg15951199_BC21",FALSE,TRUE
"cg27066288_TC21",FALSE,TRUE
"cg24824293_BC21",FALSE,TRUE
"cg20210641_TC21",FALSE,TRUE
"cg15456603_TC21",FALSE,TRUE
"cg26411533_TC21",FALSE,TRUE
"cg14272967_BC21",FALSE,TRUE
"cg21882899_TC21",FALSE,TRUE
"cg09990864_BC21",FALSE,TRUE
"cg22538895_BC21",FALSE,TRUE
"cg04090852_BC21",FALSE,TRUE
"cg11569379_TC21",FALSE,TRUE
"cg15293439_BC21",FALSE,TRUE
"cg14120161_BC21",FALSE,TRUE
"cg09269041_BC21",FALSE,TRUE
"cg17119160_BC21",FALSE,TRUE
"cg07391275_TC21",FALSE,TRUE
"cg03735488_TC21",FALSE,TRUE
"cg27084825_TC21",FALSE,TRUE
"cg09137291_BC21",FALSE,TRUE
"cg14200251_TC21",FALSE,TRUE
"cg23076688_TC21",FALSE,TRUE
"cg18402690_TC21",FALSE,TRUE
"cg21037109_BC21",FALSE,TRUE
"cg23569235_TC21",FALSE,TRUE
"cg22299620_BC21",FALSE,TRUE
"cg01511514_BC21",FALSE,TRUE
"cg01672987_BC21",FALSE,TRUE
"cg02951924_BC21",FALSE,TRUE
"cg09393846_BC21",FALSE,TRUE
"cg22483335_TC21",FALSE,TRUE
"cg03827804_TC21",FALSE,TRUE
"cg25485459_BC21",FALSE,TRUE
"cg11128374_TC21",FALSE,TRUE
"cg00415071_TC21",FALSE,TRUE
"cg25481364_BC21",FALSE,TRUE
"cg17700363_TC21",FALSE,TRUE
"cg21340024_BC21",FALSE,TRUE
"cg01862722_BC21",FALSE,TRUE
"cg09959958_TC21",FALSE,TRUE
"cg15849275_BC21",FALSE,TRUE
"cg27286346_BC21",FALSE,TRUE
"cg20505203_BC21",FALSE,TRUE
"cg08674206_BC21",FALSE,TRUE
"cg07601946_TC21",FALSE,TRUE
"cg10773372_BC21",FALSE,TRUE
"cg06194638_BC21",FALSE,TRUE
"cg18970775_TC21",FALSE,TRUE
"cg27551376_BC21",FALSE,TRUE
"cg14542504_TC21",FALSE,TRUE
"cg12608640_TC21",FALSE,TRUE
"cg26684241_TC21",FALSE,TRUE
"cg19320193_TC21",FALSE,TRUE
"cg24538816_TC21",FALSE,TRUE
"cg06975739_TC21",FALSE,TRUE
"cg11374486_TC21",FALSE,TRUE
"cg02928031_BC21",FALSE,TRUE
"cg22098240_TC21",FALSE,TRUE
"cg26943505_BC21",FALSE,TRUE
"cg05028423_TC21",FALSE,TRUE
"cg26723367_BC21",FALSE,TRUE
"cg06925185_TC21",FALSE,TRUE
"cg17064296_BC21",FALSE,TRUE
"cg25534186_BC21",FALSE,TRUE
"cg00992795_TC21",FALSE,TRUE
"cg22851356_TC21",FALSE,TRUE
"cg14292927_BC21",FALSE,TRUE
"cg09244866_TC21",FALSE,TRUE
"cg18116036_TC21",FALSE,TRUE
"cg11025911_BC21",FALSE,TRUE
"cg26468157_BC21",FALSE,TRUE
"cg17595116_BC21",FALSE,TRUE
"cg27464514_BC21",FALSE,TRUE
"cg15495633_BC21",FALSE,TRUE
"cg14295659_TC21",FALSE,TRUE
"cg20758988_TC21",FALSE,TRUE
"cg27121144_BC21",FALSE,TRUE
"cg10044246_TC21",FALSE,TRUE
"cg07776701_BC21",FALSE,TRUE
"cg15675290_BC21",FALSE,TRUE
"cg23512402_BC21",FALSE,TRUE
"cg04869840_TC21",FALSE,TRUE
"cg25762923_BC21",FALSE,TRUE
"cg15725873_TC21",FALSE,TRUE
"cg26066413_TC21",FALSE,TRUE
"cg14623287_BC21",FALSE,TRUE
"cg19160087_TC21",FALSE,TRUE
"cg19547333_TC21",FALSE,TRUE
"cg00619733_BC21",FALSE,TRUE
"cg26489419_BC21",FALSE,TRUE
"cg18743951_TC21",FALSE,TRUE
"cg10386458_TC21",FALSE,TRUE
"cg16977544_BC21",FALSE,TRUE
"cg14220990_BC21",FALSE,TRUE
"cg00408260_TC21",FALSE,TRUE
"cg20841603_TC21",FALSE,TRUE
"cg08096667_BC21",FALSE,TRUE
"cg02628826_BC21",FALSE,TRUE
"cg04714058_BC21",FALSE,TRUE
"cg15488996_BC21",FALSE,TRUE
"cg13281176_TC21",FALSE,TRUE
"cg25797932_BC21",FALSE,TRUE
"cg18808765_BC21",FALSE,TRUE
"cg02134055_TC21",FALSE,TRUE
"cg19268802_BC21",FALSE,TRUE
"cg23773384_BC21",FALSE,TRUE
"cg01094580_TC21",FALSE,TRUE
"cg05579179_BC21",FALSE,TRUE
"cg07808804_BC21",FALSE,TRUE
"cg20816204_BC21",FALSE,TRUE
"cg23147615_BC21",FALSE,TRUE
"cg13437722_BC21",FALSE,TRUE
"cg00980194_TC21",FALSE,TRUE
"cg04361491_TC21",FALSE,TRUE
"cg24010392_BC21",FALSE,TRUE
"cg02403546_TC21",FALSE,TRUE
"cg12638508_BC21",FALSE,TRUE
"cg11446720_BC21",FALSE,TRUE
"cg03901585_TC21",FALSE,TRUE
"cg23117497_BC21",FALSE,TRUE
"cg15089157_TC21",FALSE,TRUE
"cg24467590_BC21",FALSE,TRUE
"cg15202874_TC21",FALSE,TRUE
"cg23114971_TC21",FALSE,TRUE
"cg13659778_BC21",FALSE,TRUE
"cg22235926_TC21",FALSE,TRUE
"cg06515208_BC21",FALSE,TRUE
"cg05651284_BC21",FALSE,TRUE
"cg15236145_BC21",FALSE,TRUE
"cg13449306_BC21",FALSE,TRUE
"cg01249778_TC21",FALSE,TRUE
"cg04979397_TC21",FALSE,TRUE
"cg16820901_BC21",FALSE,TRUE
"cg15723690_BC21",FALSE,TRUE
"cg12956890_BC21",FALSE,TRUE
"cg13320504_BC21",FALSE,TRUE
"cg01343478_BC21",FALSE,TRUE
"cg04394341_TC21",FALSE,TRUE
"cg13202880_BC21",FALSE,TRUE
"cg04238610_TC21",FALSE,TRUE
"cg05867626_TC21",FALSE,TRUE
"cg07124365_TC21",FALSE,TRUE
"cg25599101_BC21",FALSE,TRUE
"cg21614762_BC21",FALSE,TRUE
"cg07331576_TC21",FALSE,TRUE
"cg23284144_TC21",FALSE,TRUE
"cg12736119_TC21",FALSE,TRUE
"cg21202464_BC21",FALSE,TRUE
"cg15724789_BC21",FALSE,TRUE
"cg24606651_BC21",FALSE,TRUE
"cg02382083_BC21",FALSE,TRUE
"cg11262772_BC21",FALSE,TRUE
"cg23397377_TC21",FALSE,TRUE
"cg03594074_BC21",FALSE,TRUE
"cg13818504_TC21",FALSE,TRUE
"cg18145666_BC21",FALSE,TRUE
"cg01880147_BC21",FALSE,TRUE
"cg22084841_BC21",FALSE,TRUE
"cg11145275_TC21",FALSE,TRUE
"cg20667794_BC21",FALSE,TRUE
"cg03886909_TC21",FALSE,TRUE
"cg13407349_TC21",FALSE,TRUE
"cg03725491_BC21",FALSE,TRUE
"cg21252888_TC21",FALSE,TRUE
"cg12333577_BC21",FALSE,TRUE
"cg11374655_TC21",FALSE,TRUE
"cg22513428_BC21",FALSE,TRUE
"cg02808656_TC21",FALSE,TRUE
"cg05796475_BC21",FALSE,TRUE
"cg19599372_BC21",FALSE,TRUE
"cg24576201_BC21",FALSE,TRUE
"cg09341389_TC21",FALSE,TRUE
"cg10789972_BC21",FALSE,TRUE
"cg20642457_BC21",FALSE,TRUE
"cg00930881_BC21",FALSE,TRUE
"cg03339725_TC21",FALSE,TRUE
"cg09561213_TC21",FALSE,TRUE
"cg07582407_BC21",FALSE,TRUE
"cg23914444_BC21",FALSE,TRUE
"cg11285194_TC21",FALSE,TRUE
"cg08671325_BC21",FALSE,TRUE
"cg22712861_BC21",FALSE,TRUE
"cg17512712_TC21",FALSE,TRUE
"cg26083841_TC21",FALSE,TRUE
"cg25004779_TC21",FALSE,TRUE
"cg15800360_BC21",FALSE,TRUE
"cg22915752_BC21",FALSE,TRUE
"cg05539876_BC21",FALSE,TRUE
"cg06195774_TC21",FALSE,TRUE
"cg15436429_BC21",FALSE,TRUE
"cg16514954_BC21",FALSE,TRUE
"cg20972796_BC21",FALSE,TRUE
"cg03583975_TC21",FALSE,TRUE
"cg07804851_BC21",FALSE,TRUE
"cg14119788_BC21",FALSE,TRUE
"cg01571766_BC21",FALSE,TRUE
"cg23577671_TC21",FALSE,TRUE
"cg06680754_BC21",FALSE,TRUE
"cg00644330_TC21",FALSE,TRUE
"cg17821276_TC21",FALSE,TRUE
"cg10046452_TC21",FALSE,TRUE
"cg14883682_BC21",FALSE,TRUE
"cg05568014_BC21",FALSE,TRUE
"cg24981248_BC21",FALSE,TRUE
"cg11554617_BC21",FALSE,TRUE
"cg22718773_TC21",FALSE,TRUE
"cg15825109_TC21",FALSE,TRUE
"cg25818098_TC21",FALSE,TRUE
"cg03040863_BC21",FALSE,TRUE
"cg03827847_TC21",FALSE,TRUE
"cg16203674_BC21",FALSE,TRUE
"cg22250332_BC21",FALSE,TRUE
"cg05684274_TC21",FALSE,TRUE
"cg26896908_TC21",FALSE,TRUE
"cg21305631_BC21",FALSE,TRUE
"cg12495599_BC21",FALSE,TRUE
"cg13250654_TC21",FALSE,TRUE
"cg20268600_TC21",FALSE,TRUE
"cg05347405_BC21",FALSE,TRUE
"cg05242722_TC21",FALSE,TRUE
"cg10636103_TC21",FALSE,TRUE
"cg16767322_TC21",FALSE,TRUE
"cg16904945_BC21",FALSE,TRUE
"cg07382566_BC21",FALSE,TRUE
"cg02409277_TC21",FALSE,TRUE
"cg01200732_BC21",FALSE,TRUE
"cg21777304_BC21",FALSE,TRUE
"cg26346389_BC21",FALSE,TRUE
"cg13978466_TC21",FALSE,TRUE
"cg10739121_BC21",FALSE,TRUE
"cg13769139_BC21",FALSE,TRUE
"cg02757223_BC21",FALSE,TRUE
"cg11103476_BC21",FALSE,TRUE
"cg15806989_TC21",FALSE,TRUE
"cg06936286_BC21",FALSE,TRUE
"cg00886748_BC21",FALSE,TRUE
"cg23209955_TC21",FALSE,TRUE
"cg04211150_BC21",FALSE,TRUE
"cg00646615_BC21",FALSE,TRUE
"cg25905192_TC21",FALSE,TRUE
"cg06397081_BC21",FALSE,TRUE
"cg18486725_TC21",FALSE,TRUE
"cg15975187_TC21",FALSE,TRUE
"cg18088111_TC21",FALSE,TRUE
"cg21112147_BC21",FALSE,TRUE
"cg02598742_BC21",FALSE,TRUE
"cg26894033_TC21",FALSE,TRUE
"cg20522042_BC21",FALSE,TRUE
"cg08439931_TC21",FALSE,TRUE
"cg06732736_BC21",FALSE,TRUE
"cg25397519_BC21",FALSE,TRUE
"cg08644860_BC21",FALSE,TRUE
"cg06724212_BC21",FALSE,TRUE
"cg24533202_TC21",FALSE,TRUE
"cg12569777_TC21",FALSE,TRUE
"cg15828454_TC21",FALSE,TRUE
"cg15129653_BC21",FALSE,TRUE
"cg27627741_TC21",FALSE,TRUE
"cg22996780_TC21",FALSE,TRUE
"cg19411998_BC21",FALSE,TRUE
"cg26829038_TC21",FALSE,TRUE
"cg22556943_TC21",FALSE,TRUE
"cg26830086_TC21",FALSE,TRUE
"cg05013464_TC21",FALSE,TRUE
"cg12411582_BC21",FALSE,TRUE
"cg06905601_BC21",FALSE,TRUE
"cg05274765_TC21",FALSE,TRUE
"cg05535495_BC21",FALSE,TRUE
"cg24765309_TC21",FALSE,TRUE
"cg05866598_TC21",FALSE,TRUE
"cg00870671_BC21",FALSE,TRUE
"cg18871512_BC21",FALSE,TRUE
"cg12918549_TC21",FALSE,TRUE
"cg25769176_TC21",FALSE,TRUE
"cg24334148_TC21",FALSE,TRUE
"cg15720594_BC21",FALSE,TRUE
"cg07245424_TC21",FALSE,TRUE
"cg09137263_BC21",FALSE,TRUE
"cg21595813_TC21",FALSE,TRUE
"cg03924787_TC21",FALSE,TRUE
"cg04812087_BC21",FALSE,TRUE
"cg21109515_TC21",FALSE,TRUE
"cg21002242_TC21",FALSE,TRUE
"cg19074890_BC21",FALSE,TRUE
"cg00022938_BC21",FALSE,TRUE
"cg05384467_TC21",FALSE,TRUE
"cg03106053_BC21",FALSE,TRUE
"cg09585659_BC21",FALSE,TRUE
"cg23207954_TC21",FALSE,TRUE
"cg02054572_TC21",FALSE,TRUE
"cg25888515_BC21",FALSE,TRUE
"cg10320516_TC21",FALSE,TRUE
"cg21165675_TC21",FALSE,TRUE
"cg06112737_TC21",FALSE,TRUE
"cg20206671_TC21",FALSE,TRUE
"cg03866774_BC21",FALSE,TRUE
"cg05743798_BC21",FALSE,TRUE
"cg15783011_TC21",FALSE,TRUE
"cg23791026_BC21",FALSE,TRUE
"cg27039914_BC21",FALSE,TRUE
"cg03401927_TC21",FALSE,TRUE
"cg08839225_BC21",FALSE,TRUE
"cg06580816_TC21",FALSE,TRUE
"cg14598522_BC21",FALSE,TRUE
"cg17599110_BC21",FALSE,TRUE
"cg19491961_BC21",FALSE,TRUE
"cg27517356_BC21",FALSE,TRUE
"cg26486255_BC21",FALSE,TRUE
"cg20432420_TC21",FALSE,TRUE
"cg08853277_BC21",FALSE,TRUE
"cg18750909_BC21",FALSE,TRUE
"cg17665716_BC21",FALSE,TRUE
"cg25366573_BC21",FALSE,TRUE
"cg21905390_BC21",FALSE,TRUE
"cg04613576_BC21",FALSE,TRUE
"cg09454628_BC21",FALSE,TRUE
"cg27473842_TC21",FALSE,TRUE
"cg20118596_BC21",FALSE,TRUE
"cg15176543_TC21",FALSE,TRUE
"cg00606697_BC21",FALSE,TRUE
"cg16296210_TC21",FALSE,TRUE
"cg10653474_TC21",FALSE,TRUE
"cg23557106_BC21",FALSE,TRUE
"cg21329126_BC21",FALSE,TRUE
"cg10521346_BC21",FALSE,TRUE
"cg02391344_BC21",FALSE,TRUE
"cg26247107_TC21",FALSE,TRUE
"cg12732088_TC21",FALSE,TRUE
"cg07663806_TC21",FALSE,TRUE
"cg26612415_BC21",FALSE,TRUE
"cg19515798_TC21",FALSE,TRUE
"cg06727301_TC21",FALSE,TRUE
"cg14554692_TC21",FALSE,TRUE
"cg04272684_BC21",FALSE,TRUE
"cg20269141_TC21",FALSE,TRUE
"cg14026410_BC21",FALSE,TRUE
"cg27418280_TC21",FALSE,TRUE
"cg05018713_TC21",FALSE,TRUE
"cg20607416_BC21",FALSE,TRUE
"cg00150807_TC21",FALSE,TRUE
"cg15989077_BC21",FALSE,TRUE
"cg13947483_BC21",FALSE,TRUE
"cg04185799_BC21",FALSE,TRUE
"cg02589406_BC21",FALSE,TRUE
"cg02805774_BC21",FALSE,TRUE
"cg09642839_BC21",FALSE,TRUE
"cg25365082_TC21",FALSE,TRUE
"cg12349241_TC21",FALSE,TRUE
"cg14463441_TC21",FALSE,TRUE
"cg21296617_BC21",FALSE,TRUE
"cg23854042_BC21",FALSE,TRUE
"cg09858942_TC21",FALSE,TRUE
"cg26536958_TC21",FALSE,TRUE
"cg08582441_TC21",FALSE,TRUE
"cg23363481_TC21",FALSE,TRUE
"cg13827835_BC21",FALSE,TRUE
"cg07758384_TC21",FALSE,TRUE
"cg22200270_BC21",FALSE,TRUE
"cg10480487_TC21",FALSE,TRUE
"cg26763248_BC21",FALSE,TRUE
"cg08489171_BC21",FALSE,TRUE
"cg03725291_BC21",FALSE,TRUE
"cg13747375_BC21",FALSE,TRUE
"cg20904375_TC21",FALSE,TRUE
"cg03744115_BC21",FALSE,TRUE
"cg02644395_BC21",FALSE,TRUE
"cg01787421_BC21",FALSE,TRUE
"cg01159196_TC21",FALSE,TRUE
"cg02265840_TC21",FALSE,TRUE
"cg02873964_TC21",FALSE,TRUE
"cg14348336_BC21",FALSE,TRUE
"cg14099692_TC21",FALSE,TRUE
"cg22687078_TC21",FALSE,TRUE
"cg02357623_TC21",FALSE,TRUE
"cg21037446_BC21",FALSE,TRUE
"cg27076193_TC21",FALSE,TRUE
"cg27041299_BC21",FALSE,TRUE
"cg04728840_BC21",FALSE,TRUE
"cg23888321_TC21",FALSE,TRUE
"cg03322369_BC21",FALSE,TRUE
"cg02881696_BC21",FALSE,TRUE
"cg01584042_BC21",FALSE,TRUE
"cg10824690_BC21",FALSE,TRUE
"cg05135930_BC21",FALSE,TRUE
"cg12139314_BC21",FALSE,TRUE
"cg04036441_TC21",FALSE,TRUE
"cg08586808_BC21",FALSE,TRUE
"cg11620038_TC21",FALSE,TRUE
"cg08180998_TC21",FALSE,TRUE
"cg08122892_BC21",FALSE,TRUE
"cg02789218_BC21",FALSE,TRUE
"cg09878033_BC21",FALSE,TRUE
"cg16833432_BC21",FALSE,TRUE
"cg02012014_TC21",FALSE,TRUE
"cg11752572_BC21",FALSE,TRUE
"cg06868813_TC21",FALSE,TRUE
"cg13567865_BC21",FALSE,TRUE
"cg10307611_TC21",FALSE,TRUE
"cg03595019_BC21",FALSE,TRUE
"cg17133295_BC21",FALSE,TRUE
"cg01137600_TC21",FALSE,TRUE
"cg13126097_TC21",FALSE,TRUE
"cg03880332_TC21",FALSE,TRUE
"cg19679067_BC21",FALSE,TRUE
"cg22481241_BC21",FALSE,TRUE
"cg03722513_TC21",FALSE,TRUE
"cg04297814_BC21",FALSE,TRUE
"cg01433173_BC21",FALSE,TRUE
"cg14723250_TC21",FALSE,TRUE
"cg02133031_TC21",FALSE,TRUE
"cg04241281_BC21",FALSE,TRUE
"cg11309455_BC21",FALSE,TRUE
"cg15512111_BC21",FALSE,TRUE
"cg21693354_TC21",FALSE,TRUE
"cg11494316_BC21",FALSE,TRUE
"cg08979510_TC21",FALSE,TRUE
"cg15705083_TC21",FALSE,TRUE
"cg00585031_TC21",FALSE,TRUE
"cg11395879_BC21",FALSE,TRUE
"cg06768854_BC21",FALSE,TRUE
"cg13709193_TC21",FALSE,TRUE
"cg20269458_TC21",FALSE,TRUE
"cg21222185_BC21",FALSE,TRUE
"cg08082581_TC21",FALSE,TRUE
"cg04009816_BC21",FALSE,TRUE
"cg03582538_BC21",FALSE,TRUE
"cg24833775_TC21",FALSE,TRUE
"cg19076160_BC21",FALSE,TRUE
"cg23840963_BC21",FALSE,TRUE
"cg10484411_TC21",FALSE,TRUE
"cg17808132_TC21",FALSE,TRUE
"cg26212427_BC21",FALSE,TRUE
"cg10789486_TC21",FALSE,TRUE
"cg09051357_TC21",FALSE,TRUE
"cg12303515_TC21",FALSE,TRUE
"cg14926625_TC21",FALSE,TRUE
"cg06061185_BC21",FALSE,TRUE
"cg15627170_BC21",FALSE,TRUE
"cg14071754_TC21",FALSE,TRUE
"cg04012255_TC21",FALSE,TRUE
"cg17589977_BC21",FALSE,TRUE
"cg09711238_BC21",FALSE,TRUE
"cg03046513_BC21",FALSE,TRUE
"cg01744951_BC21",FALSE,TRUE
"cg17575050_BC21",FALSE,TRUE
"cg04121562_BC21",FALSE,TRUE
"cg24928631_BC21",FALSE,TRUE
"cg03436546_BC21",FALSE,TRUE
"cg21060691_BC21",FALSE,TRUE
"cg12995006_BC21",FALSE,TRUE
"cg09395660_TC21",FALSE,TRUE
"cg11077310_TC21",FALSE,TRUE
"cg05679760_TC21",FALSE,TRUE
"cg04839710_BC21",FALSE,TRUE
"cg01420674_BC21",FALSE,TRUE
"cg08135414_BC21",FALSE,TRUE
"cg16818357_BC21",FALSE,TRUE
"cg02696430_TC21",FALSE,TRUE
"cg27645129_BC21",FALSE,TRUE
"cg16668448_BC21",FALSE,TRUE
"cg03066655_BC21",FALSE,TRUE
"cg09996077_BC21",FALSE,TRUE
"cg24524716_BC21",FALSE,TRUE
"cg19203268_TC21",FALSE,TRUE
"cg03169221_BC21",FALSE,TRUE
"cg12352550_BC21",FALSE,TRUE
"cg15864152_BC21",FALSE,TRUE
"cg09747430_TC21",FALSE,TRUE
"cg10573990_BC21",FALSE,TRUE
"cg14128857_BC21",FALSE,TRUE
"cg08866162_BC21",FALSE,TRUE
"cg07426221_TC21",FALSE,TRUE
"cg20785150_TC21",FALSE,TRUE
"cg14131470_BC21",FALSE,TRUE
"cg23843951_BC21",FALSE,TRUE
"cg16260012_TC21",FALSE,TRUE
"cg12084816_BC21",FALSE,TRUE
"cg07208354_BC21",FALSE,TRUE
"cg02559822_BC21",FALSE,TRUE
"cg09929782_BC21",FALSE,TRUE
"cg02098293_BC21",FALSE,TRUE
"cg05975055_BC21",FALSE,TRUE
"cg15234386_BC21",FALSE,TRUE
"cg27493785_TC21",FALSE,TRUE
"cg04724700_TC21",FALSE,TRUE
"cg24807778_BC21",FALSE,TRUE
"cg17261380_TC21",FALSE,TRUE
"cg02181293_BC21",FALSE,TRUE
"cg23800415_TC21",FALSE,TRUE
"cg03422534_TC21",FALSE,TRUE
"cg02559774_TC21",FALSE,TRUE
"cg11043743_BC21",FALSE,TRUE
"cg16726610_BC21",FALSE,TRUE
"cg09391035_BC21",FALSE,TRUE
"cg02063727_BC21",FALSE,TRUE
"cg06120194_BC21",FALSE,TRUE
"cg04950128_TC21",FALSE,TRUE
"cg02294838_BC21",FALSE,TRUE
"cg03131752_TC21",FALSE,TRUE
"cg04774623_TC21",FALSE,TRUE
"cg11043801_TC21",FALSE,TRUE
"cg12897439_TC21",FALSE,TRUE
"cg05704750_TC21",FALSE,TRUE
"cg02341080_TC21",FALSE,TRUE
"cg01139189_TC21",FALSE,TRUE
"cg04501263_BC21",FALSE,TRUE
"cg12705815_TC21",FALSE,TRUE
"cg18956356_BC21",FALSE,TRUE
"cg09064426_BC21",FALSE,TRUE
"cg05988067_TC21",FALSE,TRUE
"cg06968271_BC21",FALSE,TRUE
"cg12151015_BC21",FALSE,TRUE
"cg27156840_BC21",FALSE,TRUE
"cg11957516_TC21",FALSE,TRUE
"cg11047746_BC21",FALSE,TRUE
"cg16089678_TC21",FALSE,TRUE
"cg13982568_BC21",FALSE,TRUE
"cg01832059_TC21",FALSE,TRUE
"cg10646494_BC21",FALSE,TRUE
"cg16467444_BC21",FALSE,TRUE
"cg25677126_BC21",FALSE,TRUE
"cg14122896_BC21",FALSE,TRUE
"cg08885216_TC21",FALSE,TRUE
"cg03402738_BC21",FALSE,TRUE
"cg12083150_BC21",FALSE,TRUE
"cg05165050_TC21",FALSE,TRUE
"cg04790764_BC21",FALSE,TRUE
"cg17764141_BC21",FALSE,TRUE
"cg26893987_TC21",FALSE,TRUE
"cg19270255_TC21",FALSE,TRUE
"cg12363342_BC21",FALSE,TRUE
"cg20796029_BC21",FALSE,TRUE
"cg03770042_BC21",FALSE,TRUE
"cg22017903_BC21",FALSE,TRUE
"cg15169732_TC21",FALSE,TRUE
"cg01889779_TC21",FALSE,TRUE
"cg04106128_TC21",FALSE,TRUE
"cg27188079_BC21",FALSE,TRUE
"cg13934986_BC21",FALSE,TRUE
"cg15439755_TC21",FALSE,TRUE
"cg03598921_BC21",FALSE,TRUE
"cg12253142_TC21",FALSE,TRUE
"cg22251614_TC21",FALSE,TRUE
"cg16021181_TC21",FALSE,TRUE
"cg20676896_BC21",FALSE,TRUE
"cg16911845_TC21",FALSE,TRUE
"cg09628244_BC21",FALSE,TRUE
"cg06304841_TC21",FALSE,TRUE
"cg24013293_TC21",FALSE,TRUE
"cg00820809_TC21",FALSE,TRUE
"cg05307919_BC21",FALSE,TRUE
"cg00264464_BC21",FALSE,TRUE
"cg23601496_TC21",FALSE,TRUE
"cg24649109_BC21",FALSE,TRUE
"cg06319204_TC21",FALSE,TRUE
"cg20600038_TC21",FALSE,TRUE
"cg15929069_TC21",FALSE,TRUE
"cg01973317_BC21",FALSE,TRUE
"cg15729667_TC21",FALSE,TRUE
"cg01699235_TC21",FALSE,TRUE
"cg18652035_BC21",FALSE,TRUE
"cg11395180_TC21",FALSE,TRUE
"cg07507444_BC21",FALSE,TRUE
"cg12008619_BC21",FALSE,TRUE
"cg03821522_TC21",FALSE,TRUE
"cg05756441_BC21",FALSE,TRUE
"cg25617245_TC21",FALSE,TRUE
"cg14473719_TC21",FALSE,TRUE
"cg24851880_TC21",FALSE,TRUE
"cg12942322_TC21",FALSE,TRUE
"cg03821675_BC21",FALSE,TRUE
"cg22669123_TC21",FALSE,TRUE
"cg03322332_BC21",FALSE,TRUE
"cg21498511_BC21",FALSE,TRUE
"cg04145323_BC21",FALSE,TRUE
"cg01146879_BC21",FALSE,TRUE
"cg09208360_TC21",FALSE,TRUE
"cg16935517_BC21",FALSE,TRUE
"cg03741892_TC21",FALSE,TRUE
"cg25900163_BC21",FALSE,TRUE
"cg23576250_TC21",FALSE,TRUE
"cg03765873_TC21",FALSE,TRUE
"cg03432603_TC21",FALSE,TRUE
"cg22329438_TC21",FALSE,TRUE
"cg01030411_TC21",FALSE,TRUE
"cg10964717_TC21",FALSE,TRUE
"cg16905509_TC21",FALSE,TRUE
"cg21601328_TC21",FALSE,TRUE
"cg04608271_TC21",FALSE,TRUE
"cg20104195_BC21",FALSE,TRUE
"cg11205298_TC21",FALSE,TRUE
"cg22317255_TC21",FALSE,TRUE
"cg18834512_BC21",FALSE,TRUE
"cg14909532_BC21",FALSE,TRUE
"cg05005753_BC21",FALSE,TRUE
"cg01675423_TC21",FALSE,TRUE
"cg01522307_TC21",FALSE,TRUE
"cg21526469_TC21",FALSE,TRUE
"cg09595843_TC21",FALSE,TRUE
"cg02726398_BC21",FALSE,TRUE
"cg02432678_TC21",FALSE,TRUE
"cg15968539_BC21",FALSE,TRUE
"cg25720366_TC21",FALSE,TRUE
"cg08146944_TC21",FALSE,TRUE
"cg23172317_BC21",FALSE,TRUE
"cg21451117_BC21",FALSE,TRUE
"cg21428318_TC21",FALSE,TRUE
"cg26908913_TC21",FALSE,TRUE
"cg14249990_BC21",FALSE,TRUE
"cg20965962_TC21",FALSE,TRUE
"cg26201776_BC21",FALSE,TRUE
"cg00542604_BC21",FALSE,TRUE
"cg17048634_BC21",FALSE,TRUE
"cg23918616_BC21",FALSE,TRUE
"cg17447856_TC21",FALSE,TRUE
"cg13389817_BC21",FALSE,TRUE
"cg05682442_BC21",FALSE,TRUE
"cg21847848_TC21",FALSE,TRUE
"cg22921990_BC21",FALSE,TRUE
"cg17049406_TC21",FALSE,TRUE
"cg09365107_BC21",FALSE,TRUE
"cg22863600_BC21",FALSE,TRUE
"cg13042802_BC21",FALSE,TRUE
"cg18162549_TC21",FALSE,TRUE
"cg19978136_BC21",FALSE,TRUE
"cg18693841_TC21",FALSE,TRUE
"cg02679237_TC21",FALSE,TRUE
"cg20144469_BC21",FALSE,TRUE
"cg00057265_TC21",FALSE,TRUE
"cg05026097_TC21",FALSE,TRUE
"cg04106116_TC21",FALSE,TRUE
"cg08257725_TC21",FALSE,TRUE
"cg20859127_TC21",FALSE,TRUE
"cg26015591_BC21",FALSE,TRUE
"cg24130425_BC21",FALSE,TRUE
"cg25027698_BC21",FALSE,TRUE
"cg10485147_BC21",FALSE,TRUE
"cg10048103_BC21",FALSE,TRUE
"cg02760584_TC21",FALSE,TRUE
"cg17555074_BC21",FALSE,TRUE
"cg02604475_BC21",FALSE,TRUE
"cg19424724_BC21",FALSE,TRUE
"cg10217736_TC21",FALSE,TRUE
"cg09376996_BC21",FALSE,TRUE
"cg00752601_BC21",FALSE,TRUE
"cg21194548_BC21",FALSE,TRUE
"cg23970630_BC21",FALSE,TRUE
"cg22515639_TC21",FALSE,TRUE
"cg24494142_TC21",FALSE,TRUE
"cg20704685_TC21",FALSE,TRUE
"cg15950626_BC21",FALSE,TRUE
"cg02179616_BC21",FALSE,TRUE
"cg11345403_BC21",FALSE,TRUE
"cg06040033_TC21",FALSE,TRUE
"cg08576479_BC21",FALSE,TRUE
"cg25603305_BC21",FALSE,TRUE
"cg26741764_BC21",FALSE,TRUE
"cg06563472_TC21",FALSE,TRUE
"cg01365799_BC21",FALSE,TRUE
"cg27142884_TC21",FALSE,TRUE
"cg22571336_TC21",FALSE,TRUE
"cg18146192_BC21",FALSE,TRUE
"cg03186232_BC21",FALSE,TRUE
"cg02896088_BC21",FALSE,TRUE
"cg19801145_BC21",FALSE,TRUE
"cg02432981_TC21",FALSE,TRUE
"cg19382448_TC21",FALSE,TRUE
"cg20434604_TC21",FALSE,TRUE
"cg23664664_TC21",FALSE,TRUE
"cg06374583_TC21",FALSE,TRUE
"cg05526038_TC21",FALSE,TRUE
"cg18249819_BC21",FALSE,TRUE
"cg23267594_TC21",FALSE,TRUE
"cg26565420_TC21",FALSE,TRUE
"cg26501534_BC21",FALSE,TRUE
"cg06512729_BC21",FALSE,TRUE
"cg22378924_TC21",FALSE,TRUE
"cg22160863_TC21",FALSE,TRUE
"cg25125469_BC21",FALSE,TRUE
"cg11905588_BC21",FALSE,TRUE
"cg01617955_TC21",FALSE,TRUE
"cg14563876_TC21",FALSE,TRUE
"cg03988622_TC21",FALSE,TRUE
"cg13005988_TC21",FALSE,TRUE
"cg09765907_TC21",FALSE,TRUE
"cg03157871_BC21",FALSE,TRUE
"cg18457590_BC21",FALSE,TRUE
"cg23560659_BC21",FALSE,TRUE
"cg19417889_BC21",FALSE,TRUE
"cg05773375_BC21",FALSE,TRUE
"cg05765267_BC21",FALSE,TRUE
"cg27055657_BC21",FALSE,TRUE
"cg18232089_BC21",FALSE,TRUE
"cg00149452_BC21",FALSE,TRUE
"cg24278996_TC21",FALSE,TRUE
"cg25466904_TC21",FALSE,TRUE
"cg19479687_BC21",FALSE,TRUE
"cg15394321_TC21",FALSE,TRUE
"cg17303822_BC21",FALSE,TRUE
"cg06377306_TC21",FALSE,TRUE
"cg10759656_TC21",FALSE,TRUE
"cg22998101_TC21",FALSE,TRUE
"cg06275902_BC21",FALSE,TRUE
"cg07646480_TC21",FALSE,TRUE
"cg21806810_TC21",FALSE,TRUE
"cg20122021_BC21",FALSE,TRUE
"cg00920864_BC21",FALSE,TRUE
"cg17796836_TC21",FALSE,TRUE
"cg25614119_BC21",FALSE,TRUE
"cg13792853_BC21",FALSE,TRUE
"cg18455081_BC21",FALSE,TRUE
"cg22714214_TC21",FALSE,TRUE
"cg15654720_TC21",FALSE,TRUE
"cg06162198_TC21",FALSE,TRUE
"cg21150347_TC21",FALSE,TRUE
"cg12904343_BC21",FALSE,TRUE
"cg02851952_BC21",FALSE,TRUE
"cg00564790_TC21",FALSE,TRUE
"cg06137918_TC21",FALSE,TRUE
"cg24479317_BC21",FALSE,TRUE
"cg06677063_BC21",FALSE,TRUE
"cg18806815_BC21",FALSE,TRUE
"cg13658092_BC21",FALSE,TRUE
"cg12173313_TC21",FALSE,TRUE
"cg09186074_BC21",FALSE,TRUE
"cg06813761_TC21",FALSE,TRUE
"cg12190817_TC21",FALSE,TRUE
"cg10024298_BC21",FALSE,TRUE
"cg19173974_BC21",FALSE,TRUE
"cg06330670_BC21",FALSE,TRUE
"cg11066004_BC21",FALSE,TRUE
"cg05773537_BC21",FALSE,TRUE
"cg06533086_TC21",FALSE,TRUE
"cg01731137_BC21",FALSE,TRUE
"cg05150301_BC21",FALSE,TRUE
"cg14429906_BC21",FALSE,TRUE
"cg10715099_BC21",FALSE,TRUE
"cg10071662_TC21",FALSE,TRUE
"cg04966917_BC21",FALSE,TRUE
"cg09886276_TC21",FALSE,TRUE
"cg14195166_TC21",FALSE,TRUE
"cg27269993_TC21",FALSE,TRUE
"cg04577799_TC21",FALSE,TRUE
"cg03718242_BC21",FALSE,TRUE
"cg12247932_TC21",FALSE,TRUE
"cg05062539_TC21",FALSE,TRUE
"cg03140951_TC21",FALSE,TRUE
"cg24007086_BC21",FALSE,TRUE
"cg10940969_TC21",FALSE,TRUE
"cg08149168_BC21",FALSE,TRUE
"cg23935630_BC21",FALSE,TRUE
"cg26958509_TC21",FALSE,TRUE
"cg27347391_TC21",FALSE,TRUE
"cg23873145_TC21",FALSE,TRUE
"cg06540606_TC21",FALSE,TRUE
"cg12545157_BC21",FALSE,TRUE
"cg02683668_TC21",FALSE,TRUE
"cg22442051_TC21",FALSE,TRUE
"cg08924674_TC21",FALSE,TRUE
"cg12894431_BC21",FALSE,TRUE
"cg11154253_BC21",FALSE,TRUE
"cg01131999_BC21",FALSE,TRUE
"cg15884546_BC21",FALSE,TRUE
"cg00694096_BC21",FALSE,TRUE
"cg18615399_BC21",FALSE,TRUE
"cg24728878_BC21",FALSE,TRUE
"cg27373952_TC21",FALSE,TRUE
"cg12529438_BC21",FALSE,TRUE
"cg03598098_TC21",FALSE,TRUE
"cg09328265_BC21",FALSE,TRUE
"cg23395702_BC21",FALSE,TRUE
"cg04476851_TC21",FALSE,TRUE
"cg16663154_BC21",FALSE,TRUE
"cg04300150_BC21",FALSE,TRUE
"cg13550115_TC21",FALSE,TRUE
"cg08243951_BC21",FALSE,TRUE
"cg22017631_TC21",FALSE,TRUE
"cg11552332_TC21",FALSE,TRUE
"cg10279009_BC21",FALSE,TRUE
"cg14706331_TC21",FALSE,TRUE
"cg19654399_TC21",FALSE,TRUE
"cg24198864_TC21",FALSE,TRUE
"cg03591517_BC21",FALSE,TRUE
"cg14222661_TC21",FALSE,TRUE
"cg05503484_TC21",FALSE,TRUE
"cg13735193_BC21",FALSE,TRUE
"cg08336457_BC21",FALSE,TRUE
"cg19027889_BC21",FALSE,TRUE
"cg11130163_BC21",FALSE,TRUE
"cg22374544_TC21",FALSE,TRUE
"cg25261423_BC21",FALSE,TRUE
"cg22177175_BC21",FALSE,TRUE
"cg24166281_BC21",FALSE,TRUE
"cg07387657_BC21",FALSE,TRUE
"cg13466660_BC21",FALSE,TRUE
"cg26526514_BC21",FALSE,TRUE
"cg08595278_TC21",FALSE,TRUE
"cg16307918_BC21",FALSE,TRUE
"cg07714001_TC21",FALSE,TRUE
"cg15551646_BC21",FALSE,TRUE
"cg07062837_BC21",FALSE,TRUE
"cg17529399_BC21",FALSE,TRUE
"cg17697247_TC21",FALSE,TRUE
"cg15608090_BC21",FALSE,TRUE
"cg10562399_BC21",FALSE,TRUE
"cg23746283_TC21",FALSE,TRUE
"cg27088952_TC21",FALSE,TRUE
"cg06394653_BC21",FALSE,TRUE
"cg15326316_TC21",FALSE,TRUE
"cg15596566_TC21",FALSE,TRUE
"cg20561941_TC21",FALSE,TRUE
"cg11338734_BC21",FALSE,TRUE
"cg25346136_BC21",FALSE,TRUE
"cg23579533_BC21",FALSE,TRUE
"cg16747877_TC21",FALSE,TRUE
"cg26371422_TC21",FALSE,TRUE
"cg20751619_BC21",FALSE,TRUE
"cg03762805_TC21",FALSE,TRUE
"cg04194342_BC21",FALSE,TRUE
"cg26901467_TC21",FALSE,TRUE
"cg27221126_BC21",FALSE,TRUE
"cg25517361_BC21",FALSE,TRUE
"cg17219928_BC21",FALSE,TRUE
"cg27362861_BC21",FALSE,TRUE
"cg01925002_BC21",FALSE,TRUE
"cg21486205_BC21",FALSE,TRUE
"cg05599261_BC21",FALSE,TRUE
"cg26818827_BC21",FALSE,TRUE
"cg17164498_BC21",FALSE,TRUE
"cg07834024_BC21",FALSE,TRUE
"cg08511538_BC21",FALSE,TRUE
"cg25570436_BC21",FALSE,TRUE
"cg25805782_BC21",FALSE,TRUE
"cg21738464_BC21",FALSE,TRUE
"cg08631301_BC21",FALSE,TRUE
"cg12289749_BC21",FALSE,TRUE
"cg00555874_BC21",FALSE,TRUE
"cg22552986_BC21",FALSE,TRUE
"cg02402610_BC21",FALSE,TRUE
"cg05413844_BC21",FALSE,TRUE
"cg06896040_BC21",FALSE,TRUE
"cg27097937_BC21",FALSE,TRUE
"cg01918128_BC21",FALSE,TRUE
"cg02342199_BC21",FALSE,TRUE
"cg08163709_BC21",FALSE,TRUE
"cg23666553_BC21",FALSE,TRUE
"cg08545909_BC21",FALSE,TRUE
"cg14068628_BC21",FALSE,TRUE
"cg16193557_BC21",FALSE,TRUE
"cg15117044_BC21",FALSE,TRUE
"cg09700227_BC21",FALSE,TRUE
"cg21238876_BC21",FALSE,TRUE
"cg10644604_BC21",FALSE,TRUE
"cg24764103_BC21",FALSE,TRUE
"cg00389259_BC21",FALSE,TRUE
"cg25390753_BC21",FALSE,TRUE
"cg06823550_BC21",FALSE,TRUE
"cg18025315_BC21",FALSE,TRUE
"cg07568493_BC21",FALSE,TRUE
"cg01154508_BC21",FALSE,TRUE
"cg05138135_BC21",FALSE,TRUE
"cg02063944_BC21",FALSE,TRUE
"cg10329553_BC21",FALSE,TRUE
"cg27299387_BC21",FALSE,TRUE
"cg02650913_BC21",FALSE,TRUE
"cg03313422_BC21",FALSE,TRUE
"cg04841583_BC21",FALSE,TRUE
"cg14788794_BC21",FALSE,TRUE
"cg07822476_BC21",FALSE,TRUE
"cg17739345_BC21",FALSE,TRUE
"cg22103257_BC21",FALSE,TRUE
"cg05335223_BC21",FALSE,TRUE
"cg27142371_BC21",FALSE,TRUE
"cg26105370_BC21",FALSE,TRUE
"cg23574976_BC21",FALSE,TRUE
"cg27529205_BC21",FALSE,TRUE
"cg20219641_BC21",FALSE,TRUE
"cg23231852_BC21",FALSE,TRUE
"cg19050836_TC21",FALSE,TRUE
"cg14919595_TC21",FALSE,TRUE
"cg25325315_BC21",FALSE,TRUE
"cg16382999_TC21",FALSE,TRUE
"cg05301965_BC21",FALSE,TRUE
"cg21257181_TC21",FALSE,TRUE
"cg11910486_BC21",FALSE,TRUE
"cg13202871_BC21",FALSE,TRUE
"cg11776802_BC21",FALSE,TRUE
"cg04240329_BC21",FALSE,TRUE
"cg07898852_TC21",FALSE,TRUE
"cg00280728_BC21",FALSE,TRUE
"cg14075179_BC21",FALSE,TRUE
"cg12724317_BC21",FALSE,TRUE
"cg12639611_TC21",FALSE,TRUE
"cg10932072_BC21",FALSE,TRUE
"cg00315736_BC21",FALSE,TRUE
"cg25499493_BC21",FALSE,TRUE
"cg15756430_BC21",FALSE,TRUE
"cg13140804_BC21",FALSE,TRUE
"cg04204897_BC21",FALSE,TRUE
"cg11291492_BC21",FALSE,TRUE
"cg21099802_BC21",FALSE,TRUE
"cg12987209_BC21",FALSE,TRUE
"cg09219931_BC21",FALSE,TRUE
"cg20025871_BC21",FALSE,TRUE
"cg27093224_BC21",FALSE,TRUE
"cg14087884_BC21",FALSE,TRUE
"cg14353834_BC21",FALSE,TRUE
"cg00234645_TC21",FALSE,TRUE
"cg23071164_TC21",FALSE,TRUE
"cg26393275_TC21",FALSE,TRUE
"cg23730463_BC21",FALSE,TRUE
"cg14831325_BC21",FALSE,TRUE
"cg23907355_BC21",FALSE,TRUE
"cg14607484_BC21",FALSE,TRUE
"cg06157831_BC21",FALSE,TRUE
"cg20656245_BC21",FALSE,TRUE
"cg21238253_BC21",FALSE,TRUE
"cg13947299_BC21",FALSE,TRUE
"cg25272900_BC21",FALSE,TRUE
"cg08903759_BC21",FALSE,TRUE
"cg06535918_BC21",FALSE,TRUE
"cg06318601_BC21",FALSE,TRUE
"cg00120118_BC21",FALSE,TRUE
"cg16017945_BC21",FALSE,TRUE
"cg08743402_TC21",FALSE,TRUE
"cg19306317_TC21",FALSE,TRUE
"cg18145795_TC21",FALSE,TRUE
"cg11220398_BC21",FALSE,TRUE
"cg18995884_BC21",FALSE,TRUE
"cg02095324_BC21",FALSE,TRUE
"cg21194356_BC21",FALSE,TRUE
"cg04163534_BC21",FALSE,TRUE
"cg20063257_BC21",FALSE,TRUE
"cg01353621_BC21",FALSE,TRUE
"cg09943609_BC21",FALSE,TRUE
"cg27388875_BC21",FALSE,TRUE
"cg15282703_BC21",FALSE,TRUE
"cg15922948_BC21",FALSE,TRUE
"cg00347741_BC21",FALSE,TRUE
"cg06187237_BC21",FALSE,TRUE
"cg17283086_BC21",FALSE,TRUE
"cg21970604_BC21",FALSE,TRUE
"cg21782554_BC21",FALSE,TRUE
"cg18075390_BC21",FALSE,TRUE
"cg27704800_BC21",FALSE,TRUE
"cg02769490_BC21",FALSE,TRUE
"cg10133169_BC21",FALSE,TRUE
"cg26701940_BC21",FALSE,TRUE
"cg12409988_BC21",FALSE,TRUE
"cg21329660_TC21",FALSE,TRUE
"cg01376931_TC21",FALSE,TRUE
"cg24124245_BC21",FALSE,TRUE
"cg18228738_TC21",FALSE,TRUE
"cg15695698_BC21",FALSE,TRUE
"cg17091571_BC21",FALSE,TRUE
"cg14131294_BC21",FALSE,TRUE
"cg12965476_BC21",FALSE,TRUE
"cg26336836_BC21",FALSE,TRUE
"cg21711966_BC21",FALSE,TRUE
"cg05692641_BC21",FALSE,TRUE
"cg03026817_TC21",FALSE,TRUE
"cg10463553_BC21",FALSE,TRUE
"cg24175137_BC21",FALSE,TRUE
"cg27318021_BC21",FALSE,TRUE
"cg18059885_BC21",FALSE,TRUE
"cg27851037_BC21",FALSE,TRUE
"cg01496896_TC21",FALSE,TRUE
"cg00134134_TC21",FALSE,TRUE
"cg08292421_BC21",FALSE,TRUE
"cg02447028_BC21",FALSE,TRUE
"cg06440590_BC21",FALSE,TRUE
"cg05911893_BC21",FALSE,TRUE
"cg05150048_BC21",FALSE,TRUE
"cg09454043_BC21",FALSE,TRUE
"cg16637738_BC21",FALSE,TRUE
"cg15146441_BC21",FALSE,TRUE
"cg24205429_BC21",FALSE,TRUE
"cg13316564_BC21",FALSE,TRUE
"cg14144481_BC21",FALSE,TRUE
"cg17157946_BC21",FALSE,TRUE
"cg10171343_BC21",FALSE,TRUE
"cg11616643_BC21",FALSE,TRUE
"cg12729179_BC21",FALSE,TRUE
"cg18464706_TC21",FALSE,TRUE
"cg04806722_BC21",FALSE,TRUE
"cg17150069_BC21",FALSE,TRUE
"cg11059720_BC21",FALSE,TRUE
"cg11322703_TC21",FALSE,TRUE
"cg10930884_BC21",FALSE,TRUE
"cg04239438_BC21",FALSE,TRUE
"cg06305951_BC21",FALSE,TRUE
"cg05868449_TC21",FALSE,TRUE
"cg15404093_BC21",FALSE,TRUE
"cg12637064_BC21",FALSE,TRUE
"cg22461637_BC21",FALSE,TRUE
"cg16669842_BC21",FALSE,TRUE
"cg00380209_TC21",FALSE,TRUE
"cg05473796_BC21",FALSE,TRUE
"cg08291957_TC21",FALSE,TRUE
"cg00229192_TC21",FALSE,TRUE
"cg03534615_BC21",FALSE,TRUE
"cg06548993_BC21",FALSE,TRUE
"cg05863094_BC21",FALSE,TRUE
"cg10329114_BC21",FALSE,TRUE
"cg04059337_BC21",FALSE,TRUE
"cg22601808_BC21",FALSE,TRUE
"cg02777122_BC21",FALSE,TRUE
"cg23689531_BC21",FALSE,TRUE
"cg02345327_TC21",FALSE,TRUE
"cg22234950_BC21",FALSE,TRUE
"cg07052624_BC21",FALSE,TRUE
"cg08337330_BC21",FALSE,TRUE
"cg19783677_BC21",FALSE,TRUE
"cg22933252_BC21",FALSE,TRUE
"cg07706486_BC21",FALSE,TRUE
"cg21220753_BC21",FALSE,TRUE
"cg18003176_TC21",FALSE,TRUE
"cg18007007_BC21",FALSE,TRUE
"cg16229154_BC21",FALSE,TRUE
"cg04979798_BC21",FALSE,TRUE
"cg07380883_BC21",FALSE,TRUE
"cg25455317_BC21",FALSE,TRUE
"cg14966347_BC21",FALSE,TRUE
"cg26561900_BC21",FALSE,TRUE
"cg20907586_BC21",FALSE,TRUE
"cg16631133_BC21",FALSE,TRUE
"cg10028204_TC21",FALSE,TRUE
"cg27544052_BC21",FALSE,TRUE
"cg19126395_TC21",FALSE,TRUE
"cg19795560_BC21",FALSE,TRUE
"cg03330625_BC21",FALSE,TRUE
"cg23923572_BC21",FALSE,TRUE
"cg26912738_BC21",FALSE,TRUE
"cg04621882_BC21",FALSE,TRUE
"cg18598942_BC21",FALSE,TRUE
"cg05916148_BC21",FALSE,TRUE
"cg02362518_BC21",FALSE,TRUE
"cg25251370_BC21",FALSE,TRUE
"cg09994301_BC21",FALSE,TRUE
"cg07017513_BC21",FALSE,TRUE
"cg09406499_BC21",FALSE,TRUE
"cg24550507_BC21",FALSE,TRUE
"cg22874842_BC21",FALSE,TRUE
"cg15993778_BC21",FALSE,TRUE
"cg10462576_BC21",FALSE,TRUE
"cg19524041_BC21",FALSE,TRUE
"cg04958082_BC21",FALSE,TRUE
"cg15036140_BC21",FALSE,TRUE
"cg25791881_BC21",FALSE,TRUE
"cg13068233_BC21",FALSE,TRUE
"cg11748577_BC21",FALSE,TRUE
"cg24197288_TC21",FALSE,TRUE
"cg09365758_BC21",FALSE,TRUE
"cg16347289_BC21",FALSE,TRUE
"cg06072259_TC21",FALSE,TRUE
"cg23429014_BC21",FALSE,TRUE
"cg09010459_BC21",FALSE,TRUE
"cg00761830_BC21",FALSE,TRUE
"cg19777906_BC21",FALSE,TRUE
"cg19852650_BC21",FALSE,TRUE
"cg03055966_BC21",FALSE,TRUE
"cg00413961_BC21",FALSE,TRUE
"cg18854412_BC21",FALSE,TRUE
"cg08400933_BC21",FALSE,TRUE
"cg17328195_BC21",FALSE,TRUE
"cg03097650_BC21",FALSE,TRUE
"cg11979620_BC21",FALSE,TRUE
"cg25425114_BC21",FALSE,TRUE
"cg11972179_BC21",FALSE,TRUE
"cg02448013_BC21",FALSE,TRUE
"cg06727047_BC21",FALSE,TRUE
"cg08589838_BC21",FALSE,TRUE
"cg19677314_BC21",FALSE,TRUE
"cg02960871_BC21",FALSE,TRUE
"cg00144814_BC21",FALSE,TRUE
"cg06854751_BC21",FALSE,TRUE
"cg13344452_BC21",FALSE,TRUE
"cg19296215_BC21",FALSE,TRUE
"cg17971836_BC21",FALSE,TRUE
"cg26231727_BC21",FALSE,TRUE
"cg15333490_BC21",FALSE,TRUE
"cg17583425_BC21",FALSE,TRUE
"cg12236377_BC21",FALSE,TRUE
"cg22423267_BC21",FALSE,TRUE
"cg14368184_BC21",FALSE,TRUE
"cg18426912_BC21",FALSE,TRUE
"cg25028558_BC21",FALSE,TRUE
"cg13742024_BC21",FALSE,TRUE
"cg25638252_BC21",FALSE,TRUE
"cg14092053_BC21",FALSE,TRUE
"cg27471061_BC21",FALSE,TRUE
"cg27460245_BC21",FALSE,TRUE
"cg04141908_BC21",FALSE,TRUE
"cg07044380_BC21",FALSE,TRUE
"cg13751405_BC21",FALSE,TRUE
"cg19488287_BC21",FALSE,TRUE
"cg01023954_BC21",FALSE,TRUE
"cg12777531_BC21",FALSE,TRUE
"cg24940128_BC21",FALSE,TRUE
"cg15661030_BC21",FALSE,TRUE
"cg09483174_BC21",FALSE,TRUE
"cg15943967_BC21",FALSE,TRUE
"cg17673617_BC21",FALSE,TRUE
"cg14478242_BC21",FALSE,TRUE
"cg15745461_BC21",FALSE,TRUE
"cg11708913_BC21",FALSE,TRUE
"cg15321426_BC21",FALSE,TRUE
"cg27576275_BC21",FALSE,TRUE
"cg04252651_BC21",FALSE,TRUE
"cg20451904_BC21",FALSE,TRUE
"cg24020440_BC21",FALSE,TRUE
"cg03088503_BC21",FALSE,TRUE
"cg01945506_BC21",FALSE,TRUE
"cg08778952_BC21",FALSE,TRUE
"cg06168585_BC21",FALSE,TRUE
"cg14239003_BC21",FALSE,TRUE
"cg13552155_BC21",FALSE,TRUE
"cg18723623_BC21",FALSE,TRUE
"cg03317176_BC21",FALSE,TRUE
"cg20731626_BC21",FALSE,TRUE
"cg17946904_BC21",FALSE,TRUE
"cg13198116_BC21",FALSE,TRUE
"cg13835540_BC21",FALSE,TRUE
"cg11245365_BC21",FALSE,TRUE
"cg00402357_BC21",FALSE,TRUE
"cg15212893_BC21",FALSE,TRUE
"cg06780693_BC21",FALSE,TRUE
"cg18330120_BC21",FALSE,TRUE
"cg19616499_BC21",FALSE,TRUE
"cg13348383_BC21",FALSE,TRUE
"cg27429522_BC21",FALSE,TRUE
"cg03555301_BC21",FALSE,TRUE
"cg06728865_BC21",FALSE,TRUE
"cg01289141_BC21",FALSE,TRUE
"cg02395375_BC21",FALSE,TRUE
"cg16078090_BC21",FALSE,TRUE
"cg02311123_BC21",FALSE,TRUE
"cg26228272_BC21",FALSE,TRUE
"cg13345736_BC21",FALSE,TRUE
"cg07295663_BC21",FALSE,TRUE
"cg01501399_BC21",FALSE,TRUE
"cg17141328_BC21",FALSE,TRUE
"cg18378649_BC21",FALSE,TRUE
"cg01059694_BC21",FALSE,TRUE
"cg25066030_BC21",FALSE,TRUE
"cg05716343_BC21",FALSE,TRUE
"cg26328922_BC21",FALSE,TRUE
"cg10248036_BC21",FALSE,TRUE
"cg01129580_BC21",FALSE,TRUE
"cg16508703_BC21",FALSE,TRUE
"cg26149169_BC21",FALSE,TRUE
"cg06475881_BC21",FALSE,TRUE
"cg18379332_BC21",FALSE,TRUE
"cg11317541_BC21",FALSE,TRUE
"cg24884167_BC21",FALSE,TRUE
"cg16600059_BC21",FALSE,TRUE
"cg12353958_BC21",FALSE,TRUE
"cg25667751_BC21",FALSE,TRUE
"cg12683498_BC21",FALSE,TRUE
"cg00535029_BC21",FALSE,TRUE
"cg08741252_BC21",FALSE,TRUE
"cg11725904_BC21",FALSE,TRUE
"cg05012404_BC21",FALSE,TRUE
"cg27009829_BC21",FALSE,TRUE
"cg20474604_BC21",FALSE,TRUE
"cg09381055_BC21",FALSE,TRUE
"cg17936925_BC21",FALSE,TRUE
"cg05980674_BC21",FALSE,TRUE
"cg14358077_BC21",FALSE,TRUE
"cg08712282_BC21",FALSE,TRUE
"cg00033710_BC21",FALSE,TRUE
"cg04003024_BC21",FALSE,TRUE
"cg25253583_BC21",FALSE,TRUE
"cg15858119_BC21",FALSE,TRUE
"cg27680067_TC21",FALSE,TRUE
"cg11779149_BC21",FALSE,TRUE
"cg06986743_BC21",FALSE,TRUE
"cg14133792_BC21",FALSE,TRUE
"cg24161287_BC21",FALSE,TRUE
"cg26749738_BC21",FALSE,TRUE
"cg02565802_BC21",FALSE,TRUE
"cg20350612_BC21",FALSE,TRUE
"cg01831580_BC21",FALSE,TRUE
"cg09981189_BC21",FALSE,TRUE
"cg25039033_BC21",FALSE,TRUE
"cg12963603_BC21",FALSE,TRUE
"cg08379654_BC21",FALSE,TRUE
"cg19536164_BC21",FALSE,TRUE
"cg15874623_BC21",FALSE,TRUE
"cg07458525_BC21",FALSE,TRUE
"cg13514994_BC21",FALSE,TRUE
"cg20219144_BC21",FALSE,TRUE
"cg00829995_BC21",FALSE,TRUE
"cg19129779_BC21",FALSE,TRUE
"cg21408822_BC21",FALSE,TRUE
"cg22034892_BC21",FALSE,TRUE
"cg13423295_BC21",FALSE,TRUE
"cg24573423_BC21",FALSE,TRUE
"cg05905331_BC21",FALSE,TRUE
"cg14426850_BC21",FALSE,TRUE
"cg06009344_BC21",FALSE,TRUE
"cg17872796_BC21",FALSE,TRUE
"cg13693253_BC21",FALSE,TRUE
"cg27075118_BC21",FALSE,TRUE
"cg05204053_BC21",FALSE,TRUE
"cg22355811_BC21",FALSE,TRUE
"cg08463779_BC21",FALSE,TRUE
"cg16566823_BC21",FALSE,TRUE
"cg15787361_BC21",FALSE,TRUE
"cg04774639_BC21",FALSE,TRUE
"cg26140264_BC21",FALSE,TRUE
"cg05503534_BC21",FALSE,TRUE
"cg13427824_BC21",FALSE,TRUE
"cg09850152_BC21",FALSE,TRUE
"cg15564657_BC21",FALSE,TRUE
"cg23156568_BC21",FALSE,TRUE
"cg01885640_BC21",FALSE,TRUE
"cg11898229_BC21",FALSE,TRUE
"cg19896997_BC21",FALSE,TRUE
"cg17324873_BC21",FALSE,TRUE
"cg24132138_BC21",FALSE,TRUE
"cg15114753_BC21",FALSE,TRUE
"cg22336206_BC21",FALSE,TRUE
"cg12433302_BC21",FALSE,TRUE
"cg06454579_BC21",FALSE,TRUE
"cg04629215_BC21",FALSE,TRUE
"cg24348855_BC21",FALSE,TRUE
"cg18185855_BC21",FALSE,TRUE
"cg08091683_BC21",FALSE,TRUE
"cg18107242_BC21",FALSE,TRUE
"cg19661429_BC21",FALSE,TRUE
"cg18601682_BC21",FALSE,TRUE
"cg12139541_BC21",FALSE,TRUE
"cg02780284_BC21",FALSE,TRUE
"cg03561481_BC21",FALSE,TRUE
"cg14272830_BC21",FALSE,TRUE
"cg15844653_BC21",FALSE,TRUE
"cg25016143_BC21",FALSE,TRUE
"cg10496490_BC21",FALSE,TRUE
"cg16707543_BC21",FALSE,TRUE
"cg01983188_BC21",FALSE,TRUE
"cg21556998_BC21",FALSE,TRUE
"cg17466279_BC21",FALSE,TRUE
"cg17046825_BC21",FALSE,TRUE
"cg16447195_BC21",FALSE,TRUE
"cg00426544_BC21",FALSE,TRUE
"cg12850372_BC21",FALSE,TRUE
"cg13084076_BC21",FALSE,TRUE
"cg17604264_BC21",FALSE,TRUE
"cg13132733_BC21",FALSE,TRUE
"cg17509001_BC21",FALSE,TRUE
"cg13152805_BC21",FALSE,TRUE
"cg17903499_BC21",FALSE,TRUE
"cg14865186_BC21",FALSE,TRUE
"cg15182059_BC21",FALSE,TRUE
"cg15090331_BC21",FALSE,TRUE
"cg12267016_BC21",FALSE,TRUE
"cg12467391_BC21",FALSE,TRUE
"cg25771369_BC21",FALSE,TRUE
"cg23075494_BC21",FALSE,TRUE
"cg19179053_BC21",FALSE,TRUE
"cg04972103_BC21",FALSE,TRUE
"cg14012286_BC21",FALSE,TRUE
"cg26983360_BC21",FALSE,TRUE
"cg07692916_BC21",FALSE,TRUE
"cg00561395_BC21",FALSE,TRUE
"cg16033476_BC21",FALSE,TRUE
"cg12073943_BC21",FALSE,TRUE
"cg03092180_BC21",FALSE,TRUE
"cg08180136_BC21",FALSE,TRUE
"cg15828789_BC21",FALSE,TRUE
"cg16015102_BC21",FALSE,TRUE
"cg25950904_BC21",FALSE,TRUE
"cg03543270_BC21",FALSE,TRUE
"cg05265131_BC21",FALSE,TRUE
"cg05614226_BC21",FALSE,TRUE
"cg04899820_BC21",FALSE,TRUE
"cg01085864_BC21",FALSE,TRUE
"cg01009586_BC21",FALSE,TRUE
"cg05949548_BC21",FALSE,TRUE
"cg25050195_BC21",FALSE,TRUE
"cg25464943_BC21",FALSE,TRUE
"cg26389212_BC21",FALSE,TRUE
"cg25904643_BC21",FALSE,TRUE
"cg17100747_BC21",FALSE,TRUE
"cg17330223_BC21",FALSE,TRUE
"cg17364236_BC21",FALSE,TRUE
"cg25975224_BC21",FALSE,TRUE
"cg25821018_BC21",FALSE,TRUE
"cg25907935_BC21",FALSE,TRUE
"cg11649431_BC21",FALSE,TRUE
"cg11593214_BC21",FALSE,TRUE
"cg12380700_BC21",FALSE,TRUE
"cg12063766_BC21",FALSE,TRUE
"cg13061768_BC21",FALSE,TRUE
"cg13247742_BC21",FALSE,TRUE
"cg13264064_BC21",FALSE,TRUE
"cg13310114_BC21",FALSE,TRUE
"cg12173839_BC21",FALSE,TRUE
"cg25119397_BC21",FALSE,TRUE
"cg25390371_BC21",FALSE,TRUE
"cg10930646_BC21",FALSE,TRUE
"cg02152945_BC21",FALSE,TRUE
"cg03340814_BC21",FALSE,TRUE
"cg20839512_BC21",FALSE,TRUE
"cg14087800_BC21",FALSE,TRUE
"cg09258067_BC21",FALSE,TRUE
"cg09294346_BC21",FALSE,TRUE
"cg09332121_BC21",FALSE,TRUE
"cg09806617_BC21",FALSE,TRUE
"cg09828270_BC21",FALSE,TRUE
"cg08688160_BC21",FALSE,TRUE
"cg07741163_BC21",FALSE,TRUE
"cg07634034_BC21",FALSE,TRUE
"cg05770600_BC21",FALSE,TRUE
"cg03193645_BC21",FALSE,TRUE
"cg19802924_BC21",FALSE,TRUE
"cg23838069_BC21",FALSE,TRUE
"cg24671292_BC21",FALSE,TRUE
"cg19016419_BC21",FALSE,TRUE
"cg21056326_BC21",FALSE,TRUE
"cg11636946_BC21",FALSE,TRUE
"cg10767583_BC21",FALSE,TRUE
"cg11515604_BC21",FALSE,TRUE
"cg26276369_BC21",FALSE,TRUE
"cg20051358_BC21",FALSE,TRUE
"cg12066113_BC21",FALSE,TRUE
"cg12801888_BC21",FALSE,TRUE
"cg12721248_BC21",FALSE,TRUE
"cg11998835_BC21",FALSE,TRUE
"cg03266055_BC21",FALSE,TRUE
"cg18295775_BC21",FALSE,TRUE
"cg00927646_BC21",FALSE,TRUE
"cg00756092_BC21",FALSE,TRUE
"cg18007274_BC21",FALSE,TRUE
"cg00513805_BC21",FALSE,TRUE
"cg11974563_BC21",FALSE,TRUE
"cg14916607_BC21",FALSE,TRUE
"cg13078598_BC21",FALSE,TRUE
"cg09935308_BC21",FALSE,TRUE
"cg09826747_BC21",FALSE,TRUE
"cg09079533_BC21",FALSE,TRUE
"cg08689486_BC21",FALSE,TRUE
"cg02093675_BC21",FALSE,TRUE
"cg00800339_BC21",FALSE,TRUE
"cg25523293_BC21",FALSE,TRUE
"cg14681719_BC21",FALSE,TRUE
"cg07237088_BC21",FALSE,TRUE
"cg06218489_BC21",FALSE,TRUE
"cg15801287_BC21",FALSE,TRUE
"cg14601280_BC21",FALSE,TRUE
"cg15018592_BC21",FALSE,TRUE
"cg16264358_BC21",FALSE,TRUE
"cg19455917_BC21",FALSE,TRUE
"cg17593009_BC21",FALSE,TRUE
"cg18015263_BC21",FALSE,TRUE
"cg17423134_BC21",FALSE,TRUE
"cg02076681_BC21",FALSE,TRUE
"cg07931107_BC21",FALSE,TRUE
"cg13267551_BC21",FALSE,TRUE
"cg10324041_BC21",FALSE,TRUE
"cg03810342_BC21",FALSE,TRUE
"cg02503265_BC21",FALSE,TRUE
"cg25427844_BC21",FALSE,TRUE
"cg02030677_BC21",FALSE,TRUE
"cg19151397_BC21",FALSE,TRUE
"cg15946837_BC21",FALSE,TRUE
"cg16378767_BC21",FALSE,TRUE
"cg19532132_BC21",FALSE,TRUE
"cg23235381_BC21",FALSE,TRUE
"cg23254806_BC21",FALSE,TRUE
"cg21310790_BC21",FALSE,TRUE
"cg21736378_BC21",FALSE,TRUE
"cg27003238_BC21",FALSE,TRUE
"cg27360208_BC21",FALSE,TRUE
"cg21030086_BC21",FALSE,TRUE
"cg27208163_BC21",FALSE,TRUE
"cg26886585_BC21",FALSE,TRUE
"cg16673615_BC21",FALSE,TRUE
"cg11885065_BC21",FALSE,TRUE
"cg10896171_BC21",FALSE,TRUE
"cg02862707_BC21",FALSE,TRUE
"cg09994094_BC21",FALSE,TRUE
"cg19677320_BC21",FALSE,TRUE
"cg24442849_BC21",FALSE,TRUE
"cg26883791_BC21",FALSE,TRUE
"cg25174478_BC21",FALSE,TRUE
"cg08298560_BC21",FALSE,TRUE
"cg17208270_BC21",FALSE,TRUE
"cg12682529_BC21",FALSE,TRUE
"cg13497626_BC21",FALSE,TRUE
"cg12606130_BC21",FALSE,TRUE
"cg20415435_BC21",FALSE,TRUE
"cg01806603_BC21",FALSE,TRUE
"cg26313065_BC21",FALSE,TRUE
"cg16272310_BC21",FALSE,TRUE
"cg01241241_BC21",FALSE,TRUE
"cg02276828_BC21",FALSE,TRUE
"cg12384448_BC21",FALSE,TRUE
"cg23416097_BC21",FALSE,TRUE
"cg24199805_BC21",FALSE,TRUE
"cg00433611_BC21",FALSE,TRUE
"cg13215196_BC21",FALSE,TRUE
"cg16988709_BC21",FALSE,TRUE
"cg22426995_BC21",FALSE,TRUE
"cg17252095_BC21",FALSE,TRUE
"cg17263567_BC21",FALSE,TRUE
"cg09003825_BC21",FALSE,TRUE
"cg14305961_BC21",FALSE,TRUE
"cg07310278_BC21",FALSE,TRUE
"cg00603908_BC21",FALSE,TRUE
"cg02158592_BC21",FALSE,TRUE
"cg06829442_BC21",FALSE,TRUE
"cg06833030_BC21",FALSE,TRUE
"cg02181405_BC21",FALSE,TRUE
"cg02027349_BC21",FALSE,TRUE
"cg07801152_BC21",FALSE,TRUE
"cg14532444_BC21",FALSE,TRUE
"cg04888366_BC21",FALSE,TRUE
"cg17566607_BC21",FALSE,TRUE
"cg27359191_BC21",FALSE,TRUE
"cg26915730_BC21",FALSE,TRUE
"cg18328981_BC21",FALSE,TRUE
"cg11823552_BC21",FALSE,TRUE
"cg12033051_BC21",FALSE,TRUE
"cg11579445_BC21",FALSE,TRUE
"cg14723177_BC21",FALSE,TRUE
"cg14242010_BC21",FALSE,TRUE
"cg13830407_BC21",FALSE,TRUE
"cg07896623_BC21",FALSE,TRUE
"cg21690056_BC21",FALSE,TRUE
"cg01973499_BC21",FALSE,TRUE
"cg02740552_BC21",FALSE,TRUE
"cg17650839_BC21",FALSE,TRUE
"cg07645981_BC21",FALSE,TRUE
"cg15421338_BC21",FALSE,TRUE
"cg02551218_BC21",FALSE,TRUE
"cg08635619_BC21",FALSE,TRUE
"cg14633859_BC21",FALSE,TRUE
"cg14974622_BC21",FALSE,TRUE
"cg14095479_BC21",FALSE,TRUE
"cg10165290_BC21",FALSE,TRUE
"cg14198371_BC21",FALSE,TRUE
"cg14371828_BC21",FALSE,TRUE
"cg14298837_BC21",FALSE,TRUE
"cg15113886_BC21",FALSE,TRUE
"cg15955973_BC21",FALSE,TRUE
"cg16292255_BC21",FALSE,TRUE
"cg16076758_BC21",FALSE,TRUE
"cg15123849_BC21",FALSE,TRUE
"cg15158890_BC21",FALSE,TRUE
"cg15534647_BC21",FALSE,TRUE
"cg09970030_BC21",FALSE,TRUE
"cg09856243_BC21",FALSE,TRUE
"cg10427506_BC21",FALSE,TRUE
"cg09308735_BC21",FALSE,TRUE
"cg10418228_BC21",FALSE,TRUE
"cg10423837_BC21",FALSE,TRUE
"cg22063035_BC21",FALSE,TRUE
"cg23481251_BC21",FALSE,TRUE
"cg16515847_BC21",FALSE,TRUE
"cg25131259_BC21",FALSE,TRUE
"cg15745905_BC21",FALSE,TRUE
"cg14360453_BC21",FALSE,TRUE
"cg21475044_BC21",FALSE,TRUE
"cg24796080_BC21",FALSE,TRUE
"cg11490775_BC21",FALSE,TRUE
"cg02900353_BC21",FALSE,TRUE
"cg27373510_BC21",FALSE,TRUE
"cg06014899_BC21",FALSE,TRUE
"cg05795219_BC21",FALSE,TRUE
"cg10147065_BC21",FALSE,TRUE
"cg04440184_BC21",FALSE,TRUE
"cg04368237_BC21",FALSE,TRUE
"cg04617918_BC21",FALSE,TRUE
"cg03805437_BC21",FALSE,TRUE
"cg03663880_BC21",FALSE,TRUE
"cg09739024_BC21",FALSE,TRUE
"cg11218080_BC21",FALSE,TRUE
"cg11027649_BC21",FALSE,TRUE
"cg10997613_BC21",FALSE,TRUE
"cg10733099_BC21",FALSE,TRUE
"cg10765019_BC21",FALSE,TRUE
"cg26538006_BC21",FALSE,TRUE
"cg06505076_BC21",FALSE,TRUE
"cg24504252_BC21",FALSE,TRUE
"cg17408994_BC21",FALSE,TRUE
"cg16994790_BC21",FALSE,TRUE
"cg01526050_BC21",FALSE,TRUE
"cg05065816_BC21",FALSE,TRUE
"cg01943806_BC21",FALSE,TRUE
"cg11882903_BC21",FALSE,TRUE
"cg05231935_BC21",FALSE,TRUE
"cg16685777_BC21",FALSE,TRUE
"cg16935205_BC21",FALSE,TRUE
"cg09446562_BC21",FALSE,TRUE
"cg18639504_BC21",FALSE,TRUE
"cg09919052_BC21",FALSE,TRUE
"cg09041814_BC21",FALSE,TRUE
"cg17656094_BC21",FALSE,TRUE
"cg17729630_BC21",FALSE,TRUE
"cg22572265_BC21",FALSE,TRUE
"cg22470720_BC21",FALSE,TRUE
"cg00310622_BC21",FALSE,TRUE
"cg05674878_BC21",FALSE,TRUE
"cg26773221_BC21",FALSE,TRUE
"cg04100691_BC21",FALSE,TRUE
"cg10824220_BC21",FALSE,TRUE
"cg07344828_BC21",FALSE,TRUE
"cg01497939_BC21",FALSE,TRUE
"cg09886024_BC21",FALSE,TRUE
"cg01195881_BC21",FALSE,TRUE
"cg25116973_BC21",FALSE,TRUE
"cg18849583_BC21",FALSE,TRUE
"cg20604957_TC21",FALSE,TRUE
"cg01571956_TC21",FALSE,TRUE
"cg14126777_BC21",FALSE,TRUE
"cg10826200_BC21",FALSE,TRUE
"cg23732978_TC21",FALSE,TRUE
"cg14999189_BC21",FALSE,TRUE
"cg05696056_TC21",FALSE,TRUE
"cg08125397_TC21",FALSE,TRUE
"cg21131402_TC21",FALSE,TRUE
"cg26283098_BC21",FALSE,TRUE
"cg21950208_TC21",FALSE,TRUE
"cg18574476_TC21",FALSE,TRUE
"cg16741573_TC21",FALSE,TRUE
"cg26715644_TC21",FALSE,TRUE
"cg00107682_TC21",FALSE,TRUE
"cg26571814_TC21",FALSE,TRUE
"cg25096749_BC21",FALSE,TRUE
"cg06805064_BC21",FALSE,TRUE
"cg17964505_BC21",FALSE,TRUE
"cg19537932_TC21",FALSE,TRUE
"cg06218932_BC21",FALSE,TRUE
"cg07396092_TC21",FALSE,TRUE
"cg08988309_BC21",FALSE,TRUE
"cg14154441_BC21",FALSE,TRUE
"cg19474725_TC21",FALSE,TRUE
"cg15022015_TC21",FALSE,TRUE
"cg10134583_TC21",FALSE,TRUE
"cg12725323_BC21",FALSE,TRUE
"cg26114035_BC21",FALSE,TRUE
"cg19678937_BC21",FALSE,TRUE
"cg10771293_TC21",FALSE,TRUE
"cg10714189_BC21",FALSE,TRUE
"cg10681727_BC21",FALSE,TRUE
"cg10675106_BC21",FALSE,TRUE
"cg10663293_BC21",FALSE,TRUE
"cg02498509_BC21",FALSE,TRUE
"cg02197501_BC21",FALSE,TRUE
"cg20373474_BC21",FALSE,TRUE
"cg13732161_BC21",FALSE,TRUE
"cg13512251_TC21",FALSE,TRUE
"cg13499687_TC21",FALSE,TRUE
"cg13498642_TC21",FALSE,TRUE
"cg13494085_TC21",FALSE,TRUE
"cg13399260_TC21",FALSE,TRUE
"cg26099467_BC21",FALSE,TRUE
"cg25889608_BC21",FALSE,TRUE
"cg25304150_TC21",FALSE,TRUE
"cg08410382_TC21",FALSE,TRUE
"cg08327808_TC21",FALSE,TRUE
"cg08134685_TC21",FALSE,TRUE
"cg08127042_BC21",FALSE,TRUE
"cg08026507_BC21",FALSE,TRUE
"cg13083607_BC21",FALSE,TRUE
"cg27530533_BC21",FALSE,TRUE
"cg27530294_BC21",FALSE,TRUE
"cg27530173_BC21",FALSE,TRUE
"cg21488144_TC21",FALSE,TRUE
"cg21301992_BC21",FALSE,TRUE
"cg17546521_BC21",FALSE,TRUE
"cg17546160_TC21",FALSE,TRUE
"cg17342875_TC21",FALSE,TRUE
"cg17342422_TC21",FALSE,TRUE
"cg16866342_BC21",FALSE,TRUE
"cg16866210_BC21",FALSE,TRUE
"cg16865632_TC21",FALSE,TRUE
"cg02763161_TC21",FALSE,TRUE
"cg02607677_TC21",FALSE,TRUE
"cg02348563_BC21",FALSE,TRUE
"cg02348562_TC21",FALSE,TRUE
"cg02167938_BC21",FALSE,TRUE
"cg02056663_BC21",FALSE,TRUE
"cg01921621_BC21",FALSE,TRUE
"cg07911222_TC21",FALSE,TRUE
"cg01134927_TC21",FALSE,TRUE
"cg20620324_BC21",FALSE,TRUE
"cg20454066_BC21",FALSE,TRUE
"cg20338461_TC21",FALSE,TRUE
"cg03992965_BC21",FALSE,TRUE
"cg03981877_BC21",FALSE,TRUE
"cg03912404_TC21",FALSE,TRUE
"cg03885036_BC21",FALSE,TRUE
"cg03772375_TC21",FALSE,TRUE
"cg25806533_TC21",FALSE,TRUE
"cg25721599_TC21",FALSE,TRUE
"cg16788554_TC21",FALSE,TRUE
"cg16788108_BC21",FALSE,TRUE
"cg16711350_BC21",FALSE,TRUE
"cg16647544_BC21",FALSE,TRUE
"cg06797918_BC21",FALSE,TRUE
"cg05683589_BC21",FALSE,TRUE
"cg13747892_TC21",FALSE,TRUE
"cg03601043_TC21",FALSE,TRUE
"cg03272608_BC21",FALSE,TRUE
"cg03019369_BC21",FALSE,TRUE
"cg16873725_BC21",FALSE,TRUE
"cg16749150_TC21",FALSE,TRUE
"cg13612803_TC21",FALSE,TRUE
"cg13540766_BC21",FALSE,TRUE
"cg13403192_TC21",FALSE,TRUE
"cg13267415_TC21",FALSE,TRUE
"cg13124307_TC21",FALSE,TRUE
"cg21770750_TC21",FALSE,TRUE
"cg21548849_BC21",FALSE,TRUE
"cg18874862_TC21",FALSE,TRUE
"cg18874789_TC21",FALSE,TRUE
"cg18719523_BC21",FALSE,TRUE
"cg18591761_TC21",FALSE,TRUE
"cg18553692_BC21",FALSE,TRUE
"cg18549270_TC21",FALSE,TRUE
"cg01813894_TC21",FALSE,TRUE
"cg01771556_BC21",FALSE,TRUE
"cg01512328_TC21",FALSE,TRUE
"cg18477535_TC21",FALSE,TRUE
"cg17906472_BC21",FALSE,TRUE
"cg17738236_BC21",FALSE,TRUE
"cg17426544_BC21",FALSE,TRUE
"cg17425922_BC21",FALSE,TRUE
"cg09690536_BC21",FALSE,TRUE
"cg09592791_TC21",FALSE,TRUE
"cg10698006_BC21",FALSE,TRUE
"cg26267145_TC21",FALSE,TRUE
"cg05845371_BC21",FALSE,TRUE
"cg05673804_BC21",FALSE,TRUE
"cg10184031_TC21",FALSE,TRUE
"cg10183899_BC21",FALSE,TRUE
"cg27323291_BC21",FALSE,TRUE
"cg27322650_TC21",FALSE,TRUE
"cg27298632_TC21",FALSE,TRUE
"cg27201214_BC21",FALSE,TRUE
"cg18538594_TC21",FALSE,TRUE
"cg13782421_TC21",FALSE,TRUE
"cg13577046_BC21",FALSE,TRUE
"cg13434141_BC21",FALSE,TRUE
"cg13373579_TC21",FALSE,TRUE
"cg09839685_BC21",FALSE,TRUE
"cg09752341_TC21",FALSE,TRUE
"cg09466675_TC21",FALSE,TRUE
"cg21906635_BC21",FALSE,TRUE
"cg03975540_TC21",FALSE,TRUE
"cg20793560_BC21",FALSE,TRUE
"cg20719228_BC21",FALSE,TRUE
"cg20387798_TC21",FALSE,TRUE
"cg07710685_TC21",FALSE,TRUE
"cg07153610_BC21",FALSE,TRUE
"cg10498605_BC21",FALSE,TRUE
"cg14630585_BC21",FALSE,TRUE
"cg05607485_TC21",FALSE,TRUE
"cg05580578_TC21",FALSE,TRUE
"cg05542335_BC21",FALSE,TRUE
"cg19895584_TC21",FALSE,TRUE
"cg19895487_TC21",FALSE,TRUE
"cg19895291_BC21",FALSE,TRUE
"cg22425317_TC21",FALSE,TRUE
"cg26619677_BC21",FALSE,TRUE
"cg10298744_TC21",FALSE,TRUE
"cg10145571_TC21",FALSE,TRUE
"cg10090773_BC21",FALSE,TRUE
"cg10025513_TC21",FALSE,TRUE
"cg10007058_BC21",FALSE,TRUE
"cg09991329_TC21",FALSE,TRUE
"cg09906294_TC21",FALSE,TRUE
"cg09872505_TC21",FALSE,TRUE
"cg09858007_BC21",FALSE,TRUE
"cg16589941_BC21",FALSE,TRUE
"cg06304624_BC21",FALSE,TRUE
"cg18623232_BC21",FALSE,TRUE
"cg18613196_BC21",FALSE,TRUE
"cg17906759_BC21",FALSE,TRUE
"cg16854387_BC21",FALSE,TRUE
"cg16723991_BC21",FALSE,TRUE
"cg16194273_BC21",FALSE,TRUE
"cg16009403_TC21",FALSE,TRUE
"cg01553984_TC21",FALSE,TRUE
"cg14643655_BC21",FALSE,TRUE
"cg13989576_TC21",FALSE,TRUE
"cg27419226_TC21",FALSE,TRUE
"cg27401913_TC21",FALSE,TRUE
"cg27370048_TC21",FALSE,TRUE
"cg27335612_TC21",FALSE,TRUE
"cg27268525_BC21",FALSE,TRUE
"cg27268524_TC21",FALSE,TRUE
"cg27264630_BC21",FALSE,TRUE
"cg27184380_BC21",FALSE,TRUE
"cg27045197_TC21",FALSE,TRUE
"cg13021266_TC21",FALSE,TRUE
"cg12730131_BC21",FALSE,TRUE
"cg06696803_BC21",FALSE,TRUE
"cg06675246_BC21",FALSE,TRUE
"cg06562171_TC21",FALSE,TRUE
"cg06490579_BC21",FALSE,TRUE
"cg03909798_BC21",FALSE,TRUE
"cg23369845_BC21",FALSE,TRUE
"cg23369325_BC21",FALSE,TRUE
"cg15090426_TC21",FALSE,TRUE
"cg15085844_BC21",FALSE,TRUE
"cg15058431_TC21",FALSE,TRUE
"cg14779295_BC21",FALSE,TRUE
"cg08284362_BC21",FALSE,TRUE
"cg09316306_TC22",FALSE,TRUE
"cg07897123_BC21",FALSE,TRUE
"cg11713788_BC22",FALSE,TRUE
"cg23613768_BC21",FALSE,TRUE
"cg23613626_TC21",FALSE,TRUE
"cg10215675_BC21",FALSE,TRUE
"cg10079350_BC21",FALSE,TRUE
"cg10079349_BC21",FALSE,TRUE
"cg01961533_TC21",FALSE,TRUE
"cg01751186_BC21",FALSE,TRUE
"cg01750510_TC21",FALSE,TRUE
"cg01621934_TC21",FALSE,TRUE
"cg01618497_BC21",FALSE,TRUE
"cg01605470_TC21",FALSE,TRUE
"cg05866618_BC21",FALSE,TRUE
"cg27625597_TC21",FALSE,TRUE
"cg27508306_BC21",FALSE,TRUE
"cg07230995_TC21",FALSE,TRUE
"cg07192362_BC21",FALSE,TRUE
"cg07123635_TC21",FALSE,TRUE
"cg08183217_TC21",FALSE,TRUE
"cg22747141_BC21",FALSE,TRUE
"cg22418456_BC21",FALSE,TRUE
"cg22408183_BC21",FALSE,TRUE
"cg15022792_BC21",FALSE,TRUE
"cg22617364_BC21",FALSE,TRUE
"cg22617152_TC21",FALSE,TRUE
"cg09948756_TC21",FALSE,TRUE
"cg09921209_BC21",FALSE,TRUE
"cg09294498_BC21",FALSE,TRUE
"cg03680870_TC21",FALSE,TRUE
"cg03577109_TC21",FALSE,TRUE
"cg02847046_BC21",FALSE,TRUE
"cg02588425_BC21",FALSE,TRUE
"cg17324873_BC22",FALSE,TRUE
"cg17027730_BC22",FALSE,TRUE
"cg16957107_BC22",FALSE,TRUE
"cg08789494_TC21",FALSE,TRUE
"cg08536278_TC21",FALSE,TRUE
"cg08451220_BC21",FALSE,TRUE
"cg19782374_BC21",FALSE,TRUE
"cg01124605_BC21",FALSE,TRUE
"cg00624146_TC21",FALSE,TRUE
"cg11336544_BC21",FALSE,TRUE
"cg10902449_TC21",FALSE,TRUE
"cg04558320_TC21",FALSE,TRUE
"cg04557749_BC21",FALSE,TRUE
"cg02231010_BC21",FALSE,TRUE
"cg02493517_TC21",FALSE,TRUE
"cg02374444_TC21",FALSE,TRUE
"cg17863427_TC21",FALSE,TRUE
"cg04305627_TC21",FALSE,TRUE
"cg06016765_BC21",FALSE,TRUE
"cg06016757_TC21",FALSE,TRUE
"cg05833362_BC21",FALSE,TRUE
"cg24679221_BC21",FALSE,TRUE
"cg24049703_TC21",FALSE,TRUE
"cg26736941_BC21",FALSE,TRUE
"cg26634749_TC21",FALSE,TRUE
"cg05596985_TC21",FALSE,TRUE
"cg05593903_TC21",FALSE,TRUE
"cg05391690_BC21",FALSE,TRUE
"cg26957082_BC21",FALSE,TRUE
"cg26920282_TC21",FALSE,TRUE
"cg27746323_BC21",FALSE,TRUE
"cg27631725_TC21",FALSE,TRUE
"cg11284356_TC21",FALSE,TRUE
"cg10865271_TC21",FALSE,TRUE
"cg02830280_TC21",FALSE,TRUE
"cg02803149_BC21",FALSE,TRUE
"cg04487833_TC21",FALSE,TRUE
"cg17915331_BC21",FALSE,TRUE
"cg17877119_TC21",FALSE,TRUE
"cg17696998_BC21",FALSE,TRUE
"cg17686915_BC21",FALSE,TRUE
"cg17533290_TC21",FALSE,TRUE
"cg17529447_TC21",FALSE,TRUE
"cg00269900_TC21",FALSE,TRUE
"cg27625595_TC21",FALSE,TRUE
"cg27565240_BC21",FALSE,TRUE
"cg25597603_BC21",FALSE,TRUE
"cg26908872_TC21",FALSE,TRUE
"cg26893107_BC21",FALSE,TRUE
"cg08059789_TC21",FALSE,TRUE
"cg08046098_BC21",FALSE,TRUE
"cg07931592_BC21",FALSE,TRUE
"cg07908766_TC21",FALSE,TRUE
"cg07902629_TC21",FALSE,TRUE
"cg07829689_TC21",FALSE,TRUE
"cg07786246_TC21",FALSE,TRUE
"cg07383965_BC21",FALSE,TRUE
"cg07279851_BC21",FALSE,TRUE
"cg07278395_BC21",FALSE,TRUE
"cg12526997_BC22",FALSE,TRUE
"cg25277819_TC21",FALSE,TRUE
"cg13404392_TC21",FALSE,TRUE
"cg13372473_TC21",FALSE,TRUE
"cg12738978_TC21",FALSE,TRUE
"cg14222733_TC21",FALSE,TRUE
"cg14148554_TC21",FALSE,TRUE
"cg14051835_TC21",FALSE,TRUE
"cg14034201_TC21",FALSE,TRUE
"cg14019762_BC21",FALSE,TRUE
"cg13981211_TC21",FALSE,TRUE
"cg05323262_BC21",FALSE,TRUE
"cg17964505_BC23",FALSE,TRUE
"cg20206595_TC21",FALSE,TRUE
"cg05205610_BC21",FALSE,TRUE
"cg05133883_TC21",FALSE,TRUE
"cg05079364_TC22",FALSE,TRUE
"cg05075922_TC21",FALSE,TRUE
"cg02041055_BC21",FALSE,TRUE
"cg27225683_BC21",FALSE,TRUE
"cg27225679_BC21",FALSE,TRUE
"cg27000133_TC21",FALSE,TRUE
"cg26982529_TC21",FALSE,TRUE
"cg26595585_BC21",FALSE,TRUE
"cg26373489_BC21",FALSE,TRUE
"cg11925479_BC21",FALSE,TRUE
"cg11924987_BC21",FALSE,TRUE
"cg01024808_TC21",FALSE,TRUE
"cg00941708_TC21",FALSE,TRUE
"cg00990166_TC21",FALSE,TRUE
"cg00890191_BC21",FALSE,TRUE
"cg26574797_BC21",FALSE,TRUE
"cg08359514_BC21",FALSE,TRUE
"cg19703204_BC21",FALSE,TRUE
"cg19463594_TC21",FALSE,TRUE
"cg19396187_TC21",FALSE,TRUE
"cg19336011_BC21",FALSE,TRUE
"cg19209597_TC21",FALSE,TRUE
"cg19039536_BC21",FALSE,TRUE
"cg18594695_BC21",FALSE,TRUE
"cg13704086_TC21",FALSE,TRUE
"cg13708908_BC22",FALSE,TRUE
"cg21784654_BC21",FALSE,TRUE
"cg11629379_BC21",FALSE,TRUE
"cg11599373_BC21",FALSE,TRUE
"cg11402427_TC21",FALSE,TRUE
"cg11354426_TC21",FALSE,TRUE
"cg11340998_BC21",FALSE,TRUE
"cg26595864_TC21",FALSE,TRUE
"cg15536413_TC21",FALSE,TRUE
"cg15488333_TC21",FALSE,TRUE
"cg15413136_TC21",FALSE,TRUE
"cg15411781_TC21",FALSE,TRUE
"cg15059288_BC21",FALSE,TRUE
"cg10502512_TC21",FALSE,TRUE
"cg15566150_TC21",FALSE,TRUE
"cg25017845_TC21",FALSE,TRUE
"cg24942391_TC21",FALSE,TRUE
"cg25039849_TC21",FALSE,TRUE
"cg21818525_TC21",FALSE,TRUE
"cg11956619_BC21",FALSE,TRUE
"cg11654837_BC21",FALSE,TRUE
"cg25318279_BC22",FALSE,TRUE
"cg12441439_BC21",FALSE,TRUE
"cg25072081_TC21",FALSE,TRUE
"cg25010808_TC21",FALSE,TRUE
"cg25009422_TC21",FALSE,TRUE
"cg24971554_BC21",FALSE,TRUE
"cg07318218_BC21",FALSE,TRUE
"cg07261900_TC21",FALSE,TRUE
"cg07208005_BC21",FALSE,TRUE
"cg07098770_BC21",FALSE,TRUE
"cg07093357_BC21",FALSE,TRUE
"cg07053407_TC21",FALSE,TRUE
"cg26913819_TC21",FALSE,TRUE
"cg12880845_TC21",FALSE,TRUE
"cg12880844_BC21",FALSE,TRUE
"cg12732991_BC21",FALSE,TRUE
"cg15357207_BC21",FALSE,TRUE
"cg01169660_BC21",FALSE,TRUE
"cg10659984_TC21",FALSE,TRUE
"cg24863074_TC21",FALSE,TRUE
"cg23486679_BC21",FALSE,TRUE
"cg23480434_BC21",FALSE,TRUE
"cg07413623_BC21",FALSE,TRUE
"cg18218475_BC21",FALSE,TRUE
"cg12252309_BC21",FALSE,TRUE
"cg11587426_TC21",FALSE,TRUE
"cg11543366_TC21",FALSE,TRUE
"cg11521132_TC21",FALSE,TRUE
"cg10900878_BC21",FALSE,TRUE
"cg05280557_TC21",FALSE,TRUE
"cg04751559_BC21",FALSE,TRUE
"cg04693972_TC21",FALSE,TRUE
"cg04608997_BC21",FALSE,TRUE
"cg26984193_TC21",FALSE,TRUE
"cg26857446_TC21",FALSE,TRUE
"cg17422914_TC21",FALSE,TRUE
"cg17329916_BC21",FALSE,TRUE
"cg15054466_TC21",FALSE,TRUE
"cg09544053_BC21",FALSE,TRUE
"cg06894968_BC21",FALSE,TRUE
"cg06862579_TC21",FALSE,TRUE
"cg03324669_BC21",FALSE,TRUE
"cg03317485_BC21",FALSE,TRUE
"cg03315145_TC21",FALSE,TRUE
"cg03216765_TC21",FALSE,TRUE
"cg03037314_BC21",FALSE,TRUE
"cg15596201_BC21",FALSE,TRUE
"cg15299477_BC21",FALSE,TRUE
"cg25873337_TC21",FALSE,TRUE
"cg25870976_BC21",FALSE,TRUE
"cg25870812_TC21",FALSE,TRUE
"cg14133310_TC21",FALSE,TRUE
"cg14133016_TC21",FALSE,TRUE
"cg14132492_BC21",FALSE,TRUE
"cg14124266_BC21",FALSE,TRUE
"cg14113403_BC21",FALSE,TRUE
"cg14088321_BC21",FALSE,TRUE
"cg24011804_BC21",FALSE,TRUE
"cg23990295_TC21",FALSE,TRUE
"cg23986135_TC21",FALSE,TRUE
"cg23980311_TC21",FALSE,TRUE
"cg23973294_TC21",FALSE,TRUE
"cg23972540_TC21",FALSE,TRUE
"cg27160227_TC21",FALSE,TRUE
"cg27144194_TC21",FALSE,TRUE
"cg27122795_TC21",FALSE,TRUE
"cg27122062_TC21",FALSE,TRUE
"cg27087472_TC21",FALSE,TRUE
"cg27087471_TC21",FALSE,TRUE
"cg04547326_BC21",FALSE,TRUE
"cg16416485_BC21",FALSE,TRUE
"cg15114982_BC21",FALSE,TRUE
"cg19559975_TC21",FALSE,TRUE
"cg19396186_BC21",FALSE,TRUE
"cg19387570_BC21",FALSE,TRUE
"cg20450412_TC21",FALSE,TRUE
"cg20425652_BC21",FALSE,TRUE
"cg20416335_TC21",FALSE,TRUE
"cg20399091_BC21",FALSE,TRUE
"cg20355559_TC21",FALSE,TRUE
"cg24867109_BC21",FALSE,TRUE
"cg24827964_TC21",FALSE,TRUE
"cg24827958_TC21",FALSE,TRUE
"cg26811731_BC21",FALSE,TRUE
"cg26794432_BC21",FALSE,TRUE
"cg13261504_BC21",FALSE,TRUE
"cg13224613_TC21",FALSE,TRUE
"cg12905887_BC21",FALSE,TRUE
"cg12901545_BC21",FALSE,TRUE
"cg12883521_BC21",FALSE,TRUE
"cg00268677_BC21",FALSE,TRUE
"cg00264917_BC21",FALSE,TRUE
"cg00245945_TC21",FALSE,TRUE
"cg00218160_BC21",FALSE,TRUE
"cg00217192_TC21",FALSE,TRUE
"cg12453927_TC21",FALSE,TRUE
"cg12450070_TC21",FALSE,TRUE
"cg12447878_BC21",FALSE,TRUE
"cg26220700_TC21",FALSE,TRUE
"cg01498845_TC21",FALSE,TRUE
"cg01462439_TC21",FALSE,TRUE
"cg20199032_TC21",FALSE,TRUE
"cg05209020_BC21",FALSE,TRUE
"cg03424194_TC21",FALSE,TRUE
"cg03416617_BC21",FALSE,TRUE
"cg25898183_TC21",FALSE,TRUE
"cg26691511_TC21",FALSE,TRUE
"cg19839895_BC21",FALSE,TRUE
"cg19838036_TC21",FALSE,TRUE
"cg16210939_TC21",FALSE,TRUE
"cg16140060_BC21",FALSE,TRUE
"cg21134168_TC21",FALSE,TRUE
"cg14581724_BC21",FALSE,TRUE
"cg14581608_TC21",FALSE,TRUE
"cg01543594_BC21",FALSE,TRUE
"cg27533483_TC21",FALSE,TRUE
"cg27454291_TC21",FALSE,TRUE
"cg27413065_TC21",FALSE,TRUE
"cg13396556_TC21",FALSE,TRUE
"cg26376235_BC21",FALSE,TRUE
"cg07771841_BC21",FALSE,TRUE
"cg27358993_BC21",FALSE,TRUE
"cg27337631_TC21",FALSE,TRUE
"cg23733799_TC21",FALSE,TRUE
"cg23703750_TC21",FALSE,TRUE
"cg23689867_TC21",FALSE,TRUE
"cg23680419_BC21",FALSE,TRUE
"cg23674106_TC21",FALSE,TRUE
"cg23673141_BC21",FALSE,TRUE
"cg23668544_BC21",FALSE,TRUE
"cg25171362_TC21",FALSE,TRUE
"cg09060500_TC21",FALSE,TRUE
"cg09049563_TC21",FALSE,TRUE
"cg08990069_TC21",FALSE,TRUE
"cg19944162_BC21",FALSE,TRUE
"cg26090720_BC21",FALSE,TRUE
"cg26040035_BC21",FALSE,TRUE
"cg25981613_TC21",FALSE,TRUE
"cg05330492_TC21",FALSE,TRUE
"cg05166822_TC21",FALSE,TRUE
"cg05152671_TC21",FALSE,TRUE
"cg08354590_TC21",FALSE,TRUE
"cg08346484_BC21",FALSE,TRUE
"cg08333351_TC21",FALSE,TRUE
"cg08304923_TC21",FALSE,TRUE
"cg08293031_BC21",FALSE,TRUE
"cg08292200_BC21",FALSE,TRUE
"cg08292182_TC21",FALSE,TRUE
"cg08290123_BC21",FALSE,TRUE
"cg08285694_BC21",FALSE,TRUE
"cg08281878_TC21",FALSE,TRUE
"cg08249504_BC21",FALSE,TRUE
"cg08248731_TC21",FALSE,TRUE
"cg08238111_TC21",FALSE,TRUE
"cg08208109_BC21",FALSE,TRUE
"cg08183811_TC21",FALSE,TRUE
"cg08174558_TC21",FALSE,TRUE
"cg08141747_BC21",FALSE,TRUE
"cg08129957_BC21",FALSE,TRUE
"cg08125620_BC21",FALSE,TRUE
"cg08110438_TC21",FALSE,TRUE
"cg08107793_BC21",FALSE,TRUE
"cg08087970_BC21",FALSE,TRUE
"cg08087649_TC21",FALSE,TRUE
"cg08086524_BC21",FALSE,TRUE
"cg09122882_BC21",FALSE,TRUE
"cg18617569_TC21",FALSE,TRUE
"cg24594370_BC21",FALSE,TRUE
"cg23593055_BC21",FALSE,TRUE
"cg23583585_BC21",FALSE,TRUE
"cg23578580_TC21",FALSE,TRUE
"cg23575868_BC21",FALSE,TRUE
"cg23570496_BC21",FALSE,TRUE
"cg23562590_TC21",FALSE,TRUE
"cg23555160_TC21",FALSE,TRUE
"cg23552257_BC21",FALSE,TRUE
"cg23547512_TC21",FALSE,TRUE
"cg23544972_TC21",FALSE,TRUE
"cg23534917_TC21",FALSE,TRUE
"cg23534392_TC21",FALSE,TRUE
"cg21291477_BC21",FALSE,TRUE
"cg21275849_TC21",FALSE,TRUE
"cg25384230_TC21",FALSE,TRUE
"cg07256260_BC21",FALSE,TRUE
"cg07255685_TC21",FALSE,TRUE
"cg07211655_BC21",FALSE,TRUE
"cg07196691_BC21",FALSE,TRUE
"cg07193557_BC21",FALSE,TRUE
"cg07186267_BC21",FALSE,TRUE
"cg07150819_TC21",FALSE,TRUE
"cg07146709_TC21",FALSE,TRUE
"cg07146681_BC21",FALSE,TRUE
"cg07145727_TC21",FALSE,TRUE
"cg07144735_TC21",FALSE,TRUE
"cg07144309_BC21",FALSE,TRUE
"cg07144262_TC21",FALSE,TRUE
"cg07143980_BC22",FALSE,TRUE
"cg07143063_TC21",FALSE,TRUE
"cg07141147_TC21",FALSE,TRUE
"cg07138478_BC21",FALSE,TRUE
"cg07137747_TC21",FALSE,TRUE
"cg07135561_TC21",FALSE,TRUE
"cg07131022_TC21",FALSE,TRUE
"cg07126993_BC21",FALSE,TRUE
"cg07093189_TC21",FALSE,TRUE
"cg07069362_TC21",FALSE,TRUE
"cg07045284_BC21",FALSE,TRUE
"cg10193057_TC21",FALSE,TRUE
"cg17297210_BC21",FALSE,TRUE
"cg09379288_BC21",FALSE,TRUE
"cg09372169_TC21",FALSE,TRUE
"cg09370113_BC21",FALSE,TRUE
"cg09370073_BC21",FALSE,TRUE
"cg09362021_TC21",FALSE,TRUE
"cg09356937_TC21",FALSE,TRUE
"cg09355615_BC21",FALSE,TRUE
"cg09309187_BC21",FALSE,TRUE
"cg09305731_BC21",FALSE,TRUE
"cg09226916_TC21",FALSE,TRUE
"cg26503662_TC21",FALSE,TRUE
"cg13578333_TC21",FALSE,TRUE
"cg13530060_TC21",FALSE,TRUE
"cg13511521_TC21",FALSE,TRUE
"cg13500123_BC21",FALSE,TRUE
"cg02125539_BC21",FALSE,TRUE
"cg07903581_TC21",FALSE,TRUE
"cg01806603_BC22",FALSE,TRUE
"cg01789188_BC21",FALSE,TRUE
"cg01694427_BC21",FALSE,TRUE
"cg01688168_TC21",FALSE,TRUE
"cg01685792_BC21",FALSE,TRUE
"cg01669477_BC21",FALSE,TRUE
"cg19596775_TC21",FALSE,TRUE
"cg19581822_TC21",FALSE,TRUE
"cg19576163_BC21",FALSE,TRUE
"cg19571849_BC21",FALSE,TRUE
"cg25213015_BC21",FALSE,TRUE
"cg25209555_TC21",FALSE,TRUE
"cg22474401_BC21",FALSE,TRUE
"cg08551865_BC21",FALSE,TRUE
"cg17161270_TC21",FALSE,TRUE
"cg17149558_BC21",FALSE,TRUE
"cg17145354_BC21",FALSE,TRUE
"cg12608830_TC21",FALSE,TRUE
"cg18657125_BC21",FALSE,TRUE
"cg10235822_BC21",FALSE,TRUE
"cg14350776_BC21",FALSE,TRUE
"cg21331055_TC21",FALSE,TRUE
"cg06579375_TC21",FALSE,TRUE
"cg17411034_BC21",FALSE,TRUE
"cg17374804_BC21",FALSE,TRUE
"cg17362555_BC21",FALSE,TRUE
"cg17362554_TC21",FALSE,TRUE
"cg17332985_TC21",FALSE,TRUE
"cg16233796_TC21",FALSE,TRUE
"cg19340272_TC21",FALSE,TRUE
"cg19309067_TC21",FALSE,TRUE
"cg22496455_BC21",FALSE,TRUE
"cg22264734_TC21",FALSE,TRUE
"cg22117124_TC21",FALSE,TRUE
"cg16571880_BC21",FALSE,TRUE
"cg16571311_BC21",FALSE,TRUE
"cg26594745_TC21",FALSE,TRUE
"cg15288980_TC21",FALSE,TRUE
"cg15284484_TC21",FALSE,TRUE
"cg15282980_TC21",FALSE,TRUE
"cg15273847_BC21",FALSE,TRUE
"cg15271001_TC21",FALSE,TRUE
"cg15270901_BC21",FALSE,TRUE
"cg15267103_TC21",FALSE,TRUE
"cg15258045_BC21",FALSE,TRUE
"cg15217306_BC21",FALSE,TRUE
"cg22598619_BC21",FALSE,TRUE
"cg11537356_BC21",FALSE,TRUE
"cg02817587_TC21",FALSE,TRUE
"cg02816590_BC21",FALSE,TRUE
"cg02772182_BC21",FALSE,TRUE
"cg02769878_BC21",FALSE,TRUE
"cg02765938_TC21",FALSE,TRUE
"cg02765286_BC21",FALSE,TRUE
"cg02765203_TC21",FALSE,TRUE
"cg02765132_TC21",FALSE,TRUE
"cg02739051_BC21",FALSE,TRUE
"cg02737768_BC21",FALSE,TRUE
"cg02733909_BC21",FALSE,TRUE
"cg02725709_BC21",FALSE,TRUE
"cg02713509_TC21",FALSE,TRUE
"cg02706239_TC21",FALSE,TRUE
"cg02705377_TC21",FALSE,TRUE
"cg02701629_TC21",FALSE,TRUE
"cg02700954_TC21",FALSE,TRUE
"cg02696594_BC21",FALSE,TRUE
"cg02694237_BC21",FALSE,TRUE
"cg02693435_TC21",FALSE,TRUE
"cg25471226_BC21",FALSE,TRUE
"cg25470822_TC21",FALSE,TRUE
"cg25470820_BC21",FALSE,TRUE
"cg25470494_BC21",FALSE,TRUE
"cg25465645_BC21",FALSE,TRUE
"cg25463594_BC21",FALSE,TRUE
"cg25462535_TC21",FALSE,TRUE
"cg25461636_TC21",FALSE,TRUE
"cg25458919_BC21",FALSE,TRUE
"cg25458876_BC21",FALSE,TRUE
"cg25455903_TC21",FALSE,TRUE
"cg25424713_TC21",FALSE,TRUE
"cg07405435_TC21",FALSE,TRUE
"cg07400682_BC21",FALSE,TRUE
"cg07391329_BC21",FALSE,TRUE
"cg07276579_BC21",FALSE,TRUE
"cg16313353_TC21",FALSE,TRUE
"cg20331219_TC21",FALSE,TRUE
"cg14770025_TC21",FALSE,TRUE
"cg14769579_BC21",FALSE,TRUE
"cg14769347_BC21",FALSE,TRUE
"cg14762996_TC21",FALSE,TRUE
"cg14759600_BC21",FALSE,TRUE
"cg14758187_TC21",FALSE,TRUE
"cg14755130_BC21",FALSE,TRUE
"cg14755043_TC21",FALSE,TRUE
"cg14748869_BC21",FALSE,TRUE
"cg14738262_BC21",FALSE,TRUE
"cg14736417_TC21",FALSE,TRUE
"cg14735053_BC21",FALSE,TRUE
"cg14730744_BC21",FALSE,TRUE
"cg14722854_BC21",FALSE,TRUE
"cg14711706_BC21",FALSE,TRUE
"cg19367666_TC21",FALSE,TRUE
"cg19367254_TC21",FALSE,TRUE
"cg19366562_TC21",FALSE,TRUE
"cg19366559_BC21",FALSE,TRUE
"cg05822274_BC21",FALSE,TRUE
"cg05821049_BC21",FALSE,TRUE
"cg05817891_TC21",FALSE,TRUE
"cg05816099_BC21",FALSE,TRUE
"cg16070477_BC21",FALSE,TRUE
"cg16070138_BC21",FALSE,TRUE
"cg16034516_TC21",FALSE,TRUE
"cg22881075_TC21",FALSE,TRUE
"cg22825973_TC21",FALSE,TRUE
"cg17738047_TC21",FALSE,TRUE
"cg17275131_TC21",FALSE,TRUE
"cg17273347_BC21",FALSE,TRUE
"cg17253804_BC21",FALSE,TRUE
"cg17242419_BC21",FALSE,TRUE
"cg17241896_TC21",FALSE,TRUE
"cg17237510_BC21",FALSE,TRUE
"cg17234732_BC21",FALSE,TRUE
"cg17155276_BC21",FALSE,TRUE
"cg03358610_TC21",FALSE,TRUE
"cg00812802_BC21",FALSE,TRUE
"cg00804554_BC21",FALSE,TRUE
"cg22581273_TC21",FALSE,TRUE
"cg22575253_TC21",FALSE,TRUE
"cg22570978_BC22",FALSE,TRUE
"cg11653671_BC21",FALSE,TRUE
"cg22742043_TC21",FALSE,TRUE
"cg26157222_TC21",FALSE,TRUE
"cg18036241_TC21",FALSE,TRUE
"cg18009391_TC21",FALSE,TRUE
"cg21426200_BC21",FALSE,TRUE
"cg26668298_BC21",FALSE,TRUE
"cg14843845_TC21",FALSE,TRUE
"cg14808307_TC21",FALSE,TRUE
"cg14800815_BC21",FALSE,TRUE
"cg14800292_BC21",FALSE,TRUE
"cg06738893_BC21",FALSE,TRUE
"cg06733761_TC21",FALSE,TRUE
"cg06723377_TC21",FALSE,TRUE
"cg20879395_BC21",FALSE,TRUE
"cg20876871_BC21",FALSE,TRUE
"cg20854018_TC21",FALSE,TRUE
"cg06010373_BC21",FALSE,TRUE
"cg17075402_BC21",FALSE,TRUE
"cg13752229_BC22",FALSE,TRUE
"cg13751834_BC21",FALSE,TRUE
"cg13737978_BC21",FALSE,TRUE
"cg13737344_TC21",FALSE,TRUE
"cg13737197_TC21",FALSE,TRUE
"cg13730913_TC21",FALSE,TRUE
"cg13720986_TC21",FALSE,TRUE
"cg13720941_BC21",FALSE,TRUE
"cg13708985_TC21",FALSE,TRUE
"cg13674738_TC21",FALSE,TRUE
"cg00356643_BC21",FALSE,TRUE
"cg17753292_TC21",FALSE,TRUE
"cg17745639_TC21",FALSE,TRUE
"cg02880653_TC21",FALSE,TRUE
"cg05030759_BC22",FALSE,TRUE
"cg16900851_BC21",FALSE,TRUE
"cg18348858_BC21",FALSE,TRUE
"cg14846193_BC21",FALSE,TRUE
"cg18143140_BC21",FALSE,TRUE
"cg18138554_TC21",FALSE,TRUE
"cg18135718_BC21",FALSE,TRUE
"cg18100846_TC21",FALSE,TRUE
"cg18093851_TC21",FALSE,TRUE
"cg18082846_TC21",FALSE,TRUE
"cg18076461_BC21",FALSE,TRUE
"cg18069430_TC21",FALSE,TRUE
"cg18055948_BC21",FALSE,TRUE
"cg18054399_BC21",FALSE,TRUE
"cg18045702_TC21",FALSE,TRUE
"cg19632853_BC21",FALSE,TRUE
"cg19612934_TC21",FALSE,TRUE
"cg00198498_TC21",FALSE,TRUE
"cg00185747_BC21",FALSE,TRUE
"cg27067385_BC21",FALSE,TRUE
"cg27026849_TC21",FALSE,TRUE
"cg27024505_TC21",FALSE,TRUE
"cg26986786_BC21",FALSE,TRUE
"cg26985254_TC21",FALSE,TRUE
"cg26969896_BC21",FALSE,TRUE
"cg26959659_TC21",FALSE,TRUE
"cg01372237_BC21",FALSE,TRUE
"cg24154675_BC21",FALSE,TRUE
"cg13821623_TC21",FALSE,TRUE
"cg13820033_BC21",FALSE,TRUE
"cg13810650_BC21",FALSE,TRUE
"cg13799608_TC21",FALSE,TRUE
"cg13793176_TC21",FALSE,TRUE
"cg13784184_TC21",FALSE,TRUE
"cg13777212_BC21",FALSE,TRUE
"cg13772521_BC21",FALSE,TRUE
"cg13771335_BC21",FALSE,TRUE
"cg13762315_BC21",FALSE,TRUE
"cg13760303_BC21",FALSE,TRUE
"cg16651359_TC21",FALSE,TRUE
"cg16651040_BC21",FALSE,TRUE
"cg18723148_TC21",FALSE,TRUE
"cg18695054_TC21",FALSE,TRUE
"cg18679733_BC21",FALSE,TRUE
"cg02908405_TC21",FALSE,TRUE
"cg26190969_BC21",FALSE,TRUE
"cg12041479_BC21",FALSE,TRUE
"cg22681104_TC21",FALSE,TRUE
"cg25023703_TC21",FALSE,TRUE
"cg24991332_BC21",FALSE,TRUE
"cg04806460_TC21",FALSE,TRUE
"cg04688079_TC21",FALSE,TRUE
"cg10293141_BC21",FALSE,TRUE
"cg10291606_BC21",FALSE,TRUE
"cg10271178_TC21",FALSE,TRUE
"cg10269908_TC21",FALSE,TRUE
"cg10267265_TC21",FALSE,TRUE
"cg10262875_BC21",FALSE,TRUE
"cg10254911_BC21",FALSE,TRUE
"cg10254830_TC21",FALSE,TRUE
"cg15023176_BC21",FALSE,TRUE
"cg15021842_BC21",FALSE,TRUE
"cg15016816_BC21",FALSE,TRUE
"cg15016331_BC21",FALSE,TRUE
"cg15016248_TC21",FALSE,TRUE
"cg15009472_TC21",FALSE,TRUE
"cg15006663_BC21",FALSE,TRUE
"cg14995209_TC21",FALSE,TRUE
"cg14988073_BC21",FALSE,TRUE
"cg14982644_TC21",FALSE,TRUE
"cg14973978_TC21",FALSE,TRUE
"cg14917963_BC21",FALSE,TRUE
"cg14894951_TC21",FALSE,TRUE
"cg14882223_TC21",FALSE,TRUE
"cg04136063_BC21",FALSE,TRUE
"cg06036503_TC21",FALSE,TRUE
"cg10718239_TC21",FALSE,TRUE
"cg10717263_TC21",FALSE,TRUE
"cg10717162_TC21",FALSE,TRUE
"cg10711714_TC21",FALSE,TRUE
"cg10704822_TC21",FALSE,TRUE
"cg10692629_BC21",FALSE,TRUE
"cg12677469_TC21",FALSE,TRUE
"cg09795931_TC21",FALSE,TRUE
"cg18173112_BC21",FALSE,TRUE
"cg18150100_BC21",FALSE,TRUE
"cg18894631_TC21",FALSE,TRUE
"cg18882082_BC21",FALSE,TRUE
"cg18860522_TC21",FALSE,TRUE
"cg18751155_BC21",FALSE,TRUE
"cg14387554_BC21",FALSE,TRUE
"cg12261963_TC21",FALSE,TRUE
"cg12254356_BC21",FALSE,TRUE
"cg12232697_BC21",FALSE,TRUE
"cg12222758_BC21",FALSE,TRUE
"cg12155585_TC21",FALSE,TRUE
"cg04478529_BC21",FALSE,TRUE
"cg04478111_BC21",FALSE,TRUE
"cg04476181_TC21",FALSE,TRUE
"cg04474996_TC21",FALSE,TRUE
"cg04445312_TC21",FALSE,TRUE
"cg04443582_TC21",FALSE,TRUE
"cg19465208_TC21",FALSE,TRUE
"cg10480901_BC21",FALSE,TRUE
"cg10478202_TC21",FALSE,TRUE
"cg10450803_BC21",FALSE,TRUE
"cg10449046_BC21",FALSE,TRUE
"cg10446077_BC21",FALSE,TRUE
"cg10445648_BC21",FALSE,TRUE
"cg10445617_BC21",FALSE,TRUE
"cg10434295_BC21",FALSE,TRUE
"cg10430614_TC21",FALSE,TRUE
"cg10419998_BC21",FALSE,TRUE
"cg10414833_BC21",FALSE,TRUE
"cg10403835_BC21",FALSE,TRUE
"cg10400117_TC21",FALSE,TRUE
"cg10399777_TC21",FALSE,TRUE
"cg10391732_TC21",FALSE,TRUE
"cg10314363_BC21",FALSE,TRUE
"cg22409101_TC21",FALSE,TRUE
"cg22409089_TC21",FALSE,TRUE
"cg22366385_TC21",FALSE,TRUE
"cg04356342_BC21",FALSE,TRUE
"cg04267960_BC21",FALSE,TRUE
"cg04231562_TC21",FALSE,TRUE
"cg04202033_BC21",FALSE,TRUE
"cg19049574_BC21",FALSE,TRUE
"cg19048236_BC21",FALSE,TRUE
"cg12809103_BC21",FALSE,TRUE
"cg12722065_TC21",FALSE,TRUE
"cg09916505_TC21",FALSE,TRUE
"cg03321394_BC21",FALSE,TRUE
"cg13855600_TC21",FALSE,TRUE
"cg22912317_BC21",FALSE,TRUE
"cg22899789_TC21",FALSE,TRUE
"cg26343370_BC21",FALSE,TRUE
"cg26316715_BC21",FALSE,TRUE
"cg19034925_TC21",FALSE,TRUE
"cg18998287_BC21",FALSE,TRUE
"cg17919307_BC21",FALSE,TRUE
"cg17910357_TC22",FALSE,TRUE
"cg23526337_TC21",FALSE,TRUE
"cg23491974_BC21",FALSE,TRUE
"cg23429094_BC21",FALSE,TRUE
"cg23427080_BC21",FALSE,TRUE
"cg23424535_TC21",FALSE,TRUE
"cg23414585_BC21",FALSE,TRUE
"cg26275349_BC21",FALSE,TRUE
"cg14426497_TC21",FALSE,TRUE
"cg14426356_TC21",FALSE,TRUE
"cg14423252_TC21",FALSE,TRUE
"cg14423191_TC21",FALSE,TRUE
"cg14420990_TC21",FALSE,TRUE
"cg14420379_TC21",FALSE,TRUE
"cg14420342_BC21",FALSE,TRUE
"cg14416861_TC21",FALSE,TRUE
"cg14414657_BC21",FALSE,TRUE
"cg14410693_TC21",FALSE,TRUE
"cg19712094_TC21",FALSE,TRUE
"cg14639138_TC22",FALSE,TRUE
"cg14609892_TC21",FALSE,TRUE
"cg14607126_TC21",FALSE,TRUE
"cg14605316_BC21",FALSE,TRUE
"cg14598993_TC21",FALSE,TRUE
"cg17439466_TC21",FALSE,TRUE
"cg17429695_BC21",FALSE,TRUE
"cg17424931_BC21",FALSE,TRUE
"cg17424900_BC21",FALSE,TRUE
"cg17416118_BC21",FALSE,TRUE
"cg17412755_BC21",FALSE,TRUE
"cg22428975_TC21",FALSE,TRUE
"cg03940323_BC21",FALSE,TRUE
"cg13347912_TC21",FALSE,TRUE
"cg15749032_TC21",FALSE,TRUE
"cg15733731_TC21",FALSE,TRUE
"cg15727777_TC21",FALSE,TRUE
"cg15723332_TC21",FALSE,TRUE
"cg15719989_BC21",FALSE,TRUE
"cg15715582_BC21",FALSE,TRUE
"cg15712372_BC21",FALSE,TRUE
"cg19121028_TC21",FALSE,TRUE
"cg19110466_BC21",FALSE,TRUE
"cg19057793_BC21",FALSE,TRUE
"cg19057722_TC21",FALSE,TRUE
"cg01998325_TC21",FALSE,TRUE
"cg01998280_BC21",FALSE,TRUE
"cg01975175_BC21",FALSE,TRUE
"cg01934475_BC21",FALSE,TRUE
"cg25337323_BC21",FALSE,TRUE
"cg25329182_TC21",FALSE,TRUE
"cg25327370_TC21",FALSE,TRUE
"cg15688280_BC21",FALSE,TRUE
"cg15608407_TC21",FALSE,TRUE
"cg15591634_TC21",FALSE,TRUE
"cg22951363_TC21",FALSE,TRUE
"cg23816481_TC21",FALSE,TRUE
"cg18504834_TC21",FALSE,TRUE
"cg18504335_TC21",FALSE,TRUE
"cg18501380_BC21",FALSE,TRUE
"cg18497639_BC21",FALSE,TRUE
"cg18476596_TC21",FALSE,TRUE
"cg17955312_BC21",FALSE,TRUE
"cg17953970_BC21",FALSE,TRUE
"cg14168581_TC21",FALSE,TRUE
"cg14147607_BC21",FALSE,TRUE
"cg19776055_BC21",FALSE,TRUE
"cg25292285_BC21",FALSE,TRUE
"cg26405637_TC21",FALSE,TRUE
"cg04124354_BC21",FALSE,TRUE
"cg04019140_BC21",FALSE,TRUE
"cg09463228_TC21",FALSE,TRUE
"cg20603003_BC21",FALSE,TRUE
"cg00972806_TC21",FALSE,TRUE
"cg25659260_BC21",FALSE,TRUE
"cg25659259_BC21",FALSE,TRUE
"cg26756114_BC21",FALSE,TRUE
"cg26748828_BC21",FALSE,TRUE
"cg10820000_BC21",FALSE,TRUE
"cg23142152_BC21",FALSE,TRUE
"cg24886244_TC21",FALSE,TRUE
"cg24886243_BC21",FALSE,TRUE
"cg24884074_BC21",FALSE,TRUE
"cg24882449_TC21",FALSE,TRUE
"cg24881445_BC21",FALSE,TRUE
"cg15496974_BC21",FALSE,TRUE
"cg15490932_TC21",FALSE,TRUE
"cg15487619_BC21",FALSE,TRUE
"cg15485517_BC21",FALSE,TRUE
"cg15480207_BC21",FALSE,TRUE
"cg15470479_BC21",FALSE,TRUE
"cg15470134_TC21",FALSE,TRUE
"cg15466124_TC21",FALSE,TRUE
"cg15463066_TC21",FALSE,TRUE
"cg15462090_TC21",FALSE,TRUE
"cg15451433_BC21",FALSE,TRUE
"cg15449240_TC21",FALSE,TRUE
"cg15449164_BC21",FALSE,TRUE
"cg15442552_TC21",FALSE,TRUE
"cg15440838_BC21",FALSE,TRUE
"cg15439543_TC21",FALSE,TRUE
"cg15432476_TC21",FALSE,TRUE
"cg15429012_BC21",FALSE,TRUE
"cg15425740_BC21",FALSE,TRUE
"cg15425098_TC21",FALSE,TRUE
"cg15424034_BC21",FALSE,TRUE
"cg15423909_BC21",FALSE,TRUE
"cg15420549_BC22",FALSE,TRUE
"cg15418699_TC21",FALSE,TRUE
"cg15416909_BC21",FALSE,TRUE
"cg15403941_BC21",FALSE,TRUE
"cg15398131_BC21",FALSE,TRUE
"cg15394916_TC21",FALSE,TRUE
"cg15376133_TC21",FALSE,TRUE
"cg15373351_BC21",FALSE,TRUE
"cg15367201_TC21",FALSE,TRUE
"cg15360346_TC21",FALSE,TRUE
"cg15327036_TC21",FALSE,TRUE
"cg15304584_TC21",FALSE,TRUE
"cg15303520_TC21",FALSE,TRUE
"cg15300624_TC21",FALSE,TRUE
"cg15300343_TC21",FALSE,TRUE
"cg01396954_TC21",FALSE,TRUE
"cg01396903_BC21",FALSE,TRUE
"cg01396839_BC21",FALSE,TRUE
"cg01396678_TC21",FALSE,TRUE
"cg01391544_TC21",FALSE,TRUE
"cg01391052_BC21",FALSE,TRUE
"cg01390338_TC21",FALSE,TRUE
"cg01390014_TC21",FALSE,TRUE
"cg25655745_BC21",FALSE,TRUE
"cg25653391_BC21",FALSE,TRUE
"cg25639395_TC21",FALSE,TRUE
"cg25639181_TC21",FALSE,TRUE
"cg25639171_TC21",FALSE,TRUE
"cg25639142_TC21",FALSE,TRUE
"cg25639061_TC21",FALSE,TRUE
"cg17776680_TC21",FALSE,TRUE
"cg09430917_BC21",FALSE,TRUE
"cg13953050_BC21",FALSE,TRUE
"cg17281195_BC21",FALSE,TRUE
"cg17227825_TC21",FALSE,TRUE
"cg01899909_BC21",FALSE,TRUE
"cg01898877_TC21",FALSE,TRUE
"cg01898679_BC21",FALSE,TRUE
"cg01898537_BC21",FALSE,TRUE
"cg01889798_BC21",FALSE,TRUE
"cg01889743_TC21",FALSE,TRUE
"cg01885332_BC21",FALSE,TRUE
"cg01882316_BC21",FALSE,TRUE
"cg01882138_TC21",FALSE,TRUE
"cg01881412_TC21",FALSE,TRUE
"cg01880641_TC21",FALSE,TRUE
"cg01879322_TC21",FALSE,TRUE
"cg01878935_TC21",FALSE,TRUE
"cg01877646_TC21",FALSE,TRUE
"cg01876903_BC21",FALSE,TRUE
"cg01876597_BC21",FALSE,TRUE
"cg01876533_TC21",FALSE,TRUE
"cg01874408_BC21",FALSE,TRUE
"cg01873629_TC21",FALSE,TRUE
"cg01873582_BC21",FALSE,TRUE
"cg01873141_BC21",FALSE,TRUE
"cg01870849_TC21",FALSE,TRUE
"cg01870732_TC21",FALSE,TRUE
"cg01866855_TC21",FALSE,TRUE
"cg01866288_TC21",FALSE,TRUE
"cg01866107_TC21",FALSE,TRUE
"cg01864108_BC21",FALSE,TRUE
"cg01863958_BC21",FALSE,TRUE
"cg01863076_TC21",FALSE,TRUE
"cg01861138_BC21",FALSE,TRUE
"cg01857212_BC21",FALSE,TRUE
"cg01855294_BC21",FALSE,TRUE
"cg01853893_TC21",FALSE,TRUE
"cg01850304_TC21",FALSE,TRUE
"cg01840539_TC21",FALSE,TRUE
"cg05515829_BC21",FALSE,TRUE
"cg09660364_BC21",FALSE,TRUE
"cg09517722_BC21",FALSE,TRUE
"cg13613690_TC21",FALSE,TRUE
"cg16713716_TC21",FALSE,TRUE
"cg16711972_BC21",FALSE,TRUE
"cg16710910_TC21",FALSE,TRUE
"cg16670737_BC21",FALSE,TRUE
"cg20543198_BC21",FALSE,TRUE
"cg20519777_TC21",FALSE,TRUE
"cg20519770_BC21",FALSE,TRUE
"cg20501426_TC21",FALSE,TRUE
"cg20501306_BC21",FALSE,TRUE
"cg20652733_TC21",FALSE,TRUE
"cg20651832_TC21",FALSE,TRUE
"cg20644839_BC21",FALSE,TRUE
"cg20639461_BC21",FALSE,TRUE
"cg20624042_TC21",FALSE,TRUE
"cg24959106_BC21",FALSE,TRUE
"cg24931553_TC21",FALSE,TRUE
"cg24925463_BC21",FALSE,TRUE
"cg01922035_TC21",FALSE,TRUE
"cg17874814_TC21",FALSE,TRUE
"cg17859627_TC21",FALSE,TRUE
"cg17850617_TC21",FALSE,TRUE
"cg21238449_BC21",FALSE,TRUE
"cg21236492_TC21",FALSE,TRUE
"cg21233942_BC21",FALSE,TRUE
"cg21213074_BC21",FALSE,TRUE
"cg21175881_TC21",FALSE,TRUE
"cg21171595_TC21",FALSE,TRUE
"cg21170060_TC21",FALSE,TRUE
"cg21169140_TC21",FALSE,TRUE
"cg06169334_TC21",FALSE,TRUE
"cg06143993_BC21",FALSE,TRUE
"cg06136056_BC22",FALSE,TRUE
"cg06131151_BC21",FALSE,TRUE
"cg14055399_TC21",FALSE,TRUE
"cg14047243_BC21",FALSE,TRUE
"cg14046705_BC21",FALSE,TRUE
"cg14032770_BC21",FALSE,TRUE
"cg14032050_BC21",FALSE,TRUE
"cg14015213_BC21",FALSE,TRUE
"cg14014947_TC21",FALSE,TRUE
"cg14004257_TC21",FALSE,TRUE
"cg14003546_TC21",FALSE,TRUE
"cg14001651_TC21",FALSE,TRUE
"cg12923565_TC21",FALSE,TRUE
"cg12923504_BC21",FALSE,TRUE
"cg12922754_TC21",FALSE,TRUE
"cg12921183_BC21",FALSE,TRUE
"cg12919128_BC21",FALSE,TRUE
"cg12915209_TC21",FALSE,TRUE
"cg12914401_TC21",FALSE,TRUE
"cg12912014_BC21",FALSE,TRUE
"cg12910605_BC21",FALSE,TRUE
"cg12908349_BC21",FALSE,TRUE
"cg12189572_BC21",FALSE,TRUE
"cg12183491_BC21",FALSE,TRUE
"cg12174991_BC21",FALSE,TRUE
"cg12173050_BC21",FALSE,TRUE
"cg12171275_TC21",FALSE,TRUE
"cg12029463_BC21",FALSE,TRUE
"cg12020422_TC21",FALSE,TRUE
"cg11981959_TC21",FALSE,TRUE
"cg11981957_TC21",FALSE,TRUE
"cg11976215_TC21",FALSE,TRUE
"cg11925483_BC21",FALSE,TRUE
"cg02020658_BC21",FALSE,TRUE
"cg11314927_TC21",FALSE,TRUE
"cg11310651_TC21",FALSE,TRUE
"cg11287014_TC22",FALSE,TRUE
"cg11277686_BC21",FALSE,TRUE
"cg11268442_TC21",FALSE,TRUE
"cg11048611_TC21",FALSE,TRUE
"cg11039926_BC21",FALSE,TRUE
"cg25063731_BC21",FALSE,TRUE
"cg27619016_TC21",FALSE,TRUE
"cg27619015_BC21",FALSE,TRUE
"cg27604044_BC21",FALSE,TRUE
"cg16719267_TC21",FALSE,TRUE
"cg27236052_TC21",FALSE,TRUE
"cg15981871_BC21",FALSE,TRUE
"cg02271274_BC21",FALSE,TRUE
"cg03592128_TC21",FALSE,TRUE
"cg03547718_BC21",FALSE,TRUE
"cg08907356_BC21",FALSE,TRUE
"cg08896741_TC21",FALSE,TRUE
"cg08895970_BC21",FALSE,TRUE
"cg20788369_TC21",FALSE,TRUE
"cg20787893_TC21",FALSE,TRUE
"cg20787203_TC21",FALSE,TRUE
"cg20773708_BC21",FALSE,TRUE
"cg25769401_TC21",FALSE,TRUE
"cg02410361_TC21",FALSE,TRUE
"cg02409490_BC21",FALSE,TRUE
"cg02396948_BC21",FALSE,TRUE
"cg15212383_TC21",FALSE,TRUE
"cg15209487_BC21",FALSE,TRUE
"cg15208461_BC21",FALSE,TRUE
"cg15207756_BC21",FALSE,TRUE
"cg15187345_TC21",FALSE,TRUE
"cg15178977_BC21",FALSE,TRUE
"cg15178033_BC21",FALSE,TRUE
"cg15147326_BC21",FALSE,TRUE
"cg15130415_BC21",FALSE,TRUE
"cg16551628_BC21",FALSE,TRUE
"cg16551624_BC21",FALSE,TRUE
"cg13027761_TC21",FALSE,TRUE
"cg13011005_BC21",FALSE,TRUE
"cg12967881_TC21",FALSE,TRUE
"cg22076126_BC21",FALSE,TRUE
"cg25862060_BC21",FALSE,TRUE
"cg25825269_BC21",FALSE,TRUE
"cg25804054_TC21",FALSE,TRUE
"cg03740604_BC21",FALSE,TRUE
"cg03690656_BC21",FALSE,TRUE
"cg03664313_TC21",FALSE,TRUE
"cg03650710_TC21",FALSE,TRUE
"cg03644933_BC21",FALSE,TRUE
"cg03640669_BC21",FALSE,TRUE
"cg21653646_TC21",FALSE,TRUE
"cg18140075_BC21",FALSE,TRUE
"cg02154802_BC21",FALSE,TRUE
"cg16595484_BC21",FALSE,TRUE
"cg13553498_BC21",FALSE,TRUE
"cg12938488_BC21",FALSE,TRUE
"cg02413370_BC21",FALSE,TRUE
"cg20672999_BC21",FALSE,TRUE
"cg12172208_BC21",FALSE,TRUE
"cg04937939_TC21",FALSE,TRUE
"cg17302069_BC21",FALSE,TRUE
"cg03714235_BC21",FALSE,TRUE
"cg05573019_BC21",FALSE,TRUE
"cg00635513_TC21",FALSE,TRUE
"cg01314555_TC21",FALSE,TRUE
"cg13790797_TC21",FALSE,TRUE
"cg16344227_BC21",FALSE,TRUE
"cg05675648_TC21",FALSE,TRUE
"cg04276669_BC21",FALSE,TRUE
"cg15460536_BC21",FALSE,TRUE
"cg25859812_BC21",FALSE,TRUE
"cg03331344_BC21",FALSE,TRUE
"cg23810434_TC21",FALSE,TRUE
"cg27477134_TC21",FALSE,TRUE
"cg20384240_BC21",FALSE,TRUE
"cg10651775_BC21",FALSE,TRUE
"cg07743467_TC21",FALSE,TRUE
"cg11867084_TC21",FALSE,TRUE
"cg00426855_TC21",FALSE,TRUE
"cg14963812_BC21",FALSE,TRUE
"cg07190752_BC21",FALSE,TRUE
"cg13484596_TC21",FALSE,TRUE
"cg10040969_BC21",FALSE,TRUE
"cg23988827_TC21",FALSE,TRUE
"cg21657334_TC21",FALSE,TRUE
"cg25882682_TC21",FALSE,TRUE
"cg21510704_TC21",FALSE,TRUE
"cg23319289_TC21",FALSE,TRUE
"cg06700122_BC21",FALSE,TRUE
"cg12419290_TC21",FALSE,TRUE
"cg16576302_TC21",FALSE,TRUE
"cg25990860_TC21",FALSE,TRUE
"cg12268003_BC21",FALSE,TRUE
"cg24585729_TC21",FALSE,TRUE
"cg12853235_TC21",FALSE,TRUE
"cg06805914_TC21",FALSE,TRUE
"cg04030495_BC21",FALSE,TRUE
"cg13984798_BC21",FALSE,TRUE
"cg21005589_BC21",FALSE,TRUE
"cg08339682_TC21",FALSE,TRUE
"cg01905685_BC21",FALSE,TRUE
"cg09979701_TC21",FALSE,TRUE
"cg27239218_BC21",FALSE,TRUE
"cg10594913_BC21",FALSE,TRUE
"cg25338308_BC21",FALSE,TRUE
"cg09679376_BC21",FALSE,TRUE
"cg26320261_BC21",FALSE,TRUE
"cg25881399_TC21",FALSE,TRUE
"cg16152613_BC21",FALSE,TRUE
"cg14336116_TC21",FALSE,TRUE
"cg08432546_TC21",FALSE,TRUE
"cg07337288_BC21",FALSE,TRUE
"cg16610372_TC21",FALSE,TRUE
"cg03406786_TC21",FALSE,TRUE
"cg20433385_TC21",FALSE,TRUE
"cg04302810_TC21",FALSE,TRUE
"cg08374600_TC21",FALSE,TRUE
"cg00834587_BC21",FALSE,TRUE
"cg15491263_TC21",FALSE,TRUE
"cg11265104_TC21",FALSE,TRUE
"cg17935149_BC21",FALSE,TRUE
"cg08426604_BC21",FALSE,TRUE
"cg18707365_BC21",FALSE,TRUE
"cg01384410_BC21",FALSE,TRUE
"cg22633912_BC21",FALSE,TRUE
"cg06426753_TC21",FALSE,TRUE
"cg04104541_TC21",FALSE,TRUE
"cg00116583_BC21",FALSE,TRUE
"cg00049220_BC21",FALSE,TRUE
"cg00653063_TC21",FALSE,TRUE
"cg13939640_TC21",FALSE,TRUE
"cg26647555_TC21",FALSE,TRUE
"cg04955280_TC21",FALSE,TRUE
"cg21327413_BC21",FALSE,TRUE
"cg04974953_TC21",FALSE,TRUE
"cg12358172_TC21",FALSE,TRUE
"cg08010180_TC21",FALSE,TRUE
"cg08709408_TC21",FALSE,TRUE
"cg22144284_BC21",FALSE,TRUE
"cg16252448_BC21",FALSE,TRUE
"cg12962613_BC21",FALSE,TRUE
"cg08211903_TC21",FALSE,TRUE
"cg18211003_TC21",FALSE,TRUE
"cg18157505_TC21",FALSE,TRUE
"cg26358141_TC21",FALSE,TRUE
"cg23839081_TC21",FALSE,TRUE
"cg03983544_BC21",FALSE,TRUE
"cg19350536_TC21",FALSE,TRUE
"cg00002979_TC21",FALSE,TRUE
"cg02529432_BC21",FALSE,TRUE
"cg10666913_BC21",FALSE,TRUE
"cg26890676_BC21",FALSE,TRUE
"cg14815794_BC21",FALSE,TRUE
"cg05264256_TC21",FALSE,TRUE
"cg00815869_BC21",FALSE,TRUE
"cg20863789_BC21",FALSE,TRUE
"cg05662386_TC21",FALSE,TRUE
"cg14050225_TC21",FALSE,TRUE
"cg20501018_BC21",FALSE,TRUE
"cg22896071_TC21",FALSE,TRUE
"cg11411943_TC21",FALSE,TRUE
"cg24383382_TC21",FALSE,TRUE
"cg27574999_TC21",FALSE,TRUE
"cg26610077_BC21",FALSE,TRUE
"cg22901201_TC21",FALSE,TRUE
"cg20210000_TC21",FALSE,TRUE
"cg02147940_TC21",FALSE,TRUE
"cg11516678_TC21",FALSE,TRUE
"cg14787811_TC21",FALSE,TRUE
"cg21449902_TC21",FALSE,TRUE
"cg05851510_TC21",FALSE,TRUE
"cg13499810_TC21",FALSE,TRUE
"cg14445547_TC21",FALSE,TRUE
"cg07492055_TC21",FALSE,TRUE
"cg10253317_TC21",FALSE,TRUE
"cg21183070_TC21",FALSE,TRUE
"cg17674805_TC21",FALSE,TRUE
"cg14185105_TC21",FALSE,TRUE
"cg11761102_TC21",FALSE,TRUE
"cg05696762_TC21",FALSE,TRUE
"cg27320325_BC21",FALSE,TRUE
"cg11562689_BC21",FALSE,TRUE
"cg23349127_TC21",FALSE,TRUE
"cg10045891_BC21",FALSE,TRUE
"cg17545441_TC21",FALSE,TRUE
"cg12495598_BC21",FALSE,TRUE
"cg04704832_TC21",FALSE,TRUE
"cg26595581_TC21",FALSE,TRUE
"cg26595580_TC21",FALSE,TRUE
"cg15608766_TC21",FALSE,TRUE
"cg11383409_TC21",FALSE,TRUE
"cg19145344_TC21",FALSE,TRUE
"cg08306902_BC21",FALSE,TRUE
"cg23537462_BC21",FALSE,TRUE
"cg12863464_TC21",FALSE,TRUE
"cg17411855_BC21",FALSE,TRUE
"cg15727078_BC21",FALSE,TRUE
"cg18482979_TC21",FALSE,TRUE
"cg17461886_BC21",FALSE,TRUE
"cg15496975_TC21",FALSE,TRUE
"cg01869529_BC21",FALSE,TRUE
"cg01850115_BC21",FALSE,TRUE
"cg20524074_BC21",FALSE,TRUE
"cg17880013_TC21",FALSE,TRUE
"cg12909844_BC21",FALSE,TRUE
"cg03645944_TC21",FALSE,TRUE
"cg25639143_TC21",FALSE,TRUE
"nv-GRCh38-chr22-28696963-28696963-G-A_BC21",FALSE,TRUE
"ch.16.350833F_BC21",FALSE,TRUE
"ch.16.486323F_BC21",FALSE,TRUE
"ch.16.1297358F_BC21",FALSE,TRUE
"ch.16.1348776F_BC21",FALSE,TRUE
"ch.17.727943F_BC21",FALSE,TRUE
"ch.17.1348593F_BC21",FALSE,TRUE
"ch.18.502248F_BC21",FALSE,TRUE
"ch.19.299931F_BC21",FALSE,TRUE
"ch.10.19755226F_BC21",FALSE,TRUE
"ch.10.819441R_BC21",FALSE,TRUE
"ch.10.1159788F_BC21",FALSE,TRUE
"ch.13.90141398F_BC21",FALSE,TRUE
"ch.14.556710R_BC21",FALSE,TRUE
"ch.9.1675990R_BC21",FALSE,TRUE
"ch.9.2473665R_BC21",FALSE,TRUE
"ch.1.2378509R_BC21",FALSE,TRUE
"ch.7.111787F_BC21",FALSE,TRUE
"ch.7.13771440F_BC21",FALSE,TRUE
"ch.7.53629068R_TC21",FALSE,TRUE
"ch.7.1700983F_BC21",FALSE,TRUE
"ch.7.2667284R_BC21",FALSE,TRUE
"ch.7.2714749F_BC21",FALSE,TRUE
"ch.7.2839937F_BC21",FALSE,TRUE
"ch.8.214077F_BC21",FALSE,TRUE
"ch.8.343778F_BC21",FALSE,TRUE
"ch.8.870369R_BC21",FALSE,TRUE
"ch.8.2197061F_BC21",FALSE,TRUE
"ch.9.87682774F_BC21",FALSE,TRUE
"ch.2.224494R_BC21",FALSE,TRUE
"ch.2.1436611R_BC21",FALSE,TRUE
"ch.2.65692908F_BC21",FALSE,TRUE
"ch.12.26197F_BC21",FALSE,TRUE
"ch.12.1017720R_TC21",FALSE,TRUE
"ch.12.2538228F_BC21",FALSE,TRUE
"ch.12.2884988R_BC21",FALSE,TRUE
"ch.12.2920490F_BC21",FALSE,TRUE
"ch.12.2933188F_BC21",FALSE,TRUE
"ch.13.63716R_BC21",FALSE,TRUE
"ch.13.865492R_BC21",FALSE,TRUE
"ch.5.36486227R_TC21",FALSE,TRUE
"ch.5.1085870R_BC21",FALSE,TRUE
"ch.5.2320326F_BC21",FALSE,TRUE
"ch.1.2604911R_BC21",FALSE,TRUE
"ch.15.84621F_BC21",FALSE,TRUE
"ch.15.811911R_BC21",FALSE,TRUE
"ch.15.922567R_BC21",FALSE,TRUE
"ch.15.1160351F_BC21",FALSE,TRUE
"ch.22.734399R_BC21",FALSE,TRUE
"ch.10.125213076F_BC21",FALSE,TRUE
"ch.20.1534602F_BC21",FALSE,TRUE
"cg17817175_BC21",FALSE,TRUE
"cg17959161_BC21",FALSE,TRUE
"cg14981711_BC21",FALSE,TRUE
"cg25539259_TC21",FALSE,TRUE
"cg07542183_BC21",FALSE,TRUE
"cg16744127_BC21",FALSE,TRUE
"cg26576932_TC21",FALSE,TRUE
"cg23994835_TC21",FALSE,TRUE
"cg12886001_TC21",FALSE,TRUE
"cg12514310_BC21",FALSE,TRUE
"cg02708907_TC21",FALSE,TRUE
"cg14712907_TC21",FALSE,TRUE
"cg22576799_TC21",FALSE,TRUE
"cg01334487_BC21",FALSE,TRUE
"cg15004465_TC21",FALSE,TRUE
"cg15379214_TO21",FALSE,TRUE
"cg15349975_BC21",FALSE,TRUE
"cg25639060_BC21",FALSE,TRUE
"cg11996964_TC21",FALSE,TRUE
"cg18047914_TC21",FALSE,TRUE
